1,89.004,67.996,151.43,177.48,150.93,146.24,107.94,143.41,129,170.45,97.991,112.97,54.044,174.21,119.43,175.49,141,99.242,144.93,138.75,99.749,98,86,68,152.97,142.39,151,123.69,60.485
2,147,67,80,152,155,150,151,167,151,181,142,120,46,165,109,158,141,93,161,139,101,168,91,159,102,151,151,132,69
3,113,63.253,79.465,135,166,100,128.41,164,71.465,155.93,77.452,119.46,53.718,160,71.532,148,126,93,88.17,137,114.55,127.79,90.817,113.58,111.29,91,151,131.04,69
4,147,68,148,182,167,140,145,154,129,138,99,120,86,160,135,173,141,157,163,143,99,122,87,68,160,68,151,69,65
5,135,61,129,177,100,103,86,167,127,169,62,120,70,153,132,173,141,113,161,139,101,122,71,104,97,150,157,133,48
6,81,60,79,135,166,98,120,164,140,179,90,119,64,160,39,178,126,93,81,137,100,125,123,142,102,152,150,128,69
7,90,62,84,177,166,138,69,85,128,106,100,120,85,143,130,178,141,95,163,138,97,122,87,68,160,67,157,81,65
8,147,68,135,183,167,152,145,167,128,181,62,119,85,185,134,173,141,113,161,141,100,122,69,99,160,121,151,147,57
9,75,51,49,135,109,130,69,87,100,95,46,105,55,160,38,94,126,66,60,104,61,100,69,113,61,73,108,90,49
10,127,70,67,166,105,138,75,86,72,181,62,120,69,160,74,162,126,93,97,138,100,132,86,82,64,151,151,138,89
101,15,20,7,15,11,25,15,16,12,21,17,14,20,22,17,21,19,21,19,38,26,24,23,29,23,29,28,55,30
102,18,32,16,17,24,25,12,15,17,16,19,15,20,20,17,19,14,12,20,30,21,12,33,25,20,20,14,22,22
103,16,22,16,28,24,26,17,18,15,16,21,12,20,27,13,20,19,16,18,36,37,19,33,28,33,27,17,26,25
104,15,19,7,14,9,18,13,16,11,11,10,11,10,20,13,20,19,13,15,20,22,14,18,28,20,28,12,23,21
105,15,22,16,17,24,21,11,16,14,16,20,15,20,20,13,19,14,13,18,28,18,12,33,21,20,16,13,15,22
106,15,22,16,17,25,23,15,16,14,14,18,17,20,21,12,19,14,14,17,20,17,15,29,39,18,13,14,30,28
107,12,14,7,14,20,9,8,16,13,8,11,12,19,20,9,9,9,12,9,30,15,12,15,20,10,9,11,16,17
108,16,12,16,28,18,24,16,18,14,16,16,12,20,20,13,19,19,18,18,36,21,13,33,28,33,27,25,29,25
109,17,22,16,27,20,22,16,18,13,14,16,12,20,27,12,19,19,14,15,38,17,13,17,25,33,27,17,25,25
110,12,22,13,17,20,18,11,10,17,14,14,12,20,20,12,18,10,11,18,29,18,11,33,25,20,11,12,13,19
111,15,22,13,17,24,21,11,10,17,14,14,12,20,20,12,19,14,11,18,30,18,11,33,25,20,11,12,13,19
112,15,22,16,17,24,22,15,16,13,14,16,12,20,20,12,19,14,13,15,36,16,16,17,25,21,15,14,15,25
113,32,24,9,15,15,25,13,18,14,15,17,12,20,20,13,19,19,22,13,38,26,14,33,33,33,27,25,29,25
114,29,19,9,27,15,25,16,18,14,15,16,12,20,20,13,19,19,22,13,38,26,14,27,33,34,27,28,22,30
115,15,22,16,16,24,18,8,16,14,14,16,12,19,20,11,18,10,12,15,16,16,12,17,21,18,9,12,15,22
116,15,22,12,14,20,18,8,16,14,12,14,12,20,20,10,10,10,12,15,30,16,11,13,20,18,8,12,16,19
201,10,8,12,12,15,8,12,15,10,12,13,11,14,8,14,11,19,10,9,13,9,9,8,39,13,8,11,14,10
202,10,12,12,12,15,18,14,11,14,12,13,15,17,18,10,9,14,13,11,34,10,13,16,39,18,13,13,15,12
203,17.136,21.728,16.773,17.546,15,20,17,12,15,11,16,15,19.409,20.546,15.136,13,20,14.773,18.546,29.955,14.773,20.546,22,40,18,30.046,13,16,17.454
204,7,11.562,6,8,7,7,6.8541,14.562,7.5624,10.708,8.8541,7,8.4376,6.8541,8,9,8.1459,12,8,5,7,11,6,17.541,8.8541,8,10.292,10.854,9.5624
205,10,9,6,8,11,7,8,15,8,8,10,12,9,21,8,9,9,12,8,17,9,11,14,19,9,8,10,11,10
206,16.396,15.207,12.604,11.879,15,15.604,16.517,10.241,15,11.121,16,15,20,19.241,14.879,13,19.879,14.121,20.276,35,11.121,19,21.759,40,18.966,10,13.121,17.087,17
207,13.812,14.762,13.238,12.812,21.099,12.663,10.188,11.525,12.713,11,23.436,12,15.426,19.475,10.475,10,18.574,11.475,18.862,24.613,11.287,13,17.099,39,18,11,13,11.95,13.188
208,11.821,16.052,15.026,9.8208,15,18.616,14,10.41,14.795,15.078,13,13.41,20.205,23.462,12.821,12.642,15.026,13.41,13.026,33.41,10.642,13.436,16.821,39.205,19.026,11.821,13.205,18.283,17
209,10,13,12,9,10,9,6,15,9,11,14,12,11,9,10,8,10,9,14,11,9,13,7,39,13,8,11,13,10
210,10,13,12,9,10,7,6,15,6,11,12,9,9,9,10,11,10,9,9,10,8,13,8,29,14,8,11,11,10
211,13,22,16,12,14,21,14,12,14,19,13,15,20,25,15,11,16,14,19,21,13,15,20,40,20,19,12,17,17
212,13,22,16,9,12,19,14,12,14,19,13,13,20,24,14,11,14,13,11,24,13,14,31,26,20,11,11,17,16
213,15,24,19,13,15,21,14,12,14,27,13,15,21,33,16,19,19,15,17,35,17,19,20,40,23,15,14,31,17
214,13,15,17,20,15,15,17,12,15,12,16,15,19,19,14,13,20,14,15,20,11,19,22,40,22,20,13,16,17
215,7,8.2996,8.5991,8.8987,9,7.5991,6.2996,15,7,11,11.7,9,12,6,10,8,9,10.599,9,8,7,11,6,25.3,11,8,10,11,10
302,23,28,15,22,24,22,22,16,18,33,20,17,20,22,15,12,27,16,31,31,16,18,21,59,15,14,21,39,32
303,25,26,16,25,62,63,22,25,39,63,31,43,32,30,38,62,43,32,36,48,21,24,23,41,18,15,28,40,32
305,25,27,15,22,60,52,20,20,48,34,23,51,30,31,18,50,28,17,24,29,40,19,23,40,13,12,28,44,32
306,32,37,30,60,106,98,45,60,69,74,74,68,67,51,49,68,71,82,46,67,56,37,73,68,37,34,57,82,47
307,32,19,16,25,78,57,19,22,42,63,47,58,31,30,38,56,24,24,32,30,42,41,28,41,22,39,31,42,21
310,33,27,27,38,60,78,31,40,34,70,50,62,34,33,49,69,67,80,40,75,57,31,39,40,29,60,37,78,37
311,63,30,40,60,107,100,46,57,69,76,73,68,44,77,49,69,72,61,88,116,56,49,73,66,39,35,50,83,54
312,102,51,71,99,140,123,87,57,71,76,56,106,131,77,63,68,82,82,132,99,57,62,73,67,58,49,143,88,43
313,27,27,11,25,62,68,20,23,49,63,21,27,31,25,28,28,43,20,24,29,22,12,22,40,28,24,28,40,16
314,32,35,42,59,107,58,45,40,49,65,74,59,60,59,50,73,51,80,72,65,63,37,73,67,39,83,81,80,48
315,20.683,20,15.842,22,24,21.579,19,16,18,34,29,22.683,21,27.209,14,23,22.367,18.579,35.313,31,19.737,23.05,24.263,60,16,20,26,39.842,34
316,26,27,16,25,62,68,22,20,49,62,49,43,32,33,21,37,44,24,36,31,25,31,17,41,24,31,37,39,37
317,29,27,21,25,34,57,22,22,42,46,47,27,32,33,34,36,29,24,32,30,42,46,28,41,34,21,31,42,37
318,32,33,30,60,90,105,40,57,70,75,74,63,65,48,70,75,68,94,48,48,63,50,36,66,34,34,122,42,43
319,32,32,58,60,90,105,40,57,71,75,74,68,67,52,70,87,68,94,47,48,63,49,54,66,57,35,94,82,52
320,102,65,71,90,141,128,143,81,71,76,56,106,70,108,70,156,69,112,133,105,57,62,73,69,48,66,143,95,49
321,28,29,23,60,60,87,70,56,67,73,48,63,33,48,49,69,65,63,53,81,29,29,73,51,30,26,50,42,31
322,66,51,58,73,107,109,45,128,71,75,74,69,129,52,70,68,77,94,49,48,57,62,73,66,58,49,122,88,43
323,19,17,12,22,24,37,16,17,27,43,24,17,22,22,17,16,15,15,28,25,18,24,19,41,14,20,22,40,36
401,27,20,15,44,73,51,35,43,67,74,49,63,40,34,51,47,30,51,28,62,23,40,62,41,29,33,69,42,38
402,34,37,29,45,139,48,40,84,70,75,50,68,40,51,68,131,62,90,46,53,40,40,39,55,34,42,71,82,45
403,18.376,22.812,14,16.564,32.06,26.698,20.564,22,33.255,62,18.255,26.315,32.188,27.564,19.564,20,23,16.564,24.127,28.382,22.382,25.631,26.127,41,20,18.322,25.879,40,17.067
404,87,72,71,72,163,132,143,145,71,96,115,97,88,82,70,141,110,136,147,82,56,50,83,112,68,103,122,91,47
405,26,20,22,35,34,52,34,43,43,72,32,59,39,34,50,40,26,50,28,33,24,44,29,45,30,32,36,32,32
406,24.098,33.189,12.031,20.544,32.47,38.971,23.47,20.854,30.904,43.269,33.184,27,33.925,47.605,28.465,24.636,21.647,26.521,31.848,37.454,32.11,31.252,31,41,21.366,27.636,45.589,49.283,29.782
407,87,43,71,85,140,90,88,128,71,95,56,96,44,82,70,135,110,91,148,130,56,62,82,89,64,66,143,46,52
408,87,64,43,122,120,111,70,81,69,76,56,105,70,132,63,131,110,94,127,133,57,62,82,69,64,66,143,95,49
409,52,87,51,45,140,50,45,90,70,95,52,68,52,110,51,131,66,90,47,68,57,62,73,65,33,35,72,45,45
410,87,68,71,91,120,107,55,111,71,95,74,97,44,82,70,135,110,92,135,130,57,97,83,89,40,48,143,91,53
411,87,135,43,72,99,131,55,85,72,96,70,98,70,132,69,156,150,92,134,74,57,50,83,112,62,48,143,91,50
412,47,29,43,67,99,128,70,57,67,76,92,69,40,54,62,150,124,92,75,120,43,97,82,67,68,32,117,91,45
413,15,33,15,39,46,50,39,45,70,73,35,63,40,55,43,64,31,38,23,44,18,28,39,52,32,34,72,33,33
414,18,27,12,17,28,22,20,20,19,18,26,27,31,25,18,13,18,15,22,14,35,23,25,41,16,16,23,41,26
501,118.09,69.524,164.48,160.24,163,136.48,147.72,157,115,126.82,133.52,122,72.476,109.94,145.24,163,124,145.29,147.52,135.19,127,103,91,101.53,118.05,135.52,157.48,119.72,49.524
502,127,70,165,166,163,137,152,157,115,108,137,126,72,79,147,163,124,138,147,142,127,104,93,105,145,149,152,68,91
503,92,68,164,162,159,132,143,154,115,104,133,121,132,132,68,163,124,96,153,123,125,104,90,45,121,135,152,122,50
504,140,133,165,175,165,137,157,158,151,109,145,155,73,144,150,169,124,164,166,146,142,123,132,160,160,150,163,137,73
505,92,58,147,156,159,137,75,153,105,106,133,126,60,79,147,163,124,96,147,131,127,103,90,105,131,105,152,81,51
506,162,153,171,187,180,137,157,167,164,109,198,168,150,96,198,180,151,182,194,151,187,176,175,212,161,149,163,144,118
507,125,69,164,166,163,137,75,164,115,149,138,135,60,160,150,163,124,96,147,138,128,149,102,112,159,149,151,128,91
508,140,133,166,175,168,165,157,158,153,109,192,168,73,84,167,179,124,164,166,150,187,132,132,172,160,149,163,140,96
509,127.54,68,118,162,137.77,131.39,148.46,154,115,106.39,133,120.03,72.393,138.68,95.342,163,124,121.49,149.36,127.25,128.18,104,93,72.308,117.79,135,152,115,50
510,125,69,165,166,163,137,75,158,106,106,141,128,46,143,144,163,124,96,147,131,128,103,90,105,159,145,152,81,52
511,124,69,165,155,163,137,145,158,106,151,146,128,46,143,155,163,124,95,147,138,127,103,90,105,145,136,152,116,54
512,140,70,166,166,163,131,143,154,115,108,136,126,104,144,141,169,124,151,163,123,134,114,93,81,145,135,158,128,73
601,188,210,199,232,208,191,190,167,160,221,214,167,246,NaN,397,202,201,191,195,198,224,276,204,184,188,214,177,201,219
602,109,100,192,175,167,165,181,167,152,141,150,146,147,165,176,180,183,145,185,162,186,97,118,180,162,157,162,142,113
603,114.16,113.41,197.17,218.93,205.8,174.64,190.14,167,159.1,214.14,164.56,176.64,182.35,207.85,211.74,193.16,168.56,173.88,192.83,136.62,214.24,148.9,102.18,114.15,187.54,187.14,182,178.37,153.52
604,174,94,197,170,168,166,167,94,152,144,145,153,121,27,338,179,186,146,183,125,184,172,139,170,164,157,171,171,66
605,183,209,197,223,208,180,199,167,158,223,182,167,225,NaN,396,194,220,180,192,186,221,245,212,184,188,187,182,201,170
606,161.33,104.46,197,204.92,228.44,175.91,195.58,171.77,171.95,180.32,177.22,169.38,210.66,297.54,152.43,193.68,201.84,176.81,191.49,187.45,221.68,148.59,179.84,116,195.5,168.29,180.77,192.5,110.85
607,116,114,233,223,208,174,190,167,158,221,85,141,181,5,366,202,203,190,195,185,221,195,138,135,187,185,177,163,88
608,97,93,193,170,167,164,167,157,152,112,140,146,148,85,164,169,182,145,147,163,142,98,124,115,162,149,163,140,113
609,115,113.35,231.58,215.09,205.74,172.58,186.64,167,158.36,204.96,161.71,154.85,180.42,138.5,235.73,194.58,201.58,181,179.83,184.16,219.16,129.5,153.56,135.58,187,175.64,179,106.96,88.42
610,115,137.3,197,208.85,217.44,179.33,184.71,167,160.81,170.07,140,167.2,181.17,180.02,122.7,187.46,203.3,180,180.57,165.56,220.33,140.86,153.02,163.37,181,190.84,180.24,136.25,132.17
611,182,203,197,198,208,179,190,167,158,181,121,184,225,NaN,397,194,201,191,195,185,221,245,138,184,188,189,182,201,207
612,97,100,170,195.72,208,175,184,167,173.73,113,167,176.29,170.87,253.14,171.59,183,160.86,145,183.73,182,195.59,146.57,140.71,81.407,180.14,202.15,176,170.29,113
613,132.35,95.842,181.96,191.61,174.68,169.84,169.01,167,152.48,112.48,140,158.56,148,136.3,181.32,182.08,152.28,145,179.04,127.4,195.04,155.38,132.68,146.67,170.72,172.69,173.48,127.66,113
614,115,100,197,184,207,165,184,167,152,168,167,153,181,30,366,194,188,156,163,172,162,97,142,134,180,175,179,82,146
615,177,174,197,172,183,174,179,167,154,145,146,166,148,286,96,179,196,170,189,131,185,200,128,183,181,157,172,117,89
616,115,115,197,196,208,180,185,167,160,180,172,156,225,338,230,193,220,171,192,185,221,150,203,183,181,191,179,160,166
617,97,93,193,170,167,165,157,157,152,112,140,137,103,79,262,169,147,145,147,163,143,171,129,70,164,172,173,81,113
618,183,209,197,196,208,174,210,181,158,214,174,167,225,NaN,395,202,220,180,236,187,222,252,207,184,229,212,182,201,219
701,93,73,233,168,212,155,181,192,127,140,85,131,36,199,192,182,203,202,172,174,147,154,161,23,236,128,175,85,72
702,102,115,145,113,25,273,116,225,91,90,93,67,21,350,269,240,118,103,110,101,173,203,130,80,170,199,95,164,184
703,92,72,200,177,217,97,186,183,158,140,195,121,166,77,265,181,220,201,165,101,145,153,178,210,177,128,179,162,72
704,109,115,139,113,238,172,116,20,247,140,123,178,83,227,265,134,117,102,125,102,232,117,220,24,250,197,97,141,121
705,126,267,150,114,25,275,200,240,90,131,93,74,122,226,139,243,118,117,98,98,68,188,129,80,170,221,86,91,126
706,93,175,200,113,237,174,90,167,159,138,92,121,165,205,184,181,202,109,166,101,161,176,113,216,182,180,174,92,118
707,89.446,116.94,232.53,113,237.35,173.63,124,114.75,165.48,139.35,101.48,86.739,42.928,242.26,192.16,192.71,134.97,119.52,130.95,102.65,166.07,176.35,189.03,156.39,204.35,185.43,102.52,124.7,140.61
708,102,115,145,113,25,273,193,225,126,89,130,85,123,226,269,134,118,111,125,101,154,117,130,46,250,212,95,166,184
709,93,115,108,99,238,160,197,17,247,91,123,178,58,231,94,114,116,204,113,119,105,118,219,152,129,213,106,101,79
710,86,114,200,191,238,174,197,168,158,180,123,164,84,294,97,194,211,132,191,119,231,150,131,224,188,133,105,74,118
711,104.26,115.65,139.2,124.3,35.836,281.26,151.97,240,100.79,121.53,99.227,93.085,82.521,NaN,397.21,151.57,118.57,126.04,142.87,162.5,79.606,232.94,226.96,122.18,185.19,166.53,117,139.88,163.52
712,93,190,232,113,237,175,197,168,160,145,161,122,17,253,265,182,221,132,171,101,200,176,200,224,183,213,184,165,176
713,109.95,73.246,198.32,185.84,232.88,173.68,167,168,159.68,173.29,131.61,162.73,204.79,171.52,191.32,193.68,123.92,126.46,186.79,140.47,229.26,145.08,128.3,182.03,183,135.93,104.26,83.929,120.68
714,92,115,234,113,25,273,193,240,125,90,94,78,21,355,269,248,222,110,110,101,175,202,130,142,170,197,95,163,186
715,91,61,243,216,36,273,201,240,121,131,11,295,89,302,237,108,119,241,156,106,22,264,219,61,256,202,99,212,164
716,102,199,233,113,238,180,193,28,247,140,161,90,17,270,265,195,121,204,171,101,200,204,200,35,251,213,184,167,176
717,102,73,233,113,137,178,115,16,247,141,124,111,18,251,269,195,121,123,170,197,116,177,114,23,237,148,92,162,71
718,93.608,92.592,233,113,225.23,126.96,204,197,153.92,140,161,108.24,59.355,158.56,220,182,160.97,123.78,170.39,98.567,130.89,177,182.97,23,238.53,177.62,180.57,162.78,112.14
719,105,152,142,222,25,273,205,240,85,103,129,84,122,227,272,134,118,126,125,105,92,218,129,142,170,228,93,141,165
720,85,132,139,101,262,130,200,46,247,115,124,130,111,281,134,134,106,145,239,122,232,125,220,178,133,234,107,141,163
721,91,61,243,124,36,273,201,31,262,180,134,112,90,333,234,124,223,155,239,184,233,217,222,113,206,203,195,142,166
722,93,115,234,151,238,187,198,34,247,180,123,180,106,266,98,108,116,218,235,106,232,144,133,117,132,148,184,138,121
801,74.913,69.933,124.89,97.549,212.25,137.39,99.202,181.44,70.768,86.374,98.355,63.805,85.708,210.14,95.399,137.03,118.37,109.75,84.24,106.45,77.295,128.87,90.474,120.77,48.864,109.15,84.737,112.06,117.42
802,179.93,92.528,177.7,223.28,268.07,213.41,112.57,80.346,247.68,190.23,57.029,208.74,50.29,335.66,270.25,235.94,225.27,213.83,103.31,184.68,129.02,242.82,190.44,84.818,201.03,152.39,93.206,162.33,212.89
804,162.66,114.12,214,188.96,153.59,221.25,194.24,65.364,238.6,142.17,158.96,170.11,19.793,238.32,346.68,204.21,224,214,202.11,201.73,149.21,277.41,133.66,93.742,166.15,169.22,98,175.51,125.35
805,162.1,115.92,108.71,162.81,223.24,177.74,168.11,25.429,222.34,127.71,106.49,147.2,14.866,216.9,282.46,179.38,195.48,179.72,173.66,169.2,194.61,234.5,143.51,71.312,197.06,156.76,85.535,148.26,113.82
806,81,179,215,113,264,163,189,240,99,90,70,108,20,353,270,198,120,111,90,102,144,217,129,71,128,135,90,166,110
807,161,89,214,185,137,180,193,212,153,142,123,121,18,235,270,202,224,212,111,196,150,204,181,36,237,193,98,166,110
808,125,58,162,191,165,255,210,27,274,185,127,164,20,352,290,220,133,216,154,216,168,292,197,83,247,175,93,177,110
810,86,71,94,114,150,145,94,147,117,104,93,108,116,119,158,195,120,92,89,166,85,160,59,84,91,118,88,71,71
812,167,57,162,177,245,150,202,14,261,139,144,167,19,NaN,643,199,225,214,195,196,238,272,174,164,209,160,92,167,183
1001,160,70,170,175,223,144,177,172,129,138,146,140,149,171,192,181,182,123,165,219,144,199,117,165,183,172,171,151,71
1002,196,88,245,176,235,149,206,203,163,143,198,145,150,77,269,173,202,206,165,198,186,177,176,25,237,178,178,154,167
1003,190,72,170,146,222,103,195,166,163,184,190,113,147,174,190,187,187,167,165,175,115,164,139,70,144,120,163,150,70
1004,68,68,78,135,155,141,146,163,106,138,99,92,85,112,109,148,141,113,118,139,99,98,85,68,145,68,151,69,49
1005,88,98,198,169,199,155,167,167,82,140,127,132,73,93,184,172,220,113,166,178,159,176,130,208,175,170,172,83,71
1006,68.517,65.415,101.67,146.24,163.58,145.65,146,125.32,124.52,158.26,76.255,104.3,85.034,103.25,108,166.17,140.42,135.74,117,135.72,99,98,85,68,152.25,50,151,69,49
1007,90,57,195,156,166,153,146,84,107,106,55,121,85,96,147,152,174,145,148,142,99,86,89,68,163,67,152,87,44
1008,195,66,176,176,222,149,195,178,163,184,190,113,147,174,188,187,187,173,165,191,115,117,177,70,144,122,163,150,71
1009,93,74,200,168,235,155,183,192,93,137,127,152,112,77,265,172,219,113,166,165,115,150,161,106,180,169,164,84,73
1010,82,60,87,152,111,102,87,157,71,95,90,104,52,145,94,149,139,68,71,141,71,150,66,99,97,53,157,133,48
1011,78,68,78,153,155,141,145,163,106,181,99,119,85,161,135,148,141,157,160,139,100,114,85,68,160,120,151,70,49
1012,162,73,197,176,222,149,159,188,140,184,136,142,148,95,169,182,219,164,166,182,101,154,174,106,174,120,174,84,71
1013,176.82,145.37,231.98,183.88,233.08,171.85,198.73,191.08,172.51,166.25,155.86,157.09,182.34,NaN,294.63,182.34,189.88,219.76,205.12,211.76,203.33,215.04,181.31,126.03,203.1,196.18,190.16,185.79,180.76
1014,162,71,90,139,167,103,146,166,124,181,140,121,111,94,136,163,143,139,160,149,100,103,89,99,164,69,157,91,70
1015,147,60,164,146,111,100,87,160,70,125,92,102,52,75,165,159,150,118,105,141,71,150,86,136,105,121,159,145,48
1016,104.21,72,130.31,139,179.12,141.1,150.51,173.38,140.02,138.56,146.3,119.56,140.1,88.537,143.87,172.23,167.76,172.99,161.41,142.82,83.402,154.36,101.71,78.141,184.14,121,161.79,87.819,70
1017,163,66,199,176,222,148,183,189,142,141,136,141,168,77,265,186,219,173,166,182,101,103,173,106,173,170,163,84,71
1018,166,59,170,183,167,161,152,172,162,183,146,145,147,52,341,180,183,188,164,151,188,200,116,177,111,184,164,180,170
1019,162,79,168,139,167,100,146,166,124,181,94,121,111,95,136,168,164,139,161,151,100,120,89,100,174,69,152,91,70
1020,88,64,176,160,167,98,146,159,133,181,99,120,84,112,136,161,203,139,134,149,99,121,89,68,164,69,152,69,46
1101,171.37,175.82,119.37,195.89,210.08,266.48,167.21,23.365,287,132.73,126.26,157.97,53.535,321.95,282.06,293.48,139.63,265.43,202,141.63,120.12,274.16,130,163.75,177.92,207.02,116.73,215,201.38
1102,133.69,241.69,156.39,240,221.46,142.39,190.84,161.65,190.61,111.26,184.86,171.33,21.804,NaN,664.34,324.07,106,272.17,276.32,222.2,153.4,183.65,251.85,204,193.94,194.98,107.36,46.3,247.45
1103,172,155,120,153,214,178,180,36,277,132,164,115,17,387,304,288,152,173,202,241,153,299,238,210,164,222,117,44,292
1104,218.15,63.857,261.72,198.08,260.16,254.57,153.16,233.88,186.71,248.98,80.344,222.02,20.061,NaN,687.79,233.74,54.401,321,28.514,275.28,160.97,294.36,220.4,43.803,281.26,244.41,220.82,60.758,263.48
1105,213.84,202.63,140.72,220,246.52,254.42,145,244.93,243.54,126.26,169.18,122.52,30.547,361.91,279.94,288.26,104.22,322.64,51.597,255.34,152,281.09,227.97,215.11,181.92,186.84,112.23,44.164,281.77
1106,105,184.07,102.42,151.19,204.34,188.01,119.87,163.14,81.507,132.53,169.77,114.2,62.314,339.51,141.16,185.66,124.17,189.79,191.2,134.53,64.608,190,225.13,93.507,219.07,154.58,91.81,44.507,243.54
1107,105.17,152,113.69,117.57,89.13,201.35,114.05,22.766,287,76,137.52,116,116.13,206.62,217.13,170.21,106,121,191.42,136.4,119.23,168.11,124.39,117,73.766,144.81,98,141.3,102
1108,105,152,119,103,174,97,101,172,70,107,169,108,123,268,55,178,105,121,159,72,121,132,106,91,191,129,101,141,102
1201,87,72,60,72,159,132,63,146,71,95,93,126,148,83,71,141,124,94,128,122,56,115,83,93,115,67,146,91,48
1202,64,51,69,89,106,138,72,85,96,104,103,106,69,82,63,159,124,101,75,130,56,100,83,134,83,81,153,91,47
1203,87,68,71,72,105,132,55,145,71,96,95,98,49,83,69,158,124,92,78,75,57,97,83,94,96,67,143,91,49
1204,70,62,97,89,105,138,143,139,96,106,133,129,106,131,64,163,124,93,146,130,80,87,87,91,117,135,151,122,48
1205,133,52.483,105.62,153,105.39,138,101.63,112.03,121.08,132.53,104,121.13,60,69.6,147,165.43,124.61,95.392,156,137.08,79.108,103.61,89.433,108.85,92.675,96.208,153.96,81,48.825
1206,70,68,98,89,106,132,87,138,96,104,133,130,90,131,69,174,124,96,79,131,81,113,89,104,135,151,146,91,48
1207,70,55,71,72,105,138,55,133,72,96,103,106,49,131,63,158,124,110,78,130,44,97,86,83,98,82,141,91,47
1208,78,68,118,162,159,131,143,139,106,106,133,121,45,132,65,163,123,93,146,131,128,103,90,94,117,135,151,115,51
1209,92,68,97,163,159,132,143,138,115,104,133,129,133,132,74,164,124,94,78,123,125,104,88,105,135,136,152,75,48
1301,86,57,147,166,159,137,75,154,134,149,92,135,46,79,164,168,126,103,147,138,128,178,89,83,159,149,151,81,70
1302,127,69,105,147,166,138,81,154,125,157,92,120,85,160,130,168,126,95,161,138,99,98,90,83,160,158,151,81,51
1303,125,62,122,155,163,137,75,154,106,149,92,120,46,143,109,168,126,95,147,138,128,143,91,91,159,145,151,126,49
1304,127,68.332,123.77,157.31,161.32,138,98.226,131.44,126.33,153.27,78.595,120,51.627,137.11,103.53,171.32,126,93.332,91.691,138,69.931,122.71,85,104.24,110.77,114.25,151,94.59,53.323
1305,92,58,147,153,106,137,75,155,106,140,92,135,46,79,147,168,124,96,147,138,128,149,93,83,131,106,152,81,91
1306,124,52,97,136,105,138,70,145,125,129,104,120,64,134,50,158,125,94,97,137,44,103,85,83,101,81,152,78,50
1307,86,56,147,153,106,138,75,155,125,128,46,126,41,79,165,168,124,96,97,129,43,120,89,83,131,54,152,81,70
1308,69,54,49,152,98,98,47,86,101,75,92,120,37,75,50,169,124,93,60,102,43,100,83,83,60,55,151,125,69
1401,69,66,197,169,199,155,132,167,127,137,81,120,73,173,184,172,219,185,165,173,116,176,174,104,172,121,171,83,71
1402,133.53,74.197,190.56,164.06,184.81,139.28,153.34,165.15,94.482,152.3,163.77,131.74,136.39,129.97,205.89,176.57,205.77,146.71,145.61,170.3,124.23,165.43,132.94,121.95,166.46,85.895,164.51,79.147,66.631
1403,69,66,163,167,167,96,146,167,71,141,99,117,84,171,164,161,186,139,142,164,100,101,86,100,164,69,158,82,43
1404,174,84,197,171,168,166,157,167,82,137,90,120,85,167,169,172,186,146,105,183,149,173,129,175,166,150,167,83,72
1405,162,84,192,168,168,155,157,167,152,141,146,153,86,181,169,173,186,146,106,164,169,171,129,170,166,149,163,83,65
1406,158,82,192,112,166,153,146,167,138,106,55,121,87,99,168,81,174,145,148,165,129,87,89,70,163,120,158,81,49
1501,146,57,164,166,165,147,152,154,134,106,55,126,61,144,130,162,127,145,147,142,131,104,89,132,137,120,157,81,65
1502,127,67,122,155,166,140,81,154,106,106,92,120,85,143,70,168,126,96,147,130,128,98,100,69,160,112,151,81,49
1503,125,76.56,164,147.51,146.84,141.64,152,156.08,123.94,77.13,142.98,120.54,92.484,143,131,162.76,128.2,141.26,150.3,146.4,129.44,102.68,116.64,128.98,161,150.98,157,90.905,66.44
1504,146,75,164,166,166,139,157,154,134,106,101,125,87,144,130,171,141,145,134,142,131,104,89,128,137,120,157,81,65
1505,125,58,164,155,163,137,151,157,106,149,136,118,46,143,109,163,126,95,147,132,128,104,91,105,159,149,151,126,51
1506,134.52,79.378,164.14,165.54,164.28,165,152,167,152.54,152,150,148.7,145.86,83.896,173.72,170.4,131.5,149.9,163.96,161,173.1,132.6,126,180,160,167,151.84,129.68,117.22
1507,146,57,164,166,166,139,146,86,134,137,101,126,61,143,130,171,141,128,134,138,130,104,86,68,120,67,151,75,65
1508,125,62,164,155,164,139,155,154,106,149,138,148,46,143,131,148,126,138,156,134,128,98,119,105,161,149,151,81,65
1509,97,77,166,175,165,165,152,167,115,160,149,119,147,165,134,179,128,145,183,161,186,167,125,180,160,156,162,138,113
1601,134,67,170,175,166,164,157,167,153,152,151,165,149,97,167,169,128,180,168,161,187,172,126,170,160,167,163,140,118
1602,142.01,83.618,165.6,175,157.22,151.82,169.42,167,143.83,147.21,146.6,149.6,133.42,95.414,173.6,175.61,139.82,173.21,180.81,160,180.01,122.8,122.6,173.21,160,159.41,154.6,117.44,88.244
1603,171,94,170,182,206,165,181,167,164,145,150,174,181,0,366,180,184,182,192,163,206,177,126,181,161,191,168,82,80
1604,116.56,70,164,158.28,163.3,136.4,156.4,157,108.68,148.42,139.61,144,68.527,79,149.39,169,128,145,152.96,144.09,140.12,107.28,126,148.26,149.47,157.88,156.7,128,79.072
1605,152.79,117.68,183.41,170.94,174.91,152.82,170.44,167,153.59,152.59,189.32,167.76,166.79,77.462,282.85,176.13,145.82,180.59,176.5,162.59,211.91,156.7,126,176.91,160,172.16,162.59,82,105.43
1606,109,94,170,175,167,163,181,167,163,154,150,174,147,189,176,180,183,181,191,162,186,120,126,180,160,188,162,141,113
1607,134,67,165,166,166,137,157,157,115,152,134,146,72,84,167,169,124,151,166,146,186,132,126,149,160,149,163,137,96
1701,174,93,197,176,198,172,157,167,82,140,90,123,85,173,184,172,186,113,108,183,181,174,102,131,173,171,95,152,72
1702,152.26,96.321,197,159.55,188.36,168.32,165.93,150.81,140.41,117.2,124.05,147.67,86.464,98.896,210.09,181.61,174.93,174.81,147.25,130.73,190.79,163.99,111.08,155.93,161.25,151.23,156.66,133.29,72.3
1703,108.51,100,197,171.7,230.39,173,164.46,126.72,142.5,170.6,154.97,157.04,170.47,168.97,167.86,186.38,109.97,124.93,185.44,172.88,205.59,142.65,126.43,119.3,186.22,100.34,160.64,76,114.12
1704,174,85,197,108,198,157,157,163,82,137,84,123,72,105,184,172,167,113,105,165,146,150,167,131,168,149,167,83,46
1801,183,191,200,222,240,234,238,183,204,222,219,187,245,NaN,396,202,212,209,242,232,232,249,206,271,236,197,183,234,221
1802,168,191,200,215,240,234,246,13,247,222,220,181,246,NaN,395,202,212,230,242,186,232,276,205,86,251,198,183,212,221
1803,114,79,200,214,238,234,199,182,158,150,125,181,127,176,101,201,211,210,239,120,232,150,205,117,206,197,183,139,119
1804,117,126,234,215,263,249,205,46,247,150,246,180,16,NaN,644,202,211,230,208,186,232,218,205,184,207,189,184,201,121
1805,118,196,235,215,36,275,205,46,247,178,246,182,13,NaN,656,208,211,231,240,232,251,218,221,25,312,228,195,201,166
1806,144.2,43.632,283,215,40.316,273.82,222.78,69.316,255.86,222,261.18,181,13,NaN,660,208,225.54,226,242.36,222.87,255.68,258.35,224.05,23.591,312,231.54,195,212.41,191.38
1807,183,204,197,215,239,189,211,199,179,222,218,170,245,NaN,396,202,211,207,242,198,232,252,207,184,236,197,183,212,172
1808,183,115,197,215,238,187,211,197,158,222,182,170,225,NaN,395,194,211,207,236,199,231,252,202,184,229,197,183,209,173
1809,118,136,235,216,262,249,206,46,247,180,157,172,90,334,215,171,221,226,240,232,232,217,221,184,206,186,185,212,121
1901,52.794,21.357,60.72,67.929,93.36,94.788,44.074,66.72,51.498,69.929,78.724,61.215,38,34.502,35.502,65.572,77,43.286,65.646,46.215,36,46.077,81.929,47.357,23.929,35.289,67.363,69.582,42.643
1903,114,44,97,86,99,138,73,85,93,96,107,106,65,68,71,169,124,93,77,93,56,104,83,126,38,40,152,91,69
1904,45,30,45,66,73,89,55,57,66,70,53,105,54,51,41,78,75,91,53,75,36,54,81,48,31,75,50,43,42
1906,32,22,24,66,59,78,37,50,54,70,48,58,38,30,37,50,77,42,56,43,36,17,80,48,22,25,42,40,42
1907,29,34,27,65,88,55,55,56,69,72,39,62,33,30,52,74,50,45,38,44,23,47,66,51,30,32,112,43,45
1908,19,18,12,31,23,39,19,16,16,20,18,26,20,24,17,17,26,20,28,38,20,15,35,40,25,30,34,44,34
1909,64,52,88,69,113,89,72,57,93,76,98,106,64,61,71,170,124,93,73,124,44,100,82,127,38,41,152,91,113
2001,40,52,41,74,150,73,97,56,110,88,44,104,47,64,35,60,83,49,68,77,93,98,71,41,73,37,78,95,57
2002,120.05,67.054,102.52,187.37,200.21,116.05,149.66,118.31,130.17,106.87,77.393,159,94.649,178.6,111.14,103.28,181.08,107.55,177.76,72.371,161.94,180.6,103.57,123.91,114.59,100.06,120.22,139.15,141.8
2003,99.942,114.76,112.81,132.72,190.84,114.81,107.23,141.28,136.06,94.252,129.79,144.5,117.56,205.53,120.63,158.4,151.99,122.43,155.97,77,156.3,142.01,162.88,133.34,100.19,106.29,115.49,148.63,83.907
2004,122.47,71.456,84,179,186.6,124,119.63,129.54,95.647,108.63,146,134,129,137.46,112,141.25,183,124,178.16,115,145.46,194.47,142.46,169,110,179.1,119.54,113,124.9
2101,206,148,234,184,235,150,205,202,162,139,206,171,25,259,363,200,223,206,211,199,218,203,184,25,238,191,177,179,165
2102,197,90,227.84,184,250.63,168.54,197.97,110.42,207.67,145,130.66,170.56,17.35,NaN,439.73,202.68,223,205.35,206.52,187.61,237,264.82,161.58,100.79,225.19,186.93,146.84,194.19,182.12
2103,188,63,235,169,235,149,180,203,143,140,147,119,138,93,270,183,220,202,173,195,203,257,184,27,236,130,91,167,99
2104,197,89,235,169,230,149,206,205,171,142,147,111,16,236,269,183,224,212,197,197,218,280,200,38,236,186,93,167,183
2105,92,90,235,184,253,149,186,204,180,143,147,140,202,74,270,200,223,206,212,197,204,271,169,29,237,182,87,167,174
2106,118,86,245,169,235,149,186,196,152,140,206,140,187,81,270,172,220,123,165,196,217,225,169,27,237,177,178,167,168
2107,119,70,245,169,235,149,179,190,143,140,110,119,202,99,209,173,223,123,165,196,146,203,169,27,237,171,91,163,165
2108,194,76,235,184,212,155,200,198,154,140,165,120,200,180,209,183,187,227,170,199,173,167,174,27,253,169,179,165,72
2109,196,76,236,190,238,180,193,212,153,140,166,134,21,235,269,200,224,202,170,197,174,280,181,46,237,165,181,182,111
2110,215,148,145,222,270,193,204,181,194,180,207,171,17,NaN,641,207,222,247,211,199,248,258,184,24,238,131,213,211,182
2202,125.87,72.914,222.88,211.37,165.55,160.56,169.8,273.74,234,88.281,74.653,178.22,97.593,150,234.44,198.43,108.72,216.55,58.03,161.9,64,174.52,138.6,114.51,134.37,175.09,96.844,179.33,133.3
2203,131,115.77,250.09,217.71,38.646,284.7,243.71,309.06,221.95,132.65,11,295,105.15,NaN,433.74,279.14,228.82,278.53,82.74,263.86,44.214,308.46,227.23,253.33,229.22,206.03,197.82,231.75,220.83
2205,136.54,188.97,123,225.51,246,208.4,166.03,285.64,229.76,113.07,209.77,145.07,39.49,NaN,422.35,207,86.309,293,231.9,191.83,152.64,289.81,176.84,175.77,170.91,184.38,96.877,147.92,165.28
2206,188.32,207.33,162.23,187.67,180.75,235.03,186,188.19,311.22,91.196,186.83,193.81,30.366,NaN,444.22,249.79,103.89,254.67,229.97,198.92,126.03,243.92,183.43,208.5,195.88,164.45,97.774,44.891,198.69
2207,84,140,123,106,137,225,179,195,128,88,144,167,52,249,234,99,22,264,88,141,63,204,88,209,139,70,107,54,128
2208,83,112,162,94,131,155,85,272,78,81,93,57,82,209,108,132,82,112,93,71,58,122,129,130,81,130,89,93,163
2209,91,73,159,123,32,284,245,163,234,130,156,138,54,265,233,142,120,188,53,215,70,208,197,147,171,96,99,94,129
2301,65.376,67.549,51.641,105.82,107.54,91.186,59.283,65.819,68.19,85.641,61.367,116,83.199,78.81,98.393,86.646,137.66,48.274,145.05,104.18,87.194,145.77,97.38,145.21,74.916,54.367,77,54.916,68.456
2302,40,43,34,58,107,63,32,40,40,57,47,70,50,50,36,47,143,44,46,76,34,49,73,52,32,32,74,44,69
2303,169,71,78,145,167,162,151,130,73,105,147,134,66,81,170,178,163,123,172,104,144,188,92,164,104,123,119,132,59
2304,30,30,31,36,87,53,31,41,46,37,38,51,35,37,36,25,60,24,28,76,25,32,43,39,22,32,64,41,51
2305,44.885,39.245,40.278,96.718,79.421,85.663,54.174,80.439,66.554,53.27,42.375,73.091,46.927,84.944,37.113,90.241,112.69,40.904,49.157,103.39,61.731,58.971,54.299,82.216,37.738,36.651,85.58,64.205,49.355
2306,158.75,72.727,83.537,172.91,167,141.3,152.31,166.82,89.312,129.12,139.81,139.09,74.869,99.544,242.4,179.91,178.24,118.34,185,77,144.95,188,97.504,179.54,110.04,174.32,159.57,168.05,96.628
2308,27.641,39.325,35.749,83.636,72.117,59.736,46.857,32.814,50.857,48.117,69.355,81.779,33.576,41.411,53.074,70.944,88.333,43.455,60.182,66.823,49.498,46.584,45.563,100.3,40.455,52.312,55.455,58.693,42.584
2309,104.29,60.23,68.09,129.52,124.75,120.07,78.234,126.83,70.562,95.407,60.672,128.46,62.989,128.92,59.497,164.35,145.02,64.621,112.77,102.45,97.443,144.42,86.697,132.92,71.959,93.701,115.96,108.01,57.909
2310,166,69,49,145,164,124,81,123,72,105,63,133,81,81,113,178,153,100,172,104,144,189,94,159,79,97,119,138,59
2311,26,20,20,29,38,44,25,15,26,54,36,57,21,29,24,22,35,24,21,31,25,24,21,39,21,16,31,28,29
2312,106,71,82,168,167,124,152,130,72,131,111,134,76,80,112,180,163,100,185,77,145,188,107,164,104,170,119,130,98
2313,169,63.53,79.53,139.76,167,144.72,81,125,72.17,105,70.332,133.17,65.17,76.85,170,178,153,94.729,166.74,99.409,100.49,167.42,93.17,159,75.68,123,119,132,59
2315,63,62,49,135,100,132,81,143,67,76,95,106,64,153,39,100,124,68,156,104,112,98,88,159,62,97,119,90,68
2401,32.473,34.195,30.751,24.917,26.473,31.654,20.278,25.571,23,26.376,31.82,28.932,27.098,33.293,20.639,26.737,19.278,36.307,36.849,41.015,50.405,22.82,31.39,42.39,32.098,39.488,21.195,36.668,26.015
2402,21,10,12,18,23,11,14,10,20,11,30,11,16,21,16,10,20,16,12,38,15,16,14,40,14,20,11,15,17
2403,17,11,12,12,15,12,15,10,15,11,16,15,19,21,15,10,20,14,21,22,12,21,13,40,14,12,13,17,11
2404,15,15,12,10,23,11,15,10,14,11,28,11,19,21,15,10,20,14,21,31,13,14,12,40,14,12,13,15,11
2405,19,33,18,37,27,34,17,26,23,22,29,32,26,44,19,26,23,26,22,43,42,24,53,23,30,33,18,38,31
2406,19.266,27,20,29.133,25.833,22,18,16,15.433,18.133,20,18.399,24.266,31,17.7,24,22.567,22,22,27.833,28,21.567,34,41.567,33.197,19,14.867,21,21.433
2407,17,15,12,10,15,12,15,20,15,11,16,15,19,21,19,13,15,14,12,22,14,21,14,40,14,12,13,13,16
2408,31,31,14,22,42,31,17,23,23,17,36,19,25,25,20,26,20,27,40,25,40,22,35,41,26,35,24,26,20
2409,42.423,30.133,20,33.759,34.892,28.506,33.037,21.386,24.253,24.639,20,32.627,29,36.481,21,26,38.037,22,20.867,49.423,31.759,22,34.639,38.037,31.975,24.639,19,27.892,31.266
2410,23,27,14,26,15,24,18,13,23,22,34,15,25,31,16,25,18,36,18,40,25,25,19,40,24,22,13,21,20
2411,17,27,20,26,23,22,18,16,23,17,20,16,29,31,16,24,22,22,22,28,28,21,36,41,22,19,17,31,25
2501,113,50,50,134,98,101,72,56,67,75,92,64,59,65,38,74,124,47,72,93,37,40,83,97,35,78,76,90,50
2502,20.963,23.502,21.634,38.783,45.359,35.885,23.646,21.227,19.359,23.622,26.663,33.861,26.532,29.502,28.088,60.771,51.071,21.005,38.7,39.544,23.963,24.161,37.622,51.227,27.437,24.137,28.359,76.761,32.251
2503,54.483,48.107,49,71,98,114.86,44.322,71.752,60.01,69.731,89.893,76.138,50.698,73.591,38.473,79.698,116.1,43.946,71.054,98.795,38.688,80.128,64.762,62.215,46.332,60.01,87.182,68.708,50.376
2504,63,71,72,135,102,138,47,143,67,75,95,107,105,49,147,178,124,92,156,105,94,125,105,130,62,97,77,90,69
2601,73,81,91,76,218,122,57,146,56,42,68,50,84,129,80,97,72,113,64,101,65,116,110,98,78,65,81,78,143
2602,146.58,116.97,121.51,192.26,137.05,219.3,97.077,59.01,255.24,95.518,60.966,191.42,83.773,232.38,223.52,259.7,105.57,183.79,115.97,146.99,91.31,195.26,130.59,141.8,143.91,147.56,114.42,172.23,139.79
2603,161,106,92,206,85,191,96,241,60,59,153,78,84,229,152,103,87,156,70,115,119,186,126,143,90,82,111,211,157
2604,84,105,94,120,261,223,127,295,145,88,76,217,53,215,196,83,91,179,139,143,122,226,97,60,83,114,95,72,77
2701,24.159,25.412,14.682,14.159,19.206,19.447,15.841,12.159,17,34.3,17,33.365,20,21.841,15.318,12.159,13.523,14.318,22.112,24.841,13.318,15.318,24.206,39.159,15.206,26.664,28.365,38.318,28.888
2702,33,39,17,35,61,44,24,33,50,65,72,47,58,52,69,64,30,23,48,39,75,63,29,39,45,38,38,80,64
2703,32,19,14,29,23,39,19,17,26,37,17,31,24,27,16,29,27,22,50,40,18,15,36,39,26,30,31,41,35
2704,24,27,18,22,25,37,22,16,26,38,23,19,20,25,16,21,26,20,32,18,18,19,25,39,21,21,28,44,31
2706,62,39,17,35,61,34,31,40,72,65,53,47,27,48,68,64,32,24,66,43,56,78,36,38,46,48,38,80,46
2707,85,114,139,113,238,160,109,168,122,140,69,112,60,231,191,182,118,103,113,102,187,94,130,223,104,135,106,118,119
2708,16,20,15,21,13,25,16,13,17,21,17,17,19,25,17,20,19,22,19,34,26,26,25,59,18,29,25,50,23
2709,25,17,13,18,16,37,20,13,17,47,17,34,20,21,17,12,14,16,28,24,21,17,20,39,13,13,25,40,28
2710,62,25,17,35,28,34,19,33,24,38,49,26,34,35,56,32,28,20,46,39,51,22,27,59,27,28,31,47,62
2801,154,71,165,178,167,161,120,171,141,181,140,165,147,80,182,178,141,95,160,143,144,196,96,164,105,157,158,150,151
2903,194.9,185.3,174.07,177,244.1,173.44,204.32,185.94,186.84,178.01,131.52,153.68,17.007,356.57,241.25,191.07,212.1,215.28,216.03,208.77,232.95,199.4,199.47,21,243.16,164.75,130.38,174.78,178.29
2911,215,148,94.041,193.62,250,203.23,196,192.42,173.48,220.18,159.04,150.48,137.23,211.81,237,222.93,178.25,176.32,187.18,190.34,182.38,180,176.07,20.456,235.28,130,184.31,177.63,176.5
2912,204.68,148,170.07,182,228.34,163.97,194.41,177.39,148,169.29,147,151.7,16,238.68,233.39,172.52,168,182.4,185,193.95,230.86,192,166.98,21,237,129.48,172.17,161.72,159
2921,204,181,215,185,258,195,236,21,274,176,147,139,18,449,261,206,231,264,21,235,247,300,227,44,244,190,207,230,160
2926,204,181,121,177,229,142,203,181,148,176,147,131,16,257,242,196,210,191,182,215,234,193,208,21,237,131,121,177,158
2930,214,148,136,182,257,192,205,203,193,218,127,170,17,423,247,231,206,221,190,177,236,192,185,21,237,130,206,178,174
3004,162.62,173.64,118,192,235.48,160,135.36,154.34,151.88,135,131.32,132.74,34.243,191.78,193.86,171.7,162.68,164.78,171.88,174.24,205.62,180.46,141.44,66.128,206.45,160.22,138.33,154.62,151.78
3005,183.38,128.48,133.42,164.08,182.66,118.35,157.86,158,135.72,128.56,111.29,132.69,37.309,256.96,174.98,135.11,139.04,120.35,150.79,165.85,157.6,174.27,115.09,71.818,170.03,123.13,146.27,145.99,122.46
3006,126,155,186,169,177,126,119,175,148,90,109,109,182,104,196,173,153,188,153,178,217,186,129,143,163,114,156,138,158
3007,43,45,33,39,93,62,54,35,83,79,65,67,27,55,36,95,75,67,72,73,115,131,44,105,81,110,70,114,51
3008,136.19,117.99,76.329,135.04,152.81,126.46,102.26,118.43,126.66,115.32,93.958,112.41,82.149,66.414,124.31,121.78,155.08,121.85,129.39,99.483,135.49,120.85,107.3,140.75,77.734,126.38,78.063,121.28,90.716
3013,43,44,33,37,93,73,57,35,97,80,65,67,27,55,30,86,106,50,72,73,85,138,42,83,82,113,45,114,51
3014,168,95,73,145,143,130,166,150,125,89,85,110,63,148,175,114,110,67,149,143,107,151,83,153,77,130,77,130,75
3015,214.06,148,157.74,170.47,214.1,206.18,187.54,170.23,169.2,216.94,110.93,126,107.37,205.04,216,184.59,177.01,153.56,152,195.3,215.65,188.01,160,19.942,235.88,130,117.04,177.41,161.88
3016,61.155,135.23,119.02,96.787,148.17,115.34,145.03,69.185,136,87.126,105.31,116,51.961,60.417,71.087,142.88,116.24,65.252,71.447,77,163.85,154.32,100.09,102.86,118.15,108.73,131.58,128.71,117.5
3017,115.09,91.971,78.057,147.37,111.2,73.168,93.638,146.51,118.17,84.794,88.356,114.36,53.029,93.578,81.6,89.029,152.03,83.489,135,77,117.77,139.6,85.692,94.778,102.17,115.52,71.01,126,59.86
3018,55,63,46,84,84,70,58,35,124,81,76,111,35,55,45,44,64,55,72,77,58,87,51,83,74,69,44,60,41
3019,215,202,197,200,239,134,145,152,161,218,172,170,16,234,236,208,168,191,185,199,226,192,187,21,238,186,180,176,161
3020,135,170,143,169,177,125,179,77,148,90,146,135,152,104,197,173,132,188,165,178,190,184,129,116,163,113,156,138,153
3022,118,119,187,144,154,119,158,144,136,79,85,125,145,102,148,150,153,120,135,121,171,141,120,116,121,113,122,138,153
3023,215,155,197,186,223,211,171,156,149,213,146,126,27,395,237,172,174,226,180,179,177,262,168,165,116,145,176,168,195
3027,215,181,198,200,223,133,165,174,148,222,146,138,16,234,222,185,173,191,184,194,209,172,175,20,238,130,77,166,154
3028,41,63,64,63,98,107,61,35,100,79,68,103,54,33,55,94,61,68,73,76,165,119,41,105,96,95,71,123,59
3031,215,142,193,180,223,211,171,166,148,221,109,125,23,249,222,183,161,127,152,160,192,204,147,24,238,130,150,156,147
3101,56,53,42,79,94,73,49,41,97,44,40,67,43,55,45,86,67,54,61,73,107,49,73,83,62,85,70,47,57
3102,47.6,44.164,20,31,65.182,51.964,34.855,24,49.109,33.418,49.691,35,29.418,29.582,29.582,45.455,47.618,35.582,38.982,73.418,57.618,45.436,40,66.436,47.291,61.273,33.582,43.236,38.745
3109,43,44,21,36,44,62,39,34,97,32,64,44,27,32,30,78,61,36,52,73,97,36,40,83,40,95,30,67,39
3124,39.467,60.65,52,59.2,75.75,73,39,36.4,85.967,63.833,60.35,44,42.483,48.317,32.617,65.684,98.967,79,107.37,72.617,53.117,61.317,78.834,67.517,43,62.534,60.65,69.967,46.65
3125,27,45,20,36,51,38,43,24,26,38,29,44,29,45,26,57,41,54,32,44,34,57,42,84,43,28,34,35,38
3129,43,44,29,33,93,71,44,40,97,32,65,45,23,57,30,86,69,50,52,73,76,84,44,83,59,68,45,74,52
