1,7.7533,6,4.2511,9,4,5,5.2511,5.7489,4,11.247,8,5.4978,6,4,3.7489,4.5022,5.0044,5.5022,6,7,5.2511,7,7,3.5022,4.2511,6,5.2511,5,7.2511
2,6,6,4,5,4,4,5,6,4,10,8,3,4,4,4,4,8,4,6,10,6,7,6,3,8,6,4,5,8
3,6,10,4.4647,5,4,3.9295,5,5,4.5353,9.5353,8,3,6,4,4.0705,5,8,4.4647,6.5353,9.141,5.5353,7,5.3942,3,8,6,4,5,8
4,6,4,4,9,4,5,5,5,5,6,5,7,6,2,3,4,4,5,5,7,6,4,6,3,4,6,6,5,4
5,8,6,5,5,4,5,5,6,5,6,8,6,4,4,5,5,4,4,6,5,6,5,9,3,8,7,4,5,6
6,6,11,5,4,4,3,7,6,6,10,10,3,6,3,5,6,9,4,7,6,10,7,4,3,8,6,5,5,7
7,9,7,6,9,4,5,6,6,5,9,5,9,7,2,4,5,8,5,6,7,6,7,7,5,8,6,5,6,7
8,4,5,3,5,4,5,5,4,4,12,7,6,4,4,4,4,3,3,3,7,8,8,7,3,7,6,5,5,6
9,5,10,5,4,7,4,12,7,6,13,9,5,4,3,5,6,5,5,7,6,10,7,6,5,8,6,5,5,7
10,10,10,4,5,4,5,4,5,4,9,7,3,5,4,3,5,6,5,6,6,5,7,6,3,8,6,4,5,4
101,20,10,11,13,16,13,12,17,14,23,19,9,13,9,17,25,20,13,13,14,12,16,11,9,18,26,15,16,12
102,22,9,7,6,10,11,10,18,10,13,11,10,12,9,7,9,11,11,11,9,10,8,8,9,14,10,10,7,8
103,22,10,7,6,10,13,11,15,10,13,11,10,11,9,14,11,16,15,12,10,10,16,11,7,13,10,11,14,9
104,24,19,16,20,16,23,19,22,14,19,20,13,15,18,18,25,20,15,15,13,12,20,13,19,21,20,16,14,19
105,15,9,7,6,10,11,11,12,10,13,11,10,13,9,14,10,16,15,11,10,11,12,11,9,14,10,13,8,9
106,11,13,13,8,6,9,12,10,13,14,12,10,12,8,7,10,9,8,11,13,14,7,11,9,13,9,12,8,10
107,15,13,12,9,9,12,18,17,13,20,16,11,11,9,10,11,19,12,13,18,15,9,12,14,13,16,16,8,9
108,22,10,11,12,10,13,18,20,10,13,17,10,14,10,14,15,16,15,12,12,11,16,11,9,14,11,15,14,9
109,11,13,11,6,9,10,10,13,13,12,10,10,12,7,14,15,20,11,11,12,12,10,11,7,13,10,10,9,9
110,15,9,8,8,9,11,12,17,10,15,15,10,13,9,7,11,19,12,11,10,11,9,8,8,13,10,13,7,8
111,15,9,8,8,10,11,12,17,10,15,13,10,14,9,7,11,19,12,11,10,11,9,8,8,13,10,12,7,8
112,22,14,11,6,9,13,18,12,13,13,11,10,14,9,14,11,17,15,11,12,14,16,8,9,14,10,12,9,9
113,22,10,11,11,9,11,9,17,10,13,15,10,12,8,14,19,17,15,13,12,11,13,12,9,17,11,16,14,12
114,21,10,12,12,10,11,12,17,10,14,15,10,12,8,14,19,20,15,13,12,12,15,12,14,17,11,16,14,9
115,15,11,12,9,9,11,12,11,13,11,13,10,13,9,7,12,11,11,11,12,14,9,11,9,13,10,15,8,12
116,15,11,12,9,9,10,12,17,14,15,13,10,13,8,10,11,19,11,11,12,14,9,11,9,12,10,10,8,9
201,28,17,25,16,11,17,19,25,15,16,23,24,16,18,16,20,17,16,32,18,29,26,32,18,25,28,13,20,15
202,10,10,14,10,10,11,13,14,14,20,13,12,9,12,12,12,14,14,14,19,13,10,14,10,25,19,10,6,14
203,7.2272,8.2272,6.4545,6.4545,4,7,9,7,9.2272,5.909,8.2272,11.227,6.2272,8.909,7.4545,7,9,6,7.6817,10.454,9,6,8,7.1362,8,13,12.227,5.6817,6.6817
204,22.708,12.438,24.396,17.167,15,16.292,21,24.125,21.292,27,19.438,19.729,15,32.271,18,38.791,20.146,16.146,22.417,16.583,32,26,32,20,26,19,29.417,39.583,43.958
205,20,11,18,10,10,13,18,18,21,17,17,12,12,15,13,37,20,14,18,18,15,21,20,17,26,17,16,13,16
206,7.8793,8,13.276,5,7.8793,9.1207,13,7,14.276,8.7585,9.8793,12,6.1207,11.396,7.7585,9,9,6,10,9,9,5.8793,11.638,11.276,8,9.7585,15.155,4.8793,12.155
207,15.05,9.7624,14.762,9.8121,10.762,10,12.238,14,14,16.95,13.525,12.762,15.812,12.762,9.2872,12,9.9503,14,15.525,19,10.525,11.287,15.525,11.713,24.238,28.149,18.862,9.0497,13
208,9.3844,9.5896,12.769,5.7948,8.974,10,12.795,12.358,12.974,17.333,12.179,12.179,10.974,10.564,8.1792,11.179,12.974,11.974,13.384,16.743,9,8.3844,14.948,12.358,21.512,14.743,9.5896,5.5896,7.5896
209,28,17,16,16,11,16,18,19,21,27,20,28,18,20,16,40,17,14,28,25,48,23,23,18,25,41,24,21,19
210,28,12,18,16,12,17,14,32,15,27,17,30,18,16,17,20,19,15,18,23,48,26,29,19,26,19,21,25,15
211,8,8,7,5,7,11,12,7,10,7,9,8,7,9,9,9,9,8,12,9,9,9,7,6,13,6,8,6,6
212,11,8,14,7,8,14,19,11,10,9,12,12,8,12,9,10,13,11,12,9,15,10,8,11,13,10,12,8,8
213,7,8,8,5,5,10,12,6,9,7,9,9,7,5,5,8,9,8,11,8,9,6,7,6,8,6,8,4,6
214,7,9,12,6,9,7,13,7,15,7,10,7,6,12,8,7,10,6,10,7,9,6,12,12,8,10,20,6,7
215,21,14,14,23.502,14.7,14,21,18.7,23,15.7,14.802,24.7,15,18,18,16.7,21,16.498,13.7,24.101,46.507,26,31.7,18,26,19.3,26,37.502,32
302,11,8,12,5,8,10,14,12,12,12,8,11,13,15,13,19,11,12,11,13,16,8,12,21,13,22,15,12,7
303,12,7,11,9,6,8,11,7,11,7,8,11,6,7,6,12,10,7,10,6,8,6,10,17,7,12,18,7,6
305,25,7,11,7,6,10,11,7,12,9,9,13,7,11,10,13,10,12,12,9,13,6,13,17,10,10,11,7,8
306,11,7,11,5,5,8,9,8,11,7,9,9,6,4,4,10,10,7,7,7,9,6,9,12,10,6,10,5,7
307,11,11,11,5,8,8,7,7,11,11,7,11,9,11,6,13,11,10,9,13,15,8,10,22,10,7,8,5,6
310,11,9,10,5,6,6,11,7,11,6,7,10,4,4,4,7,8,5,8,6,6,5,6,14,7,9,9,9,7
311,11,7,10,4,4,8,6,9,8,5,6,9,6,4,7,7,8,5,7,6,6,5,5,12,8,6,6,7,7
312,5,7,6,4,4,6,7,7,8,5,8,8,6,3,3,7,7,6,7,7,5,5,7,10,5,5,9,5,7
313,19,7,11,6,6,8,11,9,12,6,13,11,6,6,6,12,10,10,9,8,14,9,10,17,7,8,15,9,7
314,11,5,11,5,6,8,7,6,13,7,7,7,7,4,5,16,15,6,5,6,13,6,9,14,7,6,8,5,6
315,16.317,8,12,6,8,9,13.579,13.579,12,12.054,10.737,12.317,10.579,10.317,16.054,16,11.158,10,12.158,13,15,16,11.896,13,11.579,14.317,12.317,11.579,7
316,11,6,10,5,5,10,11,7,10,6,7,11,6,6,6,11,10,7,12,6,10,6,10,14,7,8,10,7,7
317,10,5,10,5,8,6,7,8,10,7,5,9,7,12,4,12,11,7,6,13,15,8,7,17,8,8,8,5,7
318,6,4,12,5,5,8,7,7,7,5,7,7,4,3,5,6,7,6,8,6,5,5,6,11,6,6,9,4,6
319,6,4,12,5,5,8,7,7,7,5,8,8,4,3,5,10,10,6,9,6,5,5,7,10,7,6,9,5,6
320,5,7,6,4,4,5,6,7,7,5,9,8,3,5,3,7,7,5,7,7,5,5,6,8,5,5,6,4,7
321,11,7,9,5,4,6,8,9,10,14,7,11,6,5,6,9,7,5,7,10,10,6,10,11,8,6,6,8,7
322,5,5,12,5,5,6,7,7,8,5,5,7,4,3,5,7,7,6,8,4,5,5,4,11,5,6,9,5,7
323,11,8,11,6,8,10,14,9,11,13,8,11,12,15,6,26,11,12,13,23,15,8,22,24,14,13,15,8,7
401,15,11,12,5,5,7,10,6,10,14,6,12,6,6,6,11,10,7,9,7,5,6,6,17,8,9,11,4,7
402,9,14,12,6,8,8,13,14,10,10,11,10,7,7,8,12,12,7,12,9,8,7,10,11,10,6,10,7,7
403,26.248,8,12.624,13.685,9.8121,8.1879,12.376,17.873,8,10.248,7,10.812,19,11.812,10.564,16.631,20.745,10.188,9.8121,7.7516,14.188,7,22.873,24,12.06,8.8121,11.94,10,14.248
404,7,14,15,10,8,6,16,7,9,6,11,9,7,4,8,14,11,7,7,9,7,5,8,10,9,6,10,7,8
405,10,8,11,6,8,8,10,8,9,9,7,13,7,8,4,12,13,8,9,7,7,6,13,20,6,8,9,6,7
406,18.656,6.1773,11.656,7.7597,9.9685,10.728,12.969,10.593,10.625,14.716,8,9.0721,14.665,9.0123,11.368,15.072,19.769,9.6263,10.249,12.239,13.311,9.9968,12.325,20,10.072,6.3123,12.146,10.895,8.0737
407,6,12,8,6,7,6,9,7,9,4,11,9,6,4,4,7,6,7,7,9,7,6,7,12,8,5,9,7,7
408,11,7,7,4,6,6,7,8,8,11,9,9,6,5,4,7,7,5,7,7,5,6,6,11,5,5,6,5,7
409,9,7,11,5,7,6,8,9,9,6,8,9,5,5,4,6,10,7,7,8,5,6,7,11,7,5,7,7,8
410,10,7,8,4,7,6,9,8,8,6,11,9,6,4,6,7,5,7,7,10,6,6,7,11,7,6,8,6,7
411,11,8,7,5,6,6,9,7,8,12,8,9,6,4,4,7,7,5,7,6,9,6,7,10,8,6,5,6,7
412,11,10,9,6,5,6,11,9,8,7,8,9,6,4,5,7,6,7,7,10,9,6,7,10,8,5,5,6,8
413,15,12,12,7,7,8,11,14,10,9,9,11,6,7,8,7,11,7,7,7,11,7,7,16,7,7,11,7,7
414,33,12,26,13,11,13,15,19,8,17,17,16,19,13,11,23,15,12,15,12,16,8,24,24,13,9,16,13,11
501,8.62,8,6.428,7.38,6,6,7.952,7,8.048,7.048,11.524,9,7,3.524,4,11.428,6.572,5.476,6,6,5,5,7,7,6.428,5.476,6,8,6
502,11,10,5,6,7,6,9,7,6,8,12,9,7,4,4,10,5,6,6,6,5,5,7,7,5,6,6,8,7
503,6,9,8,5,5,6,11,7,11,9,10,9,6,3,4,16,10,7,8,10,6,9,8,8,7,8,9,9,6
504,5,9,5,10,5,6,9,7,6,4,9,8,6,2,4,8,6,6,6,6,5,5,7,7,7,5,5,8,6
505,11,10,5,8,7,6,9,6,7,10,12,9,7,3,5,8,5,5,7,6,6,5,7,7,7,6,6,8,7
506,4,5,5,10,5,6,5,7,5,3,7,5,6,2,4,7,5,6,6,5,3,4,5,7,5,4,6,8,6
507,11,10,5,9,8,6,9,5,6,9,7,7,7,4,5,7,5,4,6,6,6,5,6,5,8,6,6,8,7
508,4,8,5,10,6,6,9,7,5,5,10,8,6,2,4,7,5,6,6,6,5,5,7,7,7,5,6,8,6
509,6,8.3932,6.7863,5.6068,6.2137,6,9.7863,7,7.3932,9.2137,11,9,6.6068,3,4,13,11.214,6,6,6,5.3932,9,7.3932,7,7.6068,6.1795,9,7.7863,6
510,11,10,6,8,7,6,9,6,6,10,12,9,7,4,5,10,5,6,6,6,5,5,7,7,8,6,9,8,7
511,11,10,6,6,8,6,9,6,6,10,12,7,7,4,5,8,5,6,6,10,5,5,7,5,7,6,9,8,7
512,6,9,8,10,5,6,9,7,8,4,10,9,6,2,4,13,10,6,6,6,5,5,7,7,7,5,9,9,6
601,4,3,2,4,2,7,5,5,4,3,4,4,2,0,3,3,5,4,3,3,3,2,4,2,3,4,4,3,5
602,6,9,6,5,6,6,6,8,6,6,8,9,7,1,5,6,7,6,6,6,4,5,6,5,11,7,8,6,6
603,3.0498,3.9502,4.7229,5,2.8817,6.1493,5,6,4,4.5548,4.3272,3.7822,3.1493,1.8412,5,3.9502,6.0995,4,3.0498,4.0501,3.8909,2.1681,3.0995,2.1091,4.0995,4,5,3.0498,5
604,8,8,7,7,6,13,7,9,9,6,8,6,8,2,6,9,10,8,11,6,7,10,7,6,11,6,9,5,9
605,3,3,4,5,3,9,5,6,4,5,4,3,3,0,5,5,8,4,4,3,4,2,4,2,3,4,5,3,5
606,3.6814,6.0442,5,4.3186,4.3186,8.0442,4.3186,6,4.6814,5,5,3.3186,5.3628,1.3186,5.6814,3.6814,7.3628,6.7255,4.3628,4.6372,4.6814,3.3186,4.3628,4.3628,5.3628,4,5,4,6.3628
607,4,3,3,3,2,5,5,6,3,3,4,4,2,1,3,3,6,4,3,3,3,2,4,2,3,4,4,3,5
608,8,9,7,6,6,6,6,8,6,6,8,6,11,4,6,7,11,7,10,6,6,5,6,6,11,6,9,6,7
609,3,5,4,3.2587,2.4196,5.4196,5,5,4,4.4196,5.2587,3.5804,4,1,5,4,4.2587,4,3,4.8391,3,2,3.5804,2.4196,3.2587,4,5.4196,4,5
610,4.8791,3.293,5.6744,5.293,5,8.3256,5,7.0558,4,5,4.6744,4.293,5.3488,1.6186,6,3,8.293,4,4.3814,5.1722,4.9675,3,3.6744,2.293,6.0232,4,5,4,5
611,4,3,4,4,2,6,5,5,4,3,4,4,3,0,5,4,5,4,3,3,4,2,4,2,3,4,4,3,5
612,5,4,6,5,5,6,6,6,4.5705,5,7,4.5705,5.2853,1.7147,5,6,9,4.2853,4,8,6,4,4,2.2853,6,4,5,4.5705,5.2853
613,7.5198,8.0396,6.5198,6.0396,6,9.0396,6.5198,8.5198,7.0792,5.5198,7.5198,6,7.0396,3.0396,6,7.5594,10.04,5.5198,7.5989,7.4406,7.0396,8.5594,7.1187,5.5198,7.5198,5.5198,8.5594,5.4802,6.0396
614,3,5,5,5,4,5,5,5,5,5,7,5,4,1,5,4,6,4,3,6,4,2,3,2,5,4,6,4,5
615,7,7,6,6,6,9,6,8,4,6,7,6,8,2,6,4,9,8,5,4,7,9,4,6,7,6,8,5,9
616,4,3,5,5,4,9,5,6,4,5,4,3,6,1,6,3,8,4,4,4,5,2,5,2,6,4,5,4,5
617,8,9,7,6,6,8,7,9,6,6,8,6,8,3,5,7,11,7,10,6,8,5,7,6,7,6,10,6,7
618,3,3,3,5,4,9,5,6,4,5,4,3,5,0,5,4,8,4,4,3,4,2,4,2,6,4,5,3,5
701,5,3,3,3,3,5,3,6,3,6,5,4,5,2,3,4,2,6,3,4,4,4,3,2,5,3,4,3,6
702,4,2,4,3,3,7,5,6,5,6,6,6,5,1,4,5,5,5,5,4,4,4,4,4,4,4,4,6,8
703,4,6,5,5,5,7,4,7,5,6,5,4,6,2,6,4,3,5,5,5,6,4,4,4,6,5,4,4,12
704,4,2,4,3,5,6,4,6,3,6,6,5,4,1,4,5,8,5,5,4,3,4,4,4,4,3,4,6,7
705,8,2,3,3,3,6,4,7,5,5,6,6,3,3,2,5,3,5,3,3,3,4,5,3,5,4,4,5,3
706,5,6,5,4,5,9,6,8,6,6,5,7,7,2,6,4,5,6,8,6,7,5,5,4,6,6,5,5,11
707,4,4.6085,5.3043,3.8153,5,8.1627,4.6521,6.6521,3.6521,5.6521,5.0216,5.7933,5.6085,1,4.8153,4.2063,4.8805,5.6521,5.3043,4,6.489,4.3259,4,4,4.6521,4.489,4.6521,4.6957,9.9564
708,4,2,4,3,5,8,4,6,5,6,6,3,4,1,4,5,5,5,5,4,3,4,4,4,4,4,4,6,8
709,4,2,4,4,5,9,5,6,4,6,6,6,5,4,4,6,7,5,4,4,4,5,4,4,5,4,4,6,5
710,4,6,6,4,5,10,6,7,4,6,5,5,7,2,5,4,4,5,8,7,4,5,4,5,6,5,5,4,8
711,7.1306,2,3,3.3036,3,6,4,6.7826,2.9137,4,5,5,3.6964,0.52097,2,5.2174,3,3.4347,3.4347,3,3,3.2174,3.7826,3,4,3.1311,3,3.3036,6.3479
712,4,6,5,4,5,9,4,7,5,6,5,6,7,1,6,4,3,6,5,4,6,4,4,4,5,6,4,4,8
713,5,7,5,4.1586,5,16,5.6829,8,6,6,5.1586,5.3171,7,2,6,4,5.4757,9,8,6.8414,5,5.1586,5,4,6,5.8414,5,4,9.11
714,4,2,4,3,5,7,3,7,5,6,3,4,3,1,4,5,5,5,4,4,3,4,4,3,4,3,4,6,8
715,7,2,3,3,3,6,7,7,2,4,5,5,3,2,2,6,3,3,5,3,3,4,3,3,3,2,3,4,7
716,4,2,4,4,5,6,3,7,3,5,5,6,6,1,5,3,3,5,4,4,5,2,3,4,4,4,4,6,6
717,4,2,4,7,3,8,3,7,3,5,3,5,4,1,5,3,3,5,5,4,3,3,3,3,5,6,4,6,8
718,5.2163,2,4,4.6082,4.3918,5.3918,4,7,3.3918,6,4,4.7837,5.3918,1.6082,5.6082,3,3,5.3918,5,4,6,4,4,4,4.3918,5.2163,4.3918,4,7.3918
719,8,2,3,4,3,6,4,7,3,4,5,5,3,2,2,5,3,5,3,3,3,4,5,3,4,4,4,4,4
720,4,2,4,4,3,7,5,6,3,5,6,5,3,5,2,6,7,5,5,4,3,4,4,3,4,3,3,4,5
721,4,2,3,4,3,6,6,6,2,4,5,5,3,1,2,6,5,5,4,3,3,4,3,2,3,2,3,4,3
722,4,2,4,4,5,7,5,6,3,5,6,5,5,2,4,3,7,5,4,4,4,4,4,3,4,4,4,4,5
801,7,3.1275,5.1275,3.1275,4.2541,6.7537,5,9.6253,6.8647,6.5004,9.7528,8.6271,4.3729,4.2455,3.7459,5,4.8725,4,6.3729,3,4.1275,4.7545,4.8812,4.6271,4.6271,4,9.8639,5.5082,6.7623
802,3.9338,3.1912,2.8967,3.3382,3.1977,3.1977,3.4923,5.7869,2.1541,3.1912,8.0411,4.0944,3.1977,2.3447,1.301,1.8967,1.8967,2.7426,5.2226,3.853,2.1977,4.6328,2.7491,2.6457,3.5359,2.6393,3.5956,3.7933,2.5956
804,6,2.7926,4,6,3,6.9631,4,6.7926,3,5.5853,6,4.5853,2.7926,1,5,3.7926,2,5,5.7926,4,3,4.2074,4,2.7926,3.7926,3,3.7926,3.7926,5.3779
805,8.0838,3.0099,4.8656,5.8557,3.561,8.545,5.1381,7,3.9938,5.6893,7.667,5.7213,2.9778,1.9938,5.2725,5.5869,3.7213,6.1443,6.4328,4.2885,4.2824,4.2885,4.8496,4.5869,4.7053,4.4328,4.2824,5.7053,5.4328
806,4,3,4,3,5,8,5,8,5,6,4,5,3,2,4,5,3,4,6,4,4,5,5,4,4,4,7,6,8
807,4,2,5,6,3,8,3,7,3,6,6,4,4,2,5,3,2,5,6,4,3,4,4,4,4,4,4,5,7
808,6,3,4,6,3,7,3,7,3,4,11,4,2,2,4,1,2,4,6,4,2,4,3,3,4,2,3,4,5
810,7,4,6,6,5,8,6,7,5,7,5,7,4,3,4,3,3,4,6,5,4,4,6,4,5,4,7,6,7
812,5,2,4,6,4,8,5,7,3,9,11,5,3,0,6,3,2,6,6,4,4,4,4,2,5,3,3,5,5
1001,6,4,3,3,5,5,5,7,3,5,10,5,4,3,2,4,3,4,4,5,6,5,4,5,5,4,4,3,3
1002,4,3,2,3,3,4,3,3,2,4,7,5,3,1,2,4,3,5,3,4,5,3,4,3,4,3,4,2,3
1003,4,4,2,3,3,2,3,4,3,7,5,3,3,2,2,4,3,3,4,4,3,3,5,3,2,3,4,2,2
1004,13,3,4,10,4,3,5,7,4,8,6,3,6,2,3,4,4,5,5,4,6,5,5,2,4,6,9,5,5
1005,5,6,6,5,5,7,5,7,5,7,6,4,6,2,6,4,3,6,5,5,5,5,5,5,6,5,5,4,9
1006,13,5.5508,4.5169,8.0338,4,4.5169,5.5169,7,5,6,5.4831,4.5508,6.5169,3.4831,3.5169,4,3,8,5,4,5.5169,3,5.5169,3.5508,7,5.5169,7.4492,6.0338,8
1007,13,8,7,5,5,10,6,8,6,6,8,6,7,4,6,7,9,8,10,4,7,5,7,7,7,7,7,7,8
1008,4,4,3,4,3,2,3,4,3,7,5,3,3,2,2,4,3,5,4,4,4,3,5,3,2,3,4,2,2
1009,7,4,3,8,3,7,3,4,3,6,4,4,4,1,2,4,3,5,4,4,4,3,4,3,5,3,4,4,4
1010,8,6,5,6,5,5,5,7,6,12,16,7,4,5,5,5,5,5,6,7,10,7,9,4,8,8,4,6,7
1011,13,3,4,9,4,5,5,5,4,9,5,2,6,2,3,4,4,5,5,4,6,5,4,2,4,6,6,5,4
1012,4,5,4,4,3,4,3,6,4,6,4,3,5,1,2,3,3,5,5,4,4,3,6,3,4,3,6,2,4
1013,4.6717,3.6717,2.3283,3.6717,3,5,3,4.6717,1.6717,4.3434,8.0303,4.0152,4,0.67172,2.3283,3.6717,3,4,3,4.6717,3.3434,4.3131,3.6717,2.6717,4.6717,2,2.6717,2.6717,3
1014,8,4,4,7,4,3,3,5,4,10,6,3,5,3,2,4,3,5,5,4,6,3,5,2,3,6,7,4,3
1015,7,6,5,5,5,5,4,7,6,12,11,6,4,4,4,4,4,4,5,5,9,5,7,5,5,5,6,5,5
1016,7.4363,4.4363,2.7181,3,3.7181,4.4363,3.4363,6.4363,3.7181,10.027,6.1544,5,5.4363,2,2.7181,4,3,3,3.7181,3.7181,5.1544,3.7181,5,3,3.7181,5.4363,7,4.4363,2.7181
1017,6,4,3,4,3,6,3,6,4,6,5,3,4,1,2,3,2,5,5,4,4,3,7,3,4,3,7,4,4
1018,3,3,4,3,5,3,5,6,4,9,5,2,4,3,3,4,3,4,4,5,10,5,3,3,8,4,4,4,6
1019,5,3,4,7,4,3,3,5,4,9,5,3,5,2,2,4,3,5,5,3,4,5,5,2,3,4,7,4,3
1020,9,4,5,5,4,4,5,7,4,6,5,3,6,3,3,4,3,5,5,4,5,6,6,3,7,5,6,5,8
1101,3,5,3,3,5.6347,3,3.6347,4.2694,2,5.2694,5,5,2.6347,2,1.3653,2,2,3.2694,9,4,5.5388,5.6347,6,3,4,3,4,4,2
1102,2.7551,3.2449,3.6499,3.1902,3.4049,3,4.4006,1,3.7046,8.6197,3,4.2449,3.8098,0,1.4899,1.6499,2.4899,2.6499,3.2449,3.4049,3.84,4.2997,3.6499,2,3.2449,3,1.5951,2.2449,2
1103,4,5,3,3,5,3,4,6,2,5,5,4,3,3,1,2,4,4,9,4,3,6,4,2,4,2,4,6,2
1104,5.1633,1.8736,3.6986,2.2897,4.1633,6.6204,3.2455,3.4552,3.8736,3,8.5817,4.745,2.5817,0,1.5817,2,2.6418,2,3.6501,2,2.5817,5.2296,3,1.5817,4.4574,2.2235,1.9536,2.7081,4
1105,4,3,3.6711,4.8356,2.8356,4.3289,3,4.3289,4,4.1644,8,5.1644,3.3289,1.1644,1,2,3.8356,4,9.8356,4,3,5.1644,3.1644,2,5.3289,2.8356,3.1644,4.3289,3
1106,3.0145,3.7406,2.5072,2,4.0145,3,3.2333,1.7811,3,7,3,5.5072,2.2333,2.5072,1.2333,2.2333,2.9739,2.5072,7.5217,4.4666,3.9333,4.5072,4,2,3.5072,2.5072,3.6855,3.9883,3
1107,3,5.2337,3.7663,3.7663,5.2337,2.7663,3,2.2337,3,8.0651,5,5,3,1.2337,2.2337,2,3.5325,2.7663,9.2337,4,6.5325,5,4.7012,3,4,3,3,3,3
1108,4,4,3,2,5,3,4,2,3,7,3,6,3,2,2,2,5,3,4,3,7,5,4,4,4,3,3,3,3
1201,7,14,15,6,8,6,10,8,11,7,11,9,7,4,6,13,11,7,7,10,8,6,8,10,11,6,11,7,8
1202,12,8,5,5,6,7,9,7,6,12,8,6,5,4,4,6,10,5,7,6,5,4,6,7,7,5,5,6,8
1203,6,11,9,6,6,6,10,7,8,12,11,9,6,4,6,13,10,7,7,10,9,6,7,10,10,5,10,7,7
1204,11,8,8,5,6,6,9,7,6,12,12,9,6,4,4,11,6,5,7,6,8,5,7,10,7,5,9,10,6
1205,10,8,5,6.825,6.3917,6,9,6.3917,6,12,8.35,5.6083,6,2,5,7,5,5,7,6,5,4,6.3917,5,7,4,4.3917,6.6083,5
1206,6,13,12,6,7,6,11,7,11,6,8,9,7,3,4,14,6,7,7,6,7,6,7,10,11,7,9,10,5
1207,12,8,8,6,4,6,10,8,6,12,11,9,6,4,4,12,5,5,7,6,6,6,7,10,7,5,5,6,5
1208,11,8,6,6,7,6,9,7,8,12,12,9,7,3,4,13,12,6,7,6,6,9,8,7,8,5,9,9,6
1209,6,9,9,6,7,6,11,7,11,9,10,9,6,3,4,12,10,7,7,10,8,9,8,9,11,8,9,10,6
1301,11,9,4,9,8,6,8,5,6,9,7,7,7,3,5,7,5,5,7,8,6,5,6,5,8,6,6,7,7
1302,10,7,4,9,4,5,6,5,6,9,7,6,7,2,3,7,8,5,6,7,6,7,7,5,8,7,6,6,8
1303,11,9,6,9,8,6,8,5,6,8,7,7,7,3,5,7,5,6,7,8,6,5,7,5,8,6,7,8,7
1304,8.341,10,4,8.0046,5,4.3364,5.3364,5.3318,6,12,7,7,6,2.3318,5,6.3318,8,4.6682,7,6.0046,7.659,7,7.6728,5,8,5.3364,4.6682,4.6682,6.0046
1305,11,9,5,9,8,6,9,6,6,8,7,7,7,3,5,7,5,6,7,6,6,5,12,7,8,6,6,8,7
1306,10,7,8,5,6,5,6,6,6,6,6,6,4,2,5,8,5,5,7,6,6,4,9,5,8,4,5,8,5
1307,11,8,5,9,8,6,9,6,6,9,7,7,6,2,5,7,5,5,7,6,6,8,12,7,8,6,6,7,7
1308,13,10,7,5,10,6,10,6,7,12,6,8,7,4,5,8,8,5,7,6,7,8,6,7,8,5,5,7,7
1401,8,7,5,7,5,7,5,7,4,6,6,3,7,2,6,4,3,6,5,4,5,4,4,7,6,5,9,4,10
1402,6.5836,4.9413,5.2902,5.1843,4.757,6.7252,5.0822,6.7997,4,6,5.8591,4.1881,6.1843,2,3.8591,4.8591,4.0038,5.2864,7.0441,4.1843,5.4706,6.2276,3.7175,5.1524,5.9801,5.0038,6.8196,4.8979,8.1644
1403,7,8,7,5,5,9,6,7,5,6,8,7,7,3,6,7,6,5,7,5,8,6,6,7,7,7,7,6,10
1404,7,8,7,5,7,9,6,8,9,6,6,7,7,3,6,9,5,14,14,5,7,10,4,6,7,7,8,7,9
1405,7,8,7,6,7,10,7,8,9,7,8,7,8,3,6,9,9,8,14,6,8,10,6,6,8,7,9,6,9
1406,8,9,7,7,5,10,7,8,9,6,8,6,8,4,6,8,10,6,11,6,8,10,7,7,8,7,10,8,15
1501,6,9,7,7,10,9,6,8,6,9,8,6,10,4,6,6,11,8,10,6,8,5,6,7,11,7,10,5,7
1502,11,9,6,9,8,6,6,7,7,8,6,6,10,2,4,7,8,5,6,8,7,7,7,5,11,7,7,7,11
1503,5.7799,9,6.7799,6,9.5598,6,6,8,7,8,8.2201,9,11,2,5.7799,7,10,6,7,7.5598,6.7799,7.3397,7,7.3397,11,6.7799,9.3397,8.7799,8.5598
1504,6,9,6,5,10,5,6,10,6,8,8,9,10,4,6,6,10,5,7,6,7,5,7,5,11,7,10,5,9
1505,11,10,6,6,8,6,9,6,7,8,7,9,7,3,5,7,5,5,7,11,5,5,7,7,7,6,7,8,7
1506,5,9.8601,5.8601,5,6.8601,6,6,5.8601,6.8601,7.8601,11.021,8.5803,7,2,4,6,10.86,5.1399,7,5.7202,5,4.8601,6.8601,5,6,5.8601,7,8,7
1507,6,9,6,7,8,6,6,8,6,8,5,6,8,4,6,6,8,8,6,6,7,5,7,5,11,7,7,5,6
1508,6,9,6,9,8,6,8,8,7,9,7,9,11,2,5,7,8,6,7,8,6,5,7,7,8,6,7,8,7
1509,6,9,6,5,7,6,6,8,6,7,7,9,10,2,4,6,10,6,7,7,5,4,7,5,11,7,8,8,7
1601,4,8,4,10,6,6,9,7,6,7,11,8,7,1,4,7,5,4,6,5,4,4,5,7,5,5,7,8,6
1602,5,9.3993,6,6.9964,6.6007,6,6,6.6007,6.3993,7.3993,6.7986,7.1979,7,2.3993,4,6.7986,9.2014,5.6007,6.3993,5.6007,5,4.3993,6.3993,5.7986,6,5.3993,7.3993,7.3993,7
1603,5,5,5,5,4,5,6,5,6,6,5,5,5,2,3,5,3,4,4,6,4,4,6,3,5,4,8,5,5
1604,5,10,6.5964,10,6,6,9,6.7018,9,8,8,8.7018,8.4036,3,4,8,8,4.7018,6.7018,5.7018,5,4.2982,7,7,6.4036,6,7,8,7
1605,4.406,8.8121,4.594,8.8121,6,5.406,6,5.406,5.406,5.6241,6,5,5.8121,1.406,4,6.2181,6.2181,4,4.406,5.594,4.406,4.406,4.8121,5.2181,5,4,7.406,8,6.406
1606,5,9,5,5,6,6,6,7,6,6,5,6,7,2,4,6,6,6,6,6,4,4,6,4,6,4,8,7,7
1607,4,8,6,10,6,6,9,7,6,5,11,8,7,3,4,7,5,6,6,6,5,6,6,7,7,5,7,8,6
1701,7,7,6,5,6,14,6,8,9,6,6,8,7,3,6,6,8,9,8,7,6,5,5,6,8,5,5,6,15
1702,7.0897,7.4733,6.4733,6.1618,5.6951,11.474,5.7848,8,7.4753,6.6951,8.5696,6.6951,7.2581,2,6,6.5162,8.6885,7.361,5.6653,5.2581,6.5565,7.373,5.4733,6,7.6951,5.2581,6.0363,6,13.17
1703,4.2541,7,5,4.2541,5,10.762,4,7,5.2541,5.5082,6.0164,6.2541,6.2541,2.7459,6,4,5.7623,8.2541,5.7623,7,5,3.7623,5,4.5082,6,4.2541,5,4.5082,9.0329
1704,7,7,7,5,6,11,5,8,5,6,6,4,7,3,6,6,6,9,5,6,7,5,5,6,9,5,10,6,15
1801,4,3,3,4,5,6,4,4,3,4,4,5,6,0,5,3,4,5,3,3,3,4,4,2,5,4,5,3,3
1802,4,2,4,4,5,8,4,4,3,4,4,5,6,0,4,3,4,4,4,5,3,3,4,2,5,3,4,4,4
1803,3,4,4,4,5,10,4,5,3,6,5,5,6,1,5,4,4,5,6,7,3,4,4,3,5,4,4,4,4
1804,3,2,4,4,5,7,6,5,3,5,5,4,4,0,4,3,7,4,4,4,4,3,4,2,4,3,4,4,3
1805,3,2,3,4,3,7,5,7,3,4,5,3,3,0,4,3,7,4,3,3,4,4,3,2,4,4,5,4,4
1806,4,2,3,4,3,6,5.1814,5.4093,2,4,4.5907,5,3,0,2,4.1814,5.4093,3.8186,3.5907,2.5907,3,4,3,2,3.4093,2.8186,3.8186,4,3
1807,4,5,5,4,4,6,4,6,5,5,5,4,6,0,5,5,5,7,6,3,3,2,4,2,5,3,5,4,3
1808,4,3,5,4,4,10,4,6,5,5,5,3,6,0,6,3,5,7,5,4,3,3,5,3,6,4,5,3,5
1809,4,2,3,4,3,7,5,6,3,4,5,5,3,1,2,6,8,5,4,3,4,4,3,2,4,4,4,4,3
1901,7.4276,14,9,4.6431,6,6.7138,6.7138,7,8.4276,12.215,9.0707,7,4.3569,4.3569,5,8.0707,8.2154,5,7,7.6431,7.4276,4.7138,7.7138,8,7,10,5,7.3569,8
1903,11,8,7,5,6,6,7,6,6,12,9,8,5,3,5,7,5,5,7,6,6,4,7,7,7,5,5,8,8
1904,10,8,9,4,5,5,6,7,6,7,9,6,5,4,4,7,10,5,7,6,10,5,9,7,7,7,7,9,8
1906,10,14,9,7,6,6,8,7,11,9,11,7,5,5,5,14,10,6,7,7,10,5,8,8,7,10,7,8,8
1907,11,8,9,12,5,6,11,10,8,14,13,10,6,5,6,6,8,5,7,10,7,6,6,7,8,6,5,7,8
1908,11,14,9,5,6,6,8,7,11,9,10,11,6,6,5,15,10,7,11,7,10,10,11,10,9,9,7,9,8
1909,8,8,5,5,6,6,6,6,5,12,9,6,5,3,4,7,10,5,7,6,5,4,7,5,6,5,5,7,8
2001,5,3,5,3,8,5,4,6,3,7,8,2,3,3,4,5,4,4,5,4,4,5,4,3,6,5,5,3,4
2002,5.0201,3.4367,3.8733,3.5913,5.262,4.3493,2.8454,4.9327,4.8733,6.1869,7.0358,2.6987,4.3493,1.4367,3.524,3.9406,3.7659,4.0873,4.1825,4.0201,6.1031,5,4.048,3.6987,6.1747,4.5161,3.0279,2.6987,4.1747
2003,5.1637,3.1637,5.6549,3.1637,2.4912,5,3.3275,5.4912,3.1637,5.1637,5.6725,2.1637,2.1637,1.3275,2,3.4912,4.6549,2.3275,3.3275,3,4.1637,4,4,3.3275,4,3,2.6549,2.3275,4.4912
2004,5,4,4,3.4559,5,4,4,5.5441,4,4,12,2,5.0882,1.4559,2,4,3.4559,4,5.6323,3,9.5441,4.4559,4,3,7,3,3,3,5.0882
2101,8,4,2,4,4,5,5,6,3,5,8,4,5,1,2,3,2,5,5,4,6,6,4,2,3,3,4,2,5
2102,6.8832,2.3248,4,4.4416,3.4416,5.7664,3.8832,5.1168,4,5.8832,7.6497,5,4,0.88322,3,4.5584,2.4416,4.4416,3,4,4,6,4.4416,1.8832,3.5584,3,3.4416,3.8832,3
2103,6,3,2,6,4,6,3,6,3,6,7,4,5,2,5,3,2,5,5,4,5,4,5,5,3,6,4,4,6
2104,5,3,4,6,3,4,2,6,3,4,6,5,4,1,5,5,2,5,4,4,4,5,4,2,3,6,4,3,3
2105,8,2,4,6,4,4,3,6,3,7,5,5,4,1,3,5,3,5,3,4,3,6,4,2,4,5,6,3,3
2106,6,2,2,6,3,6,4,6,3,5,5,5,4,1,3,3,2,5,3,4,5,5,4,3,3,6,4,3,3
2107,11,3,4,6,4,6,5,6,4,7,13,5,5,2,3,3,3,5,3,4,6,6,5,3,3,6,6,3,4
2108,4,2,2,3,3,3,2,4,3,5,3,3,2,1,5,3,2,5,3,3,4,4,4,2,3,6,5,2,3
2109,4,2,4,6,3,4,3,6,3,5,3,4,3,1,5,3,2,5,3,3,3,3,4,2,4,4,4,4,6
2110,4,4,4,4,3,7,3,4,4,4,5,4,4,0,2,4,4,5,3,5,5,6,3,3,3,3,3,2,3
2202,4.8442,3,3,3.7186,2,5,5.4372,6.7186,2,4.7186,6.8744,5,3,1.2814,1.2814,5,3,3,6.1558,3,3,4.4372,3,3,3,3,4,3,3.2814
2203,7,2,3,3,2.1772,5.1772,7,6,2,3.1772,3.8228,5,2.1772,0,2,5,3.3545,2.1772,3.1772,3,2,4.8228,3,3,3,2,3,2.1772,2.3545
2205,5,5,3,4,2,4,6.9383,5,2.3128,6.251,5.6872,4.6872,3,0.68724,1,2,2,3,8.6872,3.3128,3,6,6,2.6872,4.3128,3.3128,3.6872,3.6872,2
2206,3,5,3,4,5,2,3.4453,3.8906,2,7.4453,5,5,2.5547,0.89059,2,2.5547,2,3,4.7812,4,3.4453,5,4.3359,3,4,3.4453,2,2.8906,2
2207,5,3,3,4,3,5,6,7,2,4,7,9,3,2,1,2,3,4,9,4,3,6,3,2,4,4,4,4,4
2208,7,3,3,3,3,6,4,6,4,5,11,4,4,3,2,5,3,4,7,3,3,4,3,4,4,4,4,3,3
2209,7,3,3,3,2,5,7,6,2,4,3,5,3,1,2,5,3,2,4,3,3,3,3,3,3,2,2,3,4
2301,6.3629,10,8.1814,4.5443,6.6371,5,5.9071,6.8186,6,6,8.7257,4,6,3,4.1814,7,5,4.1814,7,5,12,5.8186,5.3629,5,9.6371,4.3629,4,4,5.6371
2302,8,7,12,4,6,8,4,6,6,8,12,4,6,6,5,7,4,5,7,5,10,4,5,5,8,6,4,3,5
2303,5,9,5,4,7,5,5,7,6,6,9,2,6,2,5,7,5,4,7,4,12,7,4,3,10,5,3,3,6
2304,7,10,9,5,5,7,10,6,10,14,8,5,6,7,5,7,5,5,7,8,12,7,12,6,8,6,6,5,9
2305,4.9677,9.3601,5.6076,4.3924,5,4.9677,6.0802,6.3924,6.6076,7.2153,6.3924,6.408,7.2153,4.7907,5,7,5.6076,5.9354,7,9.0157,11.871,5,8.0862,5.6076,7.9677,7.1184,5.9354,6.2955,8.5431
2306,4.2262,4.6837,4.1367,4.0473,5.0946,4.1367,4.0473,7,4.1841,4,12.137,2,6,1.2262,5,7,5,4,7,3,10.273,3.2735,4.0473,3.0473,8.0946,3.0473,3,3.0473,5.7317
2308,5.4892,9,9,4.9784,5,4.9784,5,6.9784,6.4892,10.424,6,9.4675,5.4892,4.9784,5,7.4892,6,6,7,7.9784,7.9567,5,6.9567,7.4459,7,6.9351,6.9351,5,9
2309,5.1106,9.0553,5.2213,4.7033,6.8894,4.166,5.2766,7.5926,6.2213,6.4426,7.0553,3.7586,6,2.2766,5,7,5,4.0553,7,4.8148,8.1124,5.1106,4.4426,5.0553,8,5.3521,4.1106,4.0553,6.8139
2310,5,9,5,4,7,5,5,7,6,6,7,4,6,2,5,7,5,4,7,3,12,5,5,4,10,4,3,4,6
2311,6,8,12,11,6,5,8,6,9,10,16,10,7,6,11,8,5,6,7,4,10,7,22,6,8,10,8,5,11
2312,5,9,5,4,6,5,4,7,5,4,13,2,6,3,5,7,5,4,7,3,12,5,4,3,8,3,3,3,3
2313,5,9,5,4,7,4,5,7,6,4,7.17,3,6,2,5,7,5,4,7,4,12,6.83,4.17,4.83,9,5.17,3.83,4,6
2315,5,7,9,4,5,6,8,7,6,6,6,9,6,3,5,7,5,5,7,8,6,5,7,5,7,8,4,7,8
2401,6,5.5415,7.9024,5.5415,4.5415,10,8.1805,5.361,7.9024,5.0829,9,4.6244,4.5415,5.5415,6.1805,4.9024,9.361,5.1805,7.7219,7.0829,6.5415,4.7219,8.6244,6.6244,6.2634,7.4439,6.2634,5,5.5415
2402,16,14,20,6,9,9,11,10,23,18,12,13,11,16,14,19,11,12,11,13,13,22,12,18,12,8,19,10,15
2403,10,8,20,8,8,8,13,10,15,11,12,12,9,13,9,12,11,12,9,17,9,11,12,15,8,13,13,5,12
2404,25,14,20,9,8,9,13,10,23,19,12,24,12,16,13,19,11,14,11,15,9,22,13,19,23,15,19,7,15
2405,6,3,5,5,4,4,4,5,7,6,7,4,8,4,5,4,5,5,6,5,5,5,6,6,4,4,4,5,4
2406,6,5.867,9,4.5665,4.4335,5,6.5665,6,8,7.4335,7.4335,4,7.133,5,6.4335,5.4335,9,5,6,4,6,5,8,6,5.4335,5,6.734,3.867,9.4335
2407,8,8,18,7,9,6,9,10,12,11,10,12,7,13,7,7,11,6,10,17,9,8,16,11,10,13,12,5,9
2408,6,6,5,5,4,8,6,6,7,6,9,7,4,5,6,4,9,5,7,5,6,4,7,6,7,6,13,5,4
2409,6,3,5,4.3734,4,5,5.1203,3,6.1203,5.3734,7,4,8,4,4.7469,4,6.4938,5,6,4,5,5,6,6,5,4.7469,3.6266,3,5
2410,8,8,9,6,6,5,8,6,7,9,9,10,8,5,6,9,10,5,8,6,6,5,9,12,10,6,16,5,10
2411,6,7,9,4,6,4,8,6,7,8,7,6,6,5,6,6,9,5,6,4,6,5,7,13,7,5,9,5,10
2501,7,7,9,5,7,5,6,7,6,15,7,7,5,3,5,7,9,4,7,6,7,3,5,7,8,8,4,8,8
2502,7.8683,12.802,9,5,5,6,8.7366,7,6.9341,8.8024,8.8024,9,6.8683,6.7366,5,15.605,10,5.8683,10.737,9.8683,12.539,4.8683,6.8683,7.8024,7.9341,7.8024,5,7.9341,8.8683
2503,9.312,9.4731,6.4194,4.4731,7,4.9463,9.8926,7,7.4194,13.473,7.4194,7.9463,5,4,5.4731,8.5269,6.4194,5,7,6.4731,7,4.8926,7.4194,7.5269,8,8,8.4194,7,8.4731
2504,6,7,9,5,5,4,5,6,6,6,6,9,5,3,5,7,5,4,7,4,6,3,5,5,7,8,4,7,9
2601,7,5,6,7,7,8,5,13,5,8,14,9,5,3,3,7,4,4,10,4,4,4,6,6,6,6,5,9,5
2602,4.7511,4.0683,3.1825,3.8858,3.9546,3.3421,4,5.5682,2,5.1165,7.3216,4.2256,2.6364,1.7052,1.5915,2.3426,2.1142,3.2279,9,4,3.4773,6,5.3163,3.0005,4.3426,2.9317,3.7726,4.1142,2.1142
2603,5,4,4,5,3,3,5,7,5,5,11,7,4,3,2,2,3,3,9,4,4,6,3,5,5,4,5,7,3
2604,5,5,3,4,2,4,6,7,2,6,6,5,2,3,1,3,2,3,9,5,3,6,6,3,4,3,3,3,2
2701,16.271,7.1588,11.159,6.4765,10,14.365,10.635,7.4765,10.318,12,8.8412,14.841,10.318,13.112,7.4765,15,11.318,7.7942,11.159,14.523,12.588,11.271,12,20,11.541,20,14,11.318,8.1588
2702,9,7,9,4,5,8,6,7,6,4,7,5,7,4,4,7,7,5,10,8,5,14,6,7,8,5,5,4,7
2703,8,9,9,5,6,5,7,7,11,9,10,11,8,6,7,15,10,7,12,7,10,5,8,14,7,9,8,8,8
2704,10,8,9,7,7,9,13,8,10,12,8,9,10,13,4,12,8,7,11,8,13,6,12,14,8,9,14,10,7
2706,10,6,9,4,6,8,6,7,6,4,7,5,7,4,4,6,7,6,10,8,5,8,6,8,8,5,9,4,6
2707,8,3,4,4,5,9,5,6,4,6,6,4,5,1,5,3,7,5,6,4,6,5,4,5,5,5,5,6,8
2708,13,9,11,6,7,8,10,14,10,8,8,10,11,11,9,20,11,7,15,8,11,15,10,15,12,9,12,10,8
2709,13,7,11,6,5,11,10,9,12,12,10,14,10,12,7,15,14,12,12,12,11,10,12,20,7,10,12,7,9
2710,10,7,9,5,5,9,8,10,11,4,7,6,7,5,4,8,10,7,9,8,8,8,6,7,10,6,9,5,7
2801,4,4,4,4,5,3,4,6,5,9,8,3,4,3,5,5,5,4,7,7,10,7,5,3,8,6,4,5,7
2903,9.1507,3.1507,4.3836,4,4.5145,6.8359,6,5,3.4721,6.5342,8.8623,6.3702,6.7671,2.3836,3.8493,4.1574,4.2262,3.7738,7.3836,4.3147,4,6.2262,4.6786,3.3836,3.8359,4.6786,3.2262,5.2262,6
2911,4.456,4,5,3.456,4,5,3.9119,6.9119,4,4.456,6,3,4.456,1,3,5,4,5.456,3,5,5,4.544,3,2.9119,3,4,2.456,3.3679,3
2912,9.954,5,5,4,5.5689,6.046,6,5,5.477,7.0919,6.9081,7.0919,6,2,2.523,4.477,4,3.477,7.5689,4.477,5,6.523,6,4.523,3.523,8.6149,4,5.477,6
2921,8,2,3,4,4,9,4,5,3,4,9,6,3,1,5,5,4,4,6,2,4,4,3,4,4,4,2,5,3
2926,11,5,4,4,6,9,6,5,4,6,9,8,6,2,2,4,4,3,10,4,4,5,5,4,3,5,3,5,6
2930,9,4,4,3,3,5,6,5,4,5,6,6,6,1,2,4,4,4,3,5,4,5,4,3,3,4,3,5,4
3004,6.3801,6,5,6,4.7601,6.1402,6,8,6,7.1402,6.8598,3.7601,5.3801,2.7601,3,5,4.3801,4.7601,4,5,5.9003,5,4.5203,4,4.3801,7.6605,4,5,6.3801
3005,5.596,5,4.676,3.676,6.1599,5.404,6,7.3519,4.676,8.5918,5.7559,6.2321,4.08,1.676,4.212,5.2719,4.808,6,4.3519,4,9,3.08,4.888,4.808,5.564,7.3876,4,4.08,5.7559
3006,6,5,5,4,6,6,6,7,6,4,4,3,5,5,3,8,7,4,5,7,5,6,5,10,5,7,4,4,6
3007,7,6,10,4,8,6,10,6,4,6,10,4,5,5,5,6,8,5,8,6,5,5,7,7,8,11,6,5,6
3008,5.1904,6,4.9085,3.9563,4.3817,5,6.5739,5.9572,4.328,8.3324,4,4.4588,5.5621,2.2038,2.3943,4.943,5.5276,4.8104,6.7208,3.9052,7.0008,3.9749,5.5821,4.5713,5.3631,6.2852,3.1904,4.6729,5.849
3013,6,6,10,4,8,5,10,6,4,9,5,5,5,4,4,6,8,5,6,7,5,3,6,7,8,8,8,5,7
3014,5,5,5,4,8,6,5,8,5,12,7,10,5,3,6,5,5,6,5,4,9,4,5,4,6,5,4,6,4
3015,8.174,5.529,4,3,4.587,5.529,5.058,8,5.058,5,7.587,4,5.529,1,3,5,4,6,5.058,5.471,5.529,3,4.587,4.529,3,5,3,6.587,4
3016,6.1942,5.0971,10.194,3.0971,5.2913,6.3883,6.4854,6.1942,5.9029,3.5825,5.1942,6.2913,5,3.1942,2.0971,7.2913,6,4.1942,8.0971,4.0971,6.1942,4.9029,6.4854,7,8.9029,10.388,3.2913,5.0971,6.6796
3017,5,5,5,4,7.327,5.8317,6,7.6635,4.8317,9.327,4,5.6635,5,3,3,7.327,5.6635,5.8317,6.8317,4.8317,8.1587,4,6,6.4952,7.8317,7.4952,4,4.8317,12.159
3018,5,6,11,6,8,4,9,8,5,9,5,5,6,5,3,8,9,6,8,5,5,4,6,7,10,13,4,7,12
3019,6,5,5,3,6,5,5,8,6,8,8,3,6,2,3,3,4,4,4,5,4,3,3,3,3,6,4,5,4
3020,6,6,5,4,6,5,6,5,4,4,3,4,5,3,2,6,5,3,4,4,5,6,5,4,6,5,3,3,7
3022,6,5,7,4,6,6,6,8,5,7,4,8,4,5,3,7,4,4,7,4,9,5,6,10,8,12,4,5,6
3023,5,5,3,3,4,5,4,7,3,5,5,3,5,1,3,3,4,5,4,3,6,4,4,3,4,5,2,3,3
3027,6,5,4,5,3,5,6,8,4,8,4,3,6,1,3,5,4,6,5,6,5,2,3,3,3,4,4,5,4
3028,6,6,10,6,8,6,10,7,4,7,5,6,8,5,3,7,12,5,9,6,6,4,9,7,9,12,4,6,7
3031,5,5,3,3,4,5,3,6,3,5,5,3,3,1,3,3,4,6,4,4,10,4,3,4,4,5,4,3,3
3101,6,7,9,4,5,5,7,6,4,5,4,4,5,4,3,6,9,4,5,3,5,4,6,7,5,8,4,6,7
3102,6,5.1636,8.1636,5.2545,4,5,7.9091,6,4.4182,5.1636,5.8364,4.5818,6.6727,3.4182,3,5.1636,8.1636,4.4182,6,4.5818,6.4182,4.5818,5.1636,5.7455,5,5.4182,5.5818,6,5.5818
3109,8,7,10,5,5,5,11,7,4,9,7,5,6,4,3,6,10,5,10,6,6,4,6,12,8,8,9,7,8
3124,6,4.6167,4,3.3833,5.3833,5,5.6167,6,3.3833,4.7666,5.15,4,3.7666,3.3833,2.7666,6,8,3.7666,6,3,5.3833,4,3.7666,4.15,4,6.2334,4.15,4,6.7666
3125,7,7,5,4,6,5,7,8,7,5,7,4,9,4,4,5,9,5,6,3,6,4,6,6,5,4,8,4,6
3129,7,6,11,6,5,5,11,7,4,8,6,5,5,6,4,6,10,5,9,5,5,4,6,15,8,9,8,6,7
