1,138.5,128.26,125.5,148.25,128.49,111,137.75,123.75,118.5,117,124.5,138.75,89.749,115.25,126.5,101.75,113.75,119.5,110.25,110.75,114.75,125.75,113,116.76,90.498,127,118,103.5,125.5,112.25
2,131,101,106,125,107,98,125,105,96,95,105,122,75,88,106,79,89,102,97,90,105,107,95,98,52,110,102,77,99,91
3,133.07,99.506,107.72,127.79,107.79,100.86,124.79,105.32,97.324,90.859,109.46,113.72,79,91.324,107.32,81.535,88.718,101,99,88.253,101.32,105.46,92.465,94.253,52.183,110.39,101.93,77.788,101.51,86.112
4,141,134,131,162,136,114,143,127,124,123,127,140,100,118,130,110,121,123,111,117,122,127,118,128,97,129,124,112,129,117
5,131,90,97,120,102,97,120,93,92,90,99,106,73,77,97,75,86,93,92,73,96,100,87,92,41,97,98,75,95,79
6,126,89,103,115,100,95,112,97,89,92,96,95,74,75,102,80,80,92,90,77,92,99,91,80,41,100,95,70,90,81
7,144,134,131,153,127,118,142,126,121,122,127,144,94,118,125,104,118,130,112,116,120,129,113,123,87,129,124,103,121,115
8,133,118,113,141,115,101,132,104,108,108,110,129,85,101,112,91,103,113,105,98,106,116,103,105,78,108,107,89,111,98
9,123,93,105,112,98,97,113,105,92,94,100,99,80,84,106,80,84,99,94,86,92,104,92,89,41,109,103,79,96,88
10,137,124,128,146,121,113,135,125,121,111,131,141,89,112,129,101,107,118,109,119,113,120,107,116,92,126,117,104,123,114
101,71,34,60,72,77,67,77,95,55,28,41,72,62,21,55,30,49,52,32,43,51,45,65,23,22,65,72,37,38,27
102,19,2,12,37,16,10,21,10,14,0,5,17,16,0,7,5,10,2,2,8,8,4,28,4,3,6,14,3,12,0
103,3,0,3,10,4,4,9,4,3,0,1,7,9,0,1,4,0,1,0,4,1,0,16,0,0,1,3,1,9,0
104,83,74,76,73,81,84,98,106,74,48,66,86,73,52,75,45,73,72,70,66,73,75,74,52,27,86,83,55,64,70
105,35,6,27,53,32,25,37,21,23,3,13,25,35,3,14,10,24,10,4,14,14,10,36,8,5,16,25,6,15,2
106,109,85,95,95,98,90,112,113,84,76,84,91,76,68,82,63,78,84,94,68,81,91,82,59,32,96,88,54,73,58
107,106,101,91,91,95,92,110,106,91,77,85,100,78,63,93,70,83,93,96,76,90,101,86,82,44,108,98,73,92,90
108,42,11,27,52,41,32,39,25,29,5,21,36,42,9,22,12,26,15,7,14,14,9,38,8,6,20,24,8,16,6
109,105,84,96,96,96,93,108,120,81,62,72,87,75,63,83,56,77,74,73,62,82,84,79,51,29,93,90,61,64,56
110,34,17,32,57,34,31,51,30,33,8,21,36,40,11,22,16,36,13,14,27,25,25,48,17,8,29,44,14,22,14
111,24,3,16,47,24,16,27,19,18,0,6,19,26,2,9,8,16,5,4,12,11,9,32,6,4,14,23,5,14,2
112,110,83,104,99,100,90,111,116,86,64,74,89,76,66,86,60,78,78,77,65,76,85,77,47,32,90,87,57,66,52
113,84,67,75,77,84,83,96,101,66,41,60,78,71,42,63,42,67,59,46,54,71,68,69,34,23,81,78,50,46,47
114,83,66,74,75,81,79,96,92,67,43,60,78,68,43,62,41,68,58,54,53,69,69,70,35,22,80,77,51,44,48
115,117,95,111,103,101,94,112,116,94,89,93,104,81,83,102,77,90,105,104,85,95,107,88,80,45,108,104,77,89,84
116,79,66,74,77,78,71,92,84,74,49,63,78,65,48,68,49,72,64,74,58,74,80,73,55,26,88,85,55,61,63
201,148,135,136,133,127,130,147,146,132,130,135,146,104,134,139,118,127,140,128,127,128,126,117,134,98,143,132,120,140,131
202,90,61,78,80,75,68,99,79,72,61,70,72,62,60,71,56,75,65,70,58,73,81,71,67,27,83,87,55,63,62
203,65.274,37.41,58.819,62.046,66.183,55.001,76.864,76.774,57.546,28.546,49.955,53.637,54.819,26.682,49.728,29.046,50.91,41.41,37.955,50.183,56.728,54.955,62.819,41.864,15.955,62.047,71.682,47.455,40.773,47.183
204,118.52,91.414,102.96,101.02,99.893,91.602,109.46,107.41,88.623,93.976,84.914,101.43,77.373,86.018,94.851,75.623,85.893,101.39,98.663,83.893,92.581,103.12,88.373,93.851,53.853,105.25,97.477,79.331,101.12,92.997
205,97,77,86,84,87,85,103,96,82,73,82,91,78,58,78,61,79,88,80,73,88,91,84,82,35,103,92,67,84,89
206,100.46,69.428,82.548,90.118,78.997,77.756,96.635,92.462,76.601,62.911,80.065,77.876,61.412,57.118,74.669,52.325,66.876,74.824,74.979,72.273,73.635,90.582,84.325,70.911,38.291,92.616,88.876,63.205,69.393,74.065
207,123.17,104.79,113.46,111.41,107.6,102.07,124.78,121.93,102.83,103.84,111.84,118.08,81.922,99.082,112.56,86.358,96.497,113.13,102.22,101.27,102.65,107.41,98.546,107.32,65.458,120.56,108.16,89.883,104.76,100.22
208,44.639,21.486,35.691,47.717,36.486,35.023,56.434,36.281,42.229,16.922,18.512,37.896,34.486,18.512,31.101,20.512,35.049,23.486,19.691,27.101,31.101,29.896,39.948,22.333,7.974,36.87,40.307,29.333,21.153,22.075
209,154,156,150,154,143,145,156,158,142,141,152,161,120,152,146,129,140,155,145,148,139,138,138,151,122,155,146,144,152,153
210,139,127,128,120,119,118,135,130,116,130,123,126,97,122,130,109,110,132,123,115,120,117,105,126,75,135,121,110,139,118
211,0,0,0,5.7127,0,0.28735,4.4253,2,1.4253,0,0,2,0,0,0,0,0,0,0,0,0.71265,0,10,0,0,0,1.7127,1,6,0
212,2,0,0,11,3,3,12,4,0,0,0,4,5,0,0,2,0,0,0,1,0,1,14,1,1,0,2,2,6,0
213,16,1,11,30,12,6,28,14,13,2,4,20,16,3,10,5,9,5,1,10,12,11,31,9,3,8,22,10,12,1
214,99,58,78,79,80,79,101,99,75,56,74,77,62,56,70,49,70,69,66,71,74,83,86,64,34,88,86,60,61,69
215,149.49,142.38,137.09,137.68,136.48,133.78,148.58,144.48,131.99,138.28,137.78,150.69,114.78,144.28,138.19,124.78,130.18,142.58,129.38,129.38,132.09,129.09,123.98,138.18,102.17,143.98,138.78,127.37,144.18,134.98
302,141,157,148,129,139,123,154,154,132,130,127,144,111,140,136,122,121,145,138,133,128,143,119,128,100,151,130,114,123,139
303,142,167,153,138,144,142,159,153,138,139,149,150,124,146,149,124,132,146,136,143,140,147,126,144,113,154,136,126,136,149
305,150,165,155,141,151,148,161,156,144,140,156,153,128,161,149,128,142,154,139,144,143,147,143,153,112,158,144,139,151,156
306,145,155,144,134,136,139,149,152,129,135,145,149,120,143,148,116,126,142,129,136,132,144,128,133,100,150,134,115,135,142
307,134,139,133,118,124,116,138,140,120,116,116,128,103,120,128,112,105,138,120,121,127,128,108,116,82,132,119,107,115,121
310,142,147,140,127,131,119,137,141,123,120,119,129,107,130,127,105,109,132,121,120,122,127,114,111,75,132,122,99,121,119
311,147,171,149,137,152,147,161,157,135,144,135,152,121,152,152,131,129,146,133,138,133,148,131,138,107,148,135,125,142,142
312,124,105,117,117,109,101,119,125,94,108,100,114,95,113,108,91,89,106,106,95,112,111,101,88,54,113,113,82,98,102
313,152,182,159,152,171,158,179,168,153,158,166,168,142,170,154,147,152,157,146,156,149,161,150,161,136,162,145,145,158,160
314,136,129,128,124,120,114,133,141,110,115,120,128,101,117,132,102,94,129,117,106,121,125,109,110,73,131,114,102,115,108
315,127.16,128.53,118.95,107.69,112.58,108.95,136.9,143.69,120.85,114.32,101.69,126.9,99.687,109.79,118.32,105.48,105.42,129.48,117.69,99.478,117.58,127.48,103.53,100.43,65.849,133.9,112.37,88.636,103.16,112.22
316,144,182,156,149,169,150,169,163,145,153,162,163,135,165,151,140,146,156,145,155,146,160,145,158,136,161,139,142,152,158
317,130,128,120,115,111,104,132,138,111,105,100,116,94,107,110,106,96,128,119,99,116,122,99,99,60,129,107,97,99,104
318,128,111,125,116,104,104,131,130,102,114,102,125,97,113,113,96,95,111,110,105,115,114,103,99,58,117,113,87,98,104
319,136,123,131,121,109,108,135,136,110,116,117,125,99,117,126,102,101,117,119,113,124,123,102,110,63,133,111,96,105,107
320,133,125,136,128,135,124,130,142,113,128,124,136,108,128,134,106,109,115,123,120,120,128,118,109,81,130,120,101,117,121
321,146,169,151,139,152,144,160,157,140,145,146,152,120,148,148,129,127,143,133,136,136,148,134,146,106,153,138,130,145,143
322,134,128,134,121,117,114,133,134,113,118,117,131,102,124,125,103,104,117,119,115,124,122,106,111,68,130,124,99,113,113
323,149,172,158,139,149,140,163,172,142,141,143,156,126,161,150,130,137,159,142,148,141,148,140,152,115,161,140,136,145,154
401,135,156,150,132,136,129,154,151,130,138,128,143,120,137,137,118,124,136,131,130,142,140,127,136,93,149,129,115,128,137
402,143,158,150,131,140,131,153,154,133,143,138,153,125,145,138,120,123,142,129,133,145,150,132,143,105,154,133,120,135,136
403,140.31,169.99,157.68,140.24,150.24,142.3,161.74,160.18,139.62,145.87,150.55,160.05,128.99,154.68,149.24,132.3,135.87,148.49,140.62,153.87,146.81,154.3,136.68,150.74,122.61,159.24,138.18,132.74,141.74,147.05
404,130,119,125,117,106,114,135,116,108,112,100,124,97,107,122,96,102,108,115,100,111,113,106,91,55,116,110,87,100,101
405,146,181,168,150,168,161,185,171,153,165,175,169,143,168,163,146,157,167,156,167,153,167,154,168,149,169,144,164,160,160
406,124.44,124.63,115.89,105.61,116.8,108.94,131.81,144.53,116.31,113.04,89.515,122.75,102.06,104.22,112.07,98.787,106.89,120.09,122.46,110.47,121.21,120.41,105.06,105.02,77.16,132.1,115.16,98.403,99.691,106.97
407,136,145,142,126,129,121,141,137,117,127,118,140,113,130,133,112,108,124,123,117,124,131,119,123,77,142,124,103,117,125
408,131,123,133,124,128,116,129,135,109,124,120,133,106,123,124,104,103,114,116,110,119,123,113,111,72,129,115,97,113,120
409,129,139,139,125,122,116,138,134,115,126,105,136,113,120,122,107,108,118,122,106,123,131,110,118,78,136,121,104,103,119
410,133,136,137,123,125,113,135,134,116,123,115,131,106,125,128,104,103,118,117,113,120,125,112,116,77,131,116,101,109,116
411,146,159,147,139,137,138,146,152,132,141,148,155,123,142,150,119,124,139,134,138,133,141,128,140,108,145,133,122,136,137
412,150,161,148,137,136,141,155,152,140,138,155,154,125,146,147,126,142,152,132,139,140,146,140,153,107,156,142,131,146,149
413,141,168,156,141,152,135,156,153,137,150,148,156,132,148,141,130,134,149,133,139,151,157,136,149,109,156,132,126,143,147
414,169,194,183,169,185,173,199,183,164,183,188,187,169,185,183,180,179,176,176,186,162,184,174,187,161,182,170,181,176,176
501,114.28,91.664,106.71,114.38,100.28,82.856,117.76,93.236,87.76,87.996,70.712,100.62,74.664,69.664,96.616,70.616,86.664,96.376,89.092,82.76,99.76,102.19,85.712,72.76,46.14,98.472,93.14,67.76,84.188,88.664
502,119,97,102,115,104,84,116,96,90,84,77,103,75,72,96,68,85,95,91,81,98,98,88,72,46,97,98,67,88,89
503,125,105,120,116,98,92,125,102,91,105,86,117,86,96,107,87,100,108,107,94,106,109,99,87,56,115,108,76,92,97
504,35,27,39,58,42,37,74,43,26,33,14,44,28,10,47,20,31,24,27,30,36,36,45,24,10,43,43,32,18,28
505,140,137,134,129,124,115,139,121,114,119,123,136,90,113,121,92,109,123,111,113,117,124,111,114,79,130,124,97,112,114
506,9,3,9,25,14,10,34,13,8,3,2,18,10,1,6,5,7,2,4,5,6,7,26,5,4,1,7,4,2,3
507,133,110,111,123,113,101,127,101,103,103,96,122,83,89,109,85,92,112,105,92,104,113,96,93,65,111,103,80,95,94
508,43,29,43,61,51,39,75,38,28,28,15,45,29,14,46,20,32,31,30,32,34,34,46,22,9,43,40,30,21,25
509,125.32,100.14,114.07,117.46,102.46,93.316,121.85,100.64,92.53,95.855,80.282,116.5,77.462,85.53,101.1,84.034,97.462,103.89,99.282,91.496,106.07,106.07,95.068,85.675,56.855,103.68,103.25,70.855,93.889,96.855
510,126,102,106,119,108,93,122,97,96,92,80,112,79,82,101,80,86,112,103,81,99,106,91,85,56,102,102,76,90,91
511,118,93,101,116,106,91,123,95,91,82,77,102,78,73,100,73,81,97,95,71,95,97,85,76,50,93,93,72,82,84
512,101,74,82,89,81,70,105,83,68,84,48,92,63,70,81,69,69,80,76,70,83,78,85,59,36,77,80,52,68,70
601,0,0,0,0,0,0,0,0,0,0,0,0,0,0,0,0,0,0,0,0,0,0,0,0,0,0,0,0,0,0
602,11,0,10,31,13,5,29,14,7,0,7,11,9,2,10,5,7,1,3,13,7,10,23,4,2,1,9,7,3,2
603,0,0,0,0.049758,0,0,2.3081,0,0,0,0,0,0.049758,0,0,0,0,0,0,0,0,0,0.37664,0.10906,0,0,0.049758,0,0,0
604,95,81,72,92,69,64,101,54,75,72,60,80,54,60,82,60,52,62,61,64,68,77,67,67,30,67,72,56,71,54
605,0,0,0,0,0,0,0,0,0,0,0,0,0,0,0,0,0,0,0,0,0,0,0,0,0,0,0,0,0,0
606,0.68139,0,1.3628,2.7255,0.68139,0,10.132,0.68139,1.3628,0,0.68139,1,4.0883,0,0.68139,0.68139,0,0,0.68139,0,1.3628,3.4069,5.4511,0.31861,0,0,1.6814,1.3628,0,0
607,0,0,0,0,0,0,0,0,0,0,0,0,0,0,0,0,0,0,0,0,0,0,0,0,0,0,0,0,0,0
608,43,34,31,54,33,32,56,29,32,28,15,37,24,8,34,23,29,19,28,33,36,34,38,21,10,25,33,26,23,26
609,0,0,0,0,0,0,2.2587,0,0,0,0,0,0,0,0,0,0,0,0.41956,0,0,0,0.41956,0.41956,0,0,0,0,0,0
610,1.2605,0,0.96745,3.9581,1.3488,0,9.7766,0.76274,1.3488,0,0,1.7302,3.079,0,0,0.67441,0,0,0,0,1.7302,2.6976,3.4046,0.67441,0,0,0.67441,0.38137,0,0
611,0,0,0,0,0,0,0,0,0,0,0,0,0,0,0,0,0,0,0,0,0,0,0,0,0,0,0,0,0,0
612,1.8558,0,0.28526,3.8526,1.2853,0,9.7116,0.28526,0.85578,0,0,1.2853,0.28526,0,0.28526,0.57052,0,0,0,0.28526,0.57052,1.141,3.9968,0,0,0,1.141,0.57052,0,0
613,39.865,23.91,26.91,44.509,23.792,25.47,49.187,23.153,28.43,24.95,13.515,27.549,23.712,16.113,28.47,19.633,21.311,18.712,20.752,23.792,28.989,31.43,34.95,20.792,10.876,22.351,30.43,21.712,21.831,19.752
614,1,0,1,3,0,0,7,0,1,0,0,3,0,0,0,1,0,0,1,0,0,1,1,2,0,0,1,0,0,0
615,60,43,44,61,43,41,66,34,43,32,21,46,37,21,49,35,37,34,32,38,43,45,42,24,12,30,40,29,39,26
616,0,0,0,0,0,0,5,0,0,0,0,0,0,0,0,0,0,0,0,0,0,0,1,0,0,0,1,0,0,0
617,24,19,22,41,21,17,43,25,26,9,10,19,17,6,26,10,20,8,13,22,24,23,31,17,4,16,23,21,17,10
618,0,0,0,0,0,0,0,0,0,0,0,0,0,0,0,0,0,0,0,0,0,0,0,0,0,0,0,0,0,0
701,129,121,109,126,119,100,131,112,110,114,112,129,92,108,119,102,108,110,99,106,114,118,106,105,90,117,109,97,124,108
702,22,6,13,35,31,13,37,12,12,0,9,11,19,7,4,5,10,12,9,14,17,11,22,8,2,7,17,12,12,12
703,134,121,117,129,114,100,140,104,111,120,121,135,84,110,126,105,127,116,111,110,123,125,108,112,88,123,119,102,126,106
704,7,1,10,35,30,4,29,11,8,0,5,8,14,1,2,5,4,5,4,13,17,9,20,5,3,3,9,7,6,5
705,16,9,12,32,21,11,29,11,13,2,11,7,16,5,7,7,17,7,10,13,14,14,21,5,5,5,12,15,14,10
706,120,95,92,120,98,83,119,77,94,98,87,115,73,84,113,86,99,94,88,87,99,105,86,93,56,103,106,81,109,75
707,32.51,16.695,28.814,67.912,54.054,27.282,57.238,24.336,27.347,17.206,20.293,35.075,36.814,18.173,31.597,20.575,26.119,23.206,23.673,29.554,37.347,36.27,36.51,24.423,10.641,26.053,34.282,18.717,32.825,20.902
708,24,11,18,47,40,15,39,13,21,2,11,15,19,8,12,13,23,16,13,22,27,24,28,11,9,13,29,17,19,15
709,26,13,20,60,45,19,43,23,27,7,13,24,31,11,21,19,25,17,20,25,33,27,31,18,8,20,29,12,27,14
710,11,5,9,27,22,7,25,8,8,2,6,5,16,3,3,3,9,3,3,9,13,14,18,6,3,3,9,7,6,6
711,0.086261,0,0,0.21736,1,0,4.479,0.086261,0,0,0.78264,0,1.7826,0,0,0,0,0,0,0,0.086261,0,0.78264,0,0,0,1,0,0,0
712,89,70,65,107,91,68,100,53,71,80,56,78,60,64,84,62,61,65,62,66,74,88,65,71,40,78,76,55,75,57
713,47.514,35.563,38.611,65.867,42.867,32.391,59.184,32.233,35.929,27.149,19.136,37.673,36.647,18.356,42.501,31.709,33.55,27.977,25.501,28.233,44.391,41.343,41.709,33.136,17.294,35.563,38.453,25.709,35.709,24.501
714,28,10,20,50,41,18,45,18,20,3,17,19,23,13,16,9,23,17,15,26,30,21,30,12,7,15,28,17,20,23
715,0,0,0,0,0,0,1,0,0,0,0,0,0,0,0,0,0,0,0,0,0,0,0,0,0,0,1,0,0,0
716,38,17,23,63,59,28,52,23,23,13,21,24,30,19,26,15,23,23,23,31,40,27,33,15,9,19,32,21,27,23
717,97,57,62,90,73,63,98,53,67,69,55,78,56,48,64,52,60,52,50,60,69,78,63,62,30,70,72,49,71,51
718,107.55,76.555,76.69,104.57,94.176,73.298,109.22,69.122,80.163,87.298,75.204,96.771,65.041,65.082,90.69,65.298,79.339,77.906,70.555,76.082,84.298,90.122,75.947,76.339,46.649,82.163,87.339,65.514,86.041,71.122
719,7,3,5,18,13,3,23,8,8,0,4,3,9,3,3,5,7,3,4,7,6,9,13,1,4,1,6,9,4,5
720,0,0,0,3,9,0,9,1,0,0,1,0,3,0,0,1,0,0,0,0,0,0,5,0,0,0,1,0,0,0
721,0,0,0,0,0,0,0,0,0,0,0,0,0,0,0,0,0,0,0,0,0,0,0,0,0,0,0,0,0,0
722,2,0,3,11,9,0,10,4,1,0,1,0,4,0,0,1,0,0,1,0,1,3,9,0,0,0,2,2,0,0
801,61.94,25.709,33.512,56.398,41.636,41.273,55.018,32.86,40.734,44.053,38.257,53.188,38.237,33.746,37.38,27.702,34.372,30.718,27.72,36.884,39.501,42.883,45.366,40.135,25.33,38.263,42.755,27.831,44.272,35.483
802,9.0304,1.2042,2.7094,10.068,7.2081,6.5252,10.443,4.452,6.4154,0,6.7094,3.6125,2.4083,4.321,3.5688,5.0636,4.1273,4.5052,3.0104,3.5688,8.5694,7.011,20.496,1.2042,2.321,1.719,11.309,6.1876,8.9809,5.3314
804,69.171,29.207,35,69.207,56.793,42.548,61.415,29.756,40.793,37.304,38.171,44,33,26.963,40.207,35.378,41.622,40.548,34.585,38.207,49.548,44.963,52.793,38.171,23.585,50.793,59.171,42.963,54,41.548
805,78.291,48.673,57.94,79.223,68.409,63.628,75.631,52.927,53.391,57.189,49.525,54.279,46.355,46.888,55.192,42.82,51.906,52.35,49.144,54.273,62.522,55.93,63.746,47.247,28.278,69.769,69.419,46.906,66.781,55.153
806,77,33,35,69,54,51,68,32,49,43,37,61,45,32,43,37,44,38,35,44,51,49,49,44,19,46,48,35,51,41
807,81,37,43,73,60,54,74,41,52,48,45,63,44,40,46,41,51,46,39,44,61,57,57,50,27,62,66,42,64,45
808,13,1,3,15,9,9,13,8,10,0,9,8,3,4,5,7,5,6,5,6,11,13,25,3,3,5,13,13,14,6
810,114,77,82,110,93,82,106,79,80,99,91,107,67,76,93,72,83,83,74,86,92,97,90,83,67,95,93,76,103,85
812,19,5,6,30,21,18,18,10,11,1,16,10,7,7,13,8,13,9,10,18,16,15,36,6,6,9,20,19,22,12
1001,50,22,43,67,58,48,70,48,35,19,30,32,43,22,31,25,41,27,26,46,53,38,54,30,10,51,47,35,34,35
1002,104,73,75,101,84,70,99,67,71,72,68,85,58,68,81,64,68,69,67,64,79,81,78,69,41,85,79,57,78,64
1003,122,116,105,131,116,93,119,111,102,97,92,112,89,96,110,83,96,103,98,96,99,104,101,98,90,107,109,84,108,101
1004,151,154,145,153,145,141,156,149,145,144,145,157,125,152,142,135,147,139,133,140,144,147,137,150,117,150,142,136,150,143
1005,147,144,138,149,126,136,153,140,130,130,142,153,104,134,139,130,138,135,135,131,137,134,128,137,110,135,133,127,145,131
1006,158.03,158.2,151.03,156.14,149.17,148.17,165.14,158.65,149.48,149.69,155.27,163.55,133.44,157.62,150.1,145.69,154.1,148.14,147.14,145.58,152.03,156.34,144.03,158.07,122.3,160.58,154.03,146.62,156.03,151.55
1007,167,158,154,162,148,155,167,162,155,149,162,170,125,158,153,144,165,152,158,148,156,154,149,159,125,165,160,150,162,154
1008,122,117,107,130,122,93,121,111,105,101,94,117,92,96,109,88,96,103,100,99,102,108,101,98,88,106,109,86,108,98
1009,135,128,113,135,120,109,135,115,114,113,114,131,92,107,121,107,110,120,108,111,121,122,115,113,87,119,115,97,124,113
1010,106,66,77,92,86,85,108,76,79,55,70,80,67,53,78,57,68,63,76,60,78,83,73,63,23,88,74,61,68,60
1011,142,142,139,153,137,122,146,133,131,128,132,149,115,135,131,117,133,126,122,130,132,133,126,136,103,139,127,122,138,131
1012,132,136,126,140,134,113,138,125,120,117,113,133,108,114,123,108,109,120,113,117,118,121,116,118,104,124,118,104,125,121
1013,35.313,15.343,30.702,59.702,43.687,35.717,51.389,37.343,28.985,17.03,20.343,21.359,27.359,16.687,21.702,17.687,34.343,20,17.328,36.359,35.717,31.015,49.343,22.359,11,42.702,40.015,31,28.672,30.03
1014,134,131,126,135,125,110,134,119,118,115,112,133,91,116,120,102,114,121,112,115,120,124,112,112,97,123,124,106,120,119
1015,88,51,64,92,82,73,100,69,66,43,57,70,62,47,67,46,63,51,66,57,75,67,69,59,20,74,65,55,57,54
1016,122.11,96.316,102.57,118.67,105.05,91.953,117.67,94.544,95.262,94.007,91.853,110.32,75.671,84.98,102.88,75.235,94.007,93.571,91.98,92.262,101.83,104.98,90.799,93.853,56.826,103.52,102.13,78.108,98.571,89.879
1017,125,129,116,132,124,101,129,114,112,113,102,126,97,103,117,100,100,112,104,109,112,115,109,110,90,115,112,94,119,107
1018,21,3,23,58,47,24,52,32,22,5,20,16,24,8,20,9,18,16,9,27,24,19,42,14,5,15,30,17,22,16
1019,142,145,140,144,142,128,144,136,133,129,131,144,118,134,131,118,129,129,120,131,138,132,130,137,113,139,128,120,142,133
1020,151,157,148,153,146,146,160,154,148,147,148,157,121,155,144,145,149,142,149,145,148,145,140,153,122,154,149,144,155,149
1101,3.8082,0,0,1.2694,1.9041,1.9041,1.9041,0,1.9041,0,2.9041,0,0.63469,0,0,1.9041,1.9041,2.2694,0.63469,1.2694,3.8082,2.2694,7.0775,0,0,1.2694,2.9041,1.9041,2.5388,0
1102,0,0,0,0,0,0,0,0,0,0,0,0,0,0,0,0,0,0.24494,0,0,0,0,0,0,0,0,0,0,0,0
1103,21,5,9,30,11,15,15,8,16,9,18,11,11,9,14,10,18,13,8,17,13,14,29,6,9,11,24,22,21,15
1104,20.481,2.8102,7.1771,21.975,12.327,11.852,13.116,9.9369,14.654,3.0935,16.281,10.756,9.0775,6.5244,9.7384,9.5455,17.415,10.037,5.5161,9.7583,13.157,13.855,37.665,6.8102,7.0279,8.7891,24.39,21.106,19.404,6.9037
1105,21.836,4.3289,9.5067,34.151,18.507,14.164,17.671,8.4933,17,6.1644,18,11.164,9,9,15.507,11.671,18.493,13.671,11.836,14.164,12.671,18.013,34.342,6.6711,7.3289,10.507,24.507,19.342,24.836,14.329
1106,13.381,4.5739,2.8623,14.613,6.5739,9.8884,8.3145,2.2594,11.436,2.8479,11.929,6.1624,5.6145,6.958,7.2319,6.329,11.217,7.1218,4.5884,10.436,9.3145,9.8073,21.941,3.3145,6.0247,6.629,13.422,14.162,13.025,7.4652
1107,0.23374,0,0,0,0,0,0,0,0,0,0.46747,0,0,0,0,0,0,0,0,0,0,0,1,0,0,0,0,0,0,0
1108,0,0,0,0,0,0,0,0,0,0,2,0,0,0,0,0,0,0,0,1,0,0,1,0,0,0,1,1,0,0
1201,139,125,135,122,116,123,140,124,116,120,119,134,104,122,132,98,110,125,119,112,120,121,113,107,75,130,122,101,108,108
1202,144,163,149,141,149,137,153,143,132,138,142,148,117,142,146,127,127,135,128,142,137,141,130,138,104,145,131,122,136,134
1203,146,155,148,130,134,131,147,143,130,139,140,147,116,141,141,115,120,132,121,131,130,142,122,136,95,142,129,116,127,129
1204,145,148,140,134,126,125,146,133,126,130,131,146,104,134,135,113,123,130,119,126,129,131,124,133,87,142,130,110,126,125
1205,144.39,151.78,139.96,135.39,142.39,128.57,145.78,137.18,129.61,132.18,138.18,150.18,104.78,139.57,142.78,114.78,122.53,130.74,122.18,128.92,130.78,132.78,124.57,139.57,102.31,144.18,130.74,114.96,132.18,131.78
1206,140,139,140,126,124,126,144,131,128,129,131,139,105,130,136,108,114,123,121,122,128,127,115,123,85,136,123,110,123,117
1207,148,164,151,141,147,142,156,150,137,143,152,159,120,148,146,133,136,146,128,135,139,146,136,151,106,157,139,134,144,147
1208,143,136,130,134,122,117,138,123,114,123,119,139,93,122,129,105,119,122,116,119,122,127,115,116,85,132,124,97,113,110
1209,138,126,128,124,116,113,137,118,113,118,103,127,97,117,125,104,110,120,116,108,121,121,108,110,63,129,119,96,106,105
1301,135,108,113,128,112,104,127,104,101,98,108,120,82,94,108,86,92,111,101,89,104,113,103,94,65,114,104,81,101,85
1302,139,132,130,143,125,120,138,124,116,119,129,140,91,118,122,104,112,126,111,115,115,129,113,124,94,126,122,105,127,116
1303,130,122,118,131,114,103,131,110,114,105,107,126,86,96,112,91,98,117,104,98,105,120,106,106,74,116,108,86,100,95
1304,138.33,131.03,130.68,141.33,129.01,113.67,138.01,125.68,118.69,119.02,129,138.68,93.009,118.68,128.34,103,112.35,123.01,115.34,122.33,118.01,122.35,112.01,120.36,90.346,125.68,121.68,102.02,124.69,114.69
1305,138,119,111,127,108,108,133,105,104,102,107,120,82,92,106,80,91,112,101,92,106,109,100,94,65,112,107,83,105,92
1306,142,142,135,133,139,126,143,133,128,134,138,145,102,135,141,112,119,127,122,130,127,128,123,132,100,136,121,113,130,127
1307,142,138,132,133,138,118,141,129,128,127,133,144,98,132,138,108,113,123,119,120,123,128,120,130,91,136,125,107,126,123
1308,145,137,134,139,125,125,143,129,120,125,143,142,102,132,135,109,113,132,117,129,122,126,119,128,92,134,130,108,128,119
1401,141,143,139,152,130,134,149,140,128,131,136,152,110,133,137,125,136,134,130,128,133,133,126,137,106,134,132,121,144,132
1402,146.13,151.7,142.08,157.14,140.01,137.44,156.6,142.24,138.37,140.35,142.71,153.03,123.91,145.87,141.54,135.28,139.41,136.79,137.3,137.25,140.85,141.62,132.74,140.94,119.2,144.98,139.09,133.41,150.04,135.28
1403,150,149,145,154,140,143,153,149,145,140,145,158,116,146,141,138,145,142,144,139,147,138,135,148,115,152,148,135,153,141
1404,134,123,102,131,106,101,134,102,106,114,103,126,84,97,111,102,105,104,106,94,113,116,95,102,70,105,108,94,113,87
1405,142,133,124,133,113,113,139,118,120,124,118,140,85,118,128,119,120,125,117,114,126,125,109,124,88,124,126,109,135,116
1406,151,143,142,147,128,136,149,141,143,140,141,157,106,138,140,131,145,140,135,136,144,137,131,145,104,145,148,133,151,138
1501,142,127,127,134,118,113,145,124,129,127,120,143,92,111,128,108,123,124,115,109,125,126,119,126,84,128,127,111,128,111
1502,138,128,119,141,115,110,141,115,110,110,120,138,87,106,115,94,109,120,106,105,111,123,107,109,80,115,118,92,112,103
1503,118.48,91.478,92.139,117.92,97.12,87.918,117.02,83.34,83.478,87.139,78.359,107.7,73.239,73.258,94.598,76.598,88.478,87.378,83.598,81.579,89.239,95.258,86.019,73.938,54.679,89.818,91.258,67.359,85.918,74.459
1504,136,121,110,144,111,102,140,109,109,112,112,136,86,97,114,86,108,117,107,93,103,114,106,106,74,112,113,88,105,90
1505,129,111,107,122,109,102,126,101,104,101,96,120,81,82,108,81,98,108,101,91,101,113,97,94,63,107,105,80,97,91
1506,89.104,66.503,73.663,94.643,81.523,62.643,97.363,65.663,56.902,63.083,40.782,73.384,56.363,49.622,69.643,48.922,59.503,63.643,53.782,61.363,71.922,65.643,67.181,49.503,41.062,71.363,72.643,49.902,64.964,62.922
1507,144,133,135,155,129,118,146,130,130,123,130,148,98,121,129,109,125,131,118,116,122,131,120,130,93,130,131,114,128,122
1508,134,118,111,128,112,109,136,106,110,110,110,136,84,102,116,89,107,116,111,107,113,117,109,115,74,116,112,96,106,96
1509,63,47,46,69,54,45,80,41,46,40,24,52,37,31,47,29,35,39,37,42,54,42,54,28,19,51,45,34,34,38
1601,56,34,48,69,60,50,87,44,41,35,16,48,40,20,50,27,40,38,35,43,42,40,47,28,13,51,51,36,27,34
1602,43.784,26.583,32.59,63.389,45.781,31.781,67.378,30.788,33.986,18.583,13.993,33.385,27.986,14.989,29.788,15.986,26.788,23.184,19.389,32.392,32.781,32.389,39.791,21.392,11.396,35.982,36.389,29.194,20.784,24.389
1603,7,0,5,30,10,3,20,5,5,0,0,8,6,0,3,3,0,0,2,5,5,4,16,3,2,0,5,2,1,1
1604,92.422,60.316,77.123,98.316,86.509,67.702,100.81,71.211,59.509,58.316,41.211,70.807,59.913,44.316,65.614,43.105,58.614,65.913,58,58,73.211,70.913,67.509,46.807,27.422,70.614,70.422,48.702,58.422,62.825
1605,23.775,11.339,23.399,47.399,32.023,21.369,52.459,17.963,18.151,8.4965,6.8724,26.339,20.527,6.2784,21.587,11.903,16.339,12.557,12.527,19.933,19.151,17.369,31.278,12.872,5.6241,18.835,24.399,14.933,9.5267,13.309
1606,18,5,14,45,25,15,46,21,16,4,9,18,17,2,17,6,10,6,6,19,11,17,30,11,5,12,25,17,8,11
1607,87,54,74,81,76,65,96,70,60,66,34,65,56,42,66,48,56,63,67,54,74,63,66,45,26,67,74,46,53,55
1701,123,111,109,128,108,102,133,103,105,108,109,129,83,94,115,110,114,102,102,99,106,108,99,109,90,111,109,91,127,94
1702,74.217,60.295,56.822,80.04,52.701,49.247,78.529,42.971,56.525,52.452,43.613,65.829,46.966,43.784,57.536,46.434,47.47,46.493,44.486,47.374,55.855,62.577,58.113,51.026,29.752,51.97,55.567,37.394,51.649,39.276
1703,23.804,15.755,22.943,36.976,21.927,15.451,35.451,16.148,20.976,15.247,13.132,19.738,20.132,12.435,20.706,15.419,17.927,13.689,11.91,13.132,21.419,26.451,24.927,17.96,8.3692,13.722,20.468,14.402,14.689,13.419
1704,130,120,104,127,109,101,136,104,104,114,110,131,81,91,114,108,118,103,104,92,102,113,96,105,73,108,111,93,118,93
1801,0,0,0,0,0,0,0,0,0,0,0,0,0,0,0,0,0,0,0,0,0,0,0,0,0,0,0,0,0,0
1802,0,0,0,0,0,0,0,0,0,0,0,0,0,0,0,0,0,0,0,0,0,0,0,0,0,0,0,0,0,0
1803,0,0,0,1,1,0,5,0,0,0,0,0,3,0,0,1,0,0,0,0,0,2,1,0,0,0,2,0,0,0
1804,0,0,0,0,0,0,0,0,0,0,0,0,0,0,0,0,0,0,0,0,0,0,0,0,0,0,0,0,0,0
1805,0,0,0,0,0,0,0,0,0,0,0,0,0,0,0,0,0,0,0,0,0,0,0,0,0,0,0,0,0,0
1806,0,0,0,0,0,0,0,0,0,0,0,0,0,0,0,0,0,0,0,0,0,0,0,0,0,0,0,0,0,0
1807,0,0,0,0,0,0,0,0,0,0,0,0,0,0,0,0,0,0,0,0,0,0,0,0,0,0,0,0,0,0
1808,0,0,0,0,0,0,1,0,0,0,0,0,0,0,0,0,0,0,0,0,0,0,1,0,0,0,0,0,0,0
1809,0,0,0,0,0,0,0,0,0,0,0,0,0,0,0,0,0,0,0,0,0,0,0,0,0,0,0,0,0,0
1901,143.43,151.86,143.36,134.29,135.93,129,150.29,144.29,135,130.64,138.22,141.29,108,136.57,135,121.22,122.57,143.36,127.93,130.57,125.29,136.64,124.93,134.29,99.788,144.07,133.29,112.93,136,133.36
1903,146,149,141,135,134,130,140,141,130,128,133,147,104,137,137,106,116,134,125,133,123,132,121,126,100,140,125,112,133,131
1904,145,161,148,137,143,133,149,146,134,135,134,143,114,145,135,118,118,142,125,138,128,136,123,132,113,146,129,111,138,138
1906,143,150,141,135,134,128,151,140,133,131,137,141,106,136,132,119,121,143,128,130,124,136,124,133,102,143,134,114,134,130
1907,144,163,148,140,145,138,154,143,136,138,144,148,111,146,143,130,132,144,129,137,136,146,133,141,105,154,137,120,139,146
1908,129,115,118,113,110,109,120,133,101,84,92,98,88,89,104,80,84,103,104,90,92,107,91,73,49,108,99,66,97,91
1909,142,146,143,137,132,129,142,135,128,124,132,142,105,135,135,110,116,133,122,126,123,134,119,127,95,140,126,107,129,132
2001,75,41,60,78,77,61,82,71,62,52,57,51,54,36,55,35,56,52,48,58,71,49,72,46,25,76,76,48,51,56
2002,59.602,35.571,58.423,79.43,69.097,60.328,77.224,62.828,50.166,38.376,37.611,45.337,50.918,31.464,47.165,35.253,51.233,44.848,46.253,53.269,54.483,46.209,64.399,41.19,21.511,69.606,63.05,47.308,45.745,50.031
2003,65.696,40.386,53.585,73.549,71.748,57.912,71.731,69.222,56.602,43.877,46.877,47.567,46.947,34.912,49.403,36.403,52.257,49.713,40.222,52.403,62.585,51.403,70.947,41.222,26.947,77.076,71.93,48.93,55.041,54.585
2004,45.015,19.28,42.735,71.647,53.912,43.647,69.191,41.191,33.824,18.191,21.368,30.103,39.28,14.456,36.191,17.735,37.191,26.824,25.015,39.191,36.824,33.824,52.824,22.647,6.9118,43.927,43.824,36.28,25.912,27.28
2101,30,8,24,52,39,28,35,24,24,7,21,13,16,12,19,13,26,18,18,29,30,26,48,19,9,33,38,29,28,22
2102,42.909,12.234,26.35,60.584,44.584,33.675,45.234,22,31.025,15.584,26.325,21.909,19.558,18.675,25.142,20.792,31.792,24.792,21.234,33.675,39.35,30.234,48.442,19.35,11.675,41.025,42.467,31.117,38.234,29.025
2103,71,39,52,75,63,59,83,47,53,49,40,57,46,39,52,36,51,42,42,47,63,61,58,44,25,69,64,42,58,47
2104,69,30,41,76,65,49,64,34,40,28,35,41,39,32,37,29,43,40,37,43,57,44,50,33,17,57,57,38,56,37
2105,43,16,30,68,57,31,47,26,31,14,26,25,20,21,37,23,38,34,27,36,49,39,51,25,13,44,41,35,42,33
2106,69,34,52,75,69,52,77,48,47,42,40,49,44,30,48,35,51,40,36,46,63,53,56,34,19,64,50,41,53,38
2107,40,14,24,61,54,33,51,27,25,11,25,27,22,16,29,18,29,26,24,34,42,32,48,21,10,37,33,30,36,22
2108,79,51,50,81,70,50,83,42,58,54,41,66,46,38,67,50,56,49,44,52,61,64,63,56,29,73,65,46,60,47
2109,70,30,40,72,59,48,74,33,48,36,36,53,43,32,48,39,40,45,38,41,54,50,54,44,25,56,59,41,58,42
2110,31,8,19,44,27,32,27,23,28,14,20,17,14,10,18,15,24,17,16,27,25,27,46,15,14,29,38,29,26,18
2202,0,0,0,0,0,0,0,0,0,0,0,0,0,0,0,0,0,0,0,0,0,0,0,0,0,0,0,0,0,0
2203,0,0,0,0,0,0,0,0,0,0,0,0,0,0,0,0,0,0,0,0,0,0,0,0,0,0,0,0,0,0
2205,0,0,0,0,0,0,0,0,0,0,0,0,0,0,0,0,0,0,0,0,0,0,0,0,0,0,0,0,0,0
2206,0,0,0,0,0,0,0,0,0,0,0,0,0,0,0,0,0,0,0,0,0,0,0.44529,0,0,0,0,0,0,0
2207,0,0,0,0,0,0,0,0,0,0,0,0,0,0,0,0,0,0,0,0,0,0,1,0,0,0,0,0,0,0
2208,2,0,1,3,4,1,10,4,1,0,3,3,4,0,0,2,0,0,2,0,3,1,8,0,0,0,1,1,0,1
2209,0,0,0,0,0,0,0,0,0,0,0,0,0,0,0,0,0,0,0,0,0,0,0,0,0,0,0,0,0,0
2301,136.91,116,118.82,128.28,110.09,116.37,127.09,129.64,110.82,110.73,106.73,126.64,90.911,113.46,124.64,106.09,106.55,115.55,114.73,110.64,112.37,114.55,106.09,114.09,67.641,129.1,125.1,99.73,119.37,108.19
2302,136,110,122,121,114,120,128,129,114,118,125,128,88,115,126,109,109,118,114,115,115,116,105,117,77,129,129,105,128,111
2303,90,62,77,91,73,69,96,75,67,61,48,67,57,46,69,57,55,63,69,61,74,72,75,52,27,77,81,52,57,53
2304,157,166,146,158,137,147,155,157,148,135,156,162,123,154,149,131,142,155,144,150,138,137,139,148,114,154,155,144,156,151
2305,141.66,132.4,131.22,138.62,126.87,123.24,136.52,133.67,122.15,119.48,134.8,134.8,100.96,123.32,128.93,110.36,115.19,126.44,119.28,120.26,122.38,121.01,121.74,121.7,92.322,135.9,129.99,112.94,128.9,119.52
2306,62.087,41.483,61.752,80.699,62.288,60.062,79.609,52.483,52.067,40.161,32.525,45.04,49.51,30.073,52.367,39.62,47.147,40.535,48.488,45.662,59.836,51.025,62.747,34.251,17.326,63.283,62.383,44.689,41.246,41.878
2308,144.91,132.29,131.47,136.4,121.91,128.85,142.23,136.81,126.89,121.4,131.76,141.83,100.85,129.78,133.4,112.94,120.32,134.76,123.42,129.85,123.89,126.4,122.4,126.83,86.848,138.4,137.34,120.29,133.4,128.27
2309,120.99,86.842,102.46,105.64,94.049,90.531,107.72,97.086,86.437,81.437,82.951,91.878,74.441,71.529,97.085,73.624,76.754,85.733,90.235,80.732,88.699,94.455,86.346,77.064,43.68,99.104,95.085,68.457,81.713,76.846
2310,105,73,83,99,86,87,102,87,75,76,63,81,65,62,90,67,63,71,80,69,82,83,78,67,35,90,87,57,67,65
2311,141,129,132,128,124,133,143,138,125,124,139,142,100,133,137,112,123,139,123,129,126,126,115,129,98,143,132,116,136,124
2312,94,60,76,87,81,76,97,78,70,69,52,68,61,52,77,59,56,59,73,60,76,73,74,56,24,82,79,53,62,57
2313,100.68,68.68,87,98.68,81.51,77.02,94.85,86.68,73.68,69.7,58.19,80.02,65.19,60.68,81.04,64.02,69.51,73.53,80.17,69.51,81.51,78.19,79.17,63.36,31.68,84.51,84.02,57.85,66.68,65
2315,115,83,101,104,99,92,108,92,82,77,88,91,73,73,96,70,75,80,90,79,91,93,87,79,41,99,97,66,85,65
2401,2,0,0,12.361,5.639,3,5.9024,4.639,7.639,0,4.2781,3.5415,4,0,1.8195,7.4585,4.0976,1,0,2,5.1805,2.639,26.639,0.81951,2.639,2,14.82,1,9,0.81951
2402,96,65,73,78,79,80,97,94,77,68,76,80,62,54,69,50,64,75,68,71,80,73,78,65,34,87,88,58,71,73
2403,81,59,74,73,77,68,97,96,68,54,65,67,60,44,65,37,65,73,67,67,72,69,75,62,28,85,84,55,57,69
2404,70,54,66,67,70,68,89,85,66,55,61,65,56,41,59,41,60,66,57,62,77,63,76,55,23,81,81,53,60,66
2405,33,9,22,41,36,26,39,35,35,10,28,28,28,10,16,19,26,15,4,23,34,23,50,13,15,29,43,22,22,12
2406,103.3,71.468,77.734,82.567,85.734,87,100.17,103.17,84.3,75.867,75.3,80.867,65.433,58,71.734,50.3,72.133,70.3,64.433,74.567,81.867,76.867,80.133,64.867,39.567,92.167,91.433,59.867,71,75.133
2407,51,26,44,55,57,51,67,62,49,23,48,41,51,19,37,22,51,27,24,43,44,40,60,29,13,55,66,41,38,34
2408,22,5,14,34,25,15,33,24,24,4,16,19,15,5,11,10,18,9,0,11,22,18,43,9,5,17,35,15,14,6
2409,64,38,56.373,56.747,68.506,58.373,74.373,76.627,57.867,48.12,56,49.747,51.373,34.747,44.12,34.253,53.627,40.627,29.494,46.373,61.627,53.747,67.133,36,23.506,61.627,67.88,41,42.88,41.88
2410,80,54,65,73,75,74,88,88,69,61,66,71,59,45,59,39,64,60,52,62,68,69,72,53,31,69,84,49,59,59
2411,108,76,88,95,94,88,106,107,90,79,86,87,68,64,78,59,74,84,81,76,83,85,81,70,42,96,95,65,86,83
2501,139,135,128,130,131,115,137,136,125,122,121,130,97,121,126,108,113,120,122,113,113,123,111,113,89,131,116,97,123,114
2502,134.74,113.14,111.74,113.87,112.54,107.34,127.34,125.21,106.21,102.8,108.21,115.54,91.539,93.473,113.01,88.473,96.934,115.68,110.74,94.868,102.74,121.08,97.671,101.21,56.132,123.34,109.28,81.934,112.21,103.41
2503,140.62,133.35,130.67,131.41,123.14,120.25,132.09,128.88,118.36,118.19,128.51,132.19,99.194,120.03,127.88,110.61,111.61,123.67,116.04,117.03,115.67,123.25,116.77,119.66,86.087,130.77,120.25,100.03,123.3,117.09
2504,125,95,104,113,104,98,115,105,91,96,97,107,77,87,101,82,88,96,105,90,99,106,90,88,54,110,104,78,99,83
2601,23,7,7,37,14,19,31,17,18,3,13,18,16,7,9,10,23,9,11,18,17,16,30,9,7,7,21,16,21,13
2602,1,0,0,0.11419,0,0.11419,0.75158,0.22839,0,0,0.11419,0,0.11419,0,0,0,0,0.29481,0,0,0,0,1.7061,0,0,0,0,0.11419,0,0
2603,4,0,0,3,3,3,5,1,3,0,4,0,2,1,0,2,0,1,2,0,2,4,13,1,0,0,6,4,1,0
2604,0,0,0,0,0,0,0,0,0,0,0,0,0,0,0,0,0,0,0,0,0,0,3,0,0,0,0,0,0,0
2701,150.22,162.77,147.81,135.65,144.65,136.56,163.04,157.92,142.18,143.29,142.88,151.77,118.83,151.4,144.13,128.61,132.92,151.18,139.61,138.77,135.7,142.97,129.61,141.92,106.94,157.38,135.45,126.94,142.45,145.97
2702,66,50,63,73,67,80,84,97,72,32,44,76,63,40,58,42,61,61,50,47,64,55,70,35,22,77,75,44,40,36
2703,144,145,138,132,135,125,145,142,128,125,121,132,108,134,130,110,113,141,130,121,122,132,115,125,83,142,125,101,132,122
2704,139,158,145,131,137,125,150,153,134,133,127,143,112,143,133,119,119,142,135,129,130,140,119,127,91,148,130,113,125,142
2706,60,40,54,71,58,69,80,91,68,28,33,68,52,39,50,41,61,54,46,36,58,50,61,32,22,66,79,43,37,29
2707,21,8,18,57,49,17,45,19,20,5,18,24,31,12,16,13,14,15,14,22,27,20,27,10,3,12,24,8,28,12
2708,143,147,134,127,130,118,145,147,132,124,118,128,103,126,130,112,118,140,128,116,127,136,112,120,83,145,126,106,130,128
2709,148,164,149,133,144,136,155,156,136,140,137,154,117,152,145,124,125,151,138,136,132,140,128,140,96,154,134,129,136,140
2710,109,105,100,100,95,97,117,136,114,87,82,107,89,84,106,81,92,106,102,87,101,110,91,77,44,116,108,69,83,88
2801,67,39,57,82,65,56,85,50,47,34,33,37,50,28,52,34,42,39,39,44,59,45,62,34,16,62,46,39,43,37
2903,61.567,32.867,41.346,71.263,50.771,50.615,47.254,41.135,45.519,49.388,46.752,47.394,32.287,33.369,48.182,34.273,46.47,48.959,38.032,52.142,49.431,47.464,61.198,33.942,30.199,51.329,57.998,44.251,57.984,43.595
2911,48.295,22.839,32.207,59.295,38.104,45.016,45.839,36.927,38.192,33.311,33.295,37.943,29.472,24.383,35.663,24.751,37.472,34.839,25.56,40.663,40.295,38.383,56.016,27.751,21.839,48.223,60.383,38.736,43.119,36.472
2912,81.696,47.311,47.219,88.265,74.494,61.54,60.265,62.063,56.54,61.311,64.109,58.604,46.54,37.926,55.696,48.449,59.632,53.403,42.017,64.357,65.109,57.971,70.678,42.494,34.201,77.971,74.632,47.109,68.449,54.494
2921,36,11,18,52,24,32,21,17,29,19,26,21,16,16,26,17,29,27,23,27,26,28,48,14,21,25,39,30,33,22
2926,83,42,49,86,65,64,56,58,61,65,61,58,40,43,61,50,61,63,44,68,63,60,71,44,40,69,74,47,73,54
2930,71,43,47,83,58,56,54,53,50,65,53,52,36,43,52,45,56,55,36,62,54,52,67,37,35,69,73,45,74,52
3004,91.203,62.022,58.262,86.922,76.981,69.221,74.542,74.841,69.841,68.022,75.601,67.542,51.601,51.502,60.922,55.882,67.701,62.542,46.262,69.502,69.841,61.162,80.081,43.262,39.181,90.941,79.321,58.081,83.361,66.221
3005,105.73,73.922,71.69,113.11,88.466,80.631,94.326,89.494,73.975,84.966,83.395,83.494,67.254,61.066,84.71,60.919,71.498,80.522,63.162,84.09,80.746,79.542,86.223,65.686,42.767,96.955,92.755,66.01,88.394,73.055
3006,107,59,67,96,85,74,88,81,76,75,81,83,62,56,65,61,75,69,52,69,82,64,86,45,39,99,83,55,90,71
3007,121,84,82,107,101,101,115,111,89,102,108,107,90,89,105,85,90,113,92,89,97,91,92,83,58,114,110,81,119,93
3008,94.858,55.861,65.171,96.286,85.669,72.125,90.886,81.414,69.64,68.518,73.241,65.455,59.406,48.328,68.294,49.884,64.838,63.73,58.135,67.752,78.797,64.104,79.341,57.1,34.539,92.187,86.936,56.11,73.413,68.497
3013,138,132,137,151,132,128,142,135,115,126,139,137,110,140,136,118,114,142,125,129,127,130,119,127,108,137,131,117,149,128
3014,104,70,71,105,86,82,97,83,77,88,71,77,62,55,87,54,73,72,60,84,85,77,80,67,35,94,94,64,79,72
3015,56.638,29.877,36.645,67.761,53.877,51.174,55.703,48.058,46.761,40.587,45.348,37.819,37.116,26.645,41.406,33.058,41.29,41.645,29.645,47.529,51.174,41.703,64.529,32.174,26.058,66.587,64.058,41.116,48.29,43.942
3016,125.07,92.66,92.369,123.01,104.4,94.398,116.23,108.11,90.398,101.3,103.69,110.11,79.913,88.272,103.59,82.01,87.621,101.79,88.301,88.98,95.621,94.01,98.233,79.951,68.078,113.36,107.52,79.883,113.01,92.398
3017,124.48,88.625,86.981,127.49,100.82,91.149,108.32,105.32,87.317,98.981,100.31,100.97,78.654,81.962,107.14,71.971,83.317,96.467,79.317,92.813,95.486,96.14,91.495,82.813,57.317,108.99,105.98,76.644,111.31,87.644
3018,135,112,117,145,118,114,127,128,100,116,120,125,97,119,126,101,96,136,115,111,116,117,111,112,91,125,125,105,130,113
3019,59,32,32,73,63,53,52,52,48,45,59,41,36,31,41,42,49,45,30,54,51,44,67,27,29,72,66,41,57,42
3020,77,43,49,73,67,51,59,69,59,53,73,60,49,30,45,52,61,44,32,50,62,47,72,33,35,80,75,38,58,47
3022,130,109,108,136,115,108,125,117,102,111,119,124,93,108,117,94,91,117,99,107,107,109,108,93,72,119,118,97,128,105
3023,64,41,49,73,60,58,63,57,56,55,43,48,44,37,52,34,52,52,39,58,61,55,68,42,31,74,69,43,58,51
3027,79,48,47,89,70,63,68,64,57,66,62,59,47,37,55,47,55,59,34,66,65,55,75,39,31,81,75,43,70,57
3028,93,62,58,81,82,76,93,93,69,72,83,86,70,56,66,58,75,70,60,63,85,70,78,53,34,99,90,56,81,68
3031,67,43,45,78,67,61,61,61,54,58,48,51,47,39,55,43,55,57,37,60,60,57,69,43,28,80,72,44,56,53
3101,123,86,91,121,101,94,111,109,85,94,99,103,77,77,101,72,82,104,83,96,96,99,90,87,51,112,104,84,111,89
3102,126.56,103.13,112.62,119.38,103.4,109.47,119.31,123.65,100.96,106.8,111.71,112.64,92.309,97.036,115.55,92.8,96.309,116.71,102.47,104.96,106.31,106.64,101.56,96.309,68.455,116.98,111.31,94.8,120.64,103.64
3109,134,119,130,138,111,120,130,126,108,118,124,127,104,124,131,106,104,133,115,119,117,115,109,112,84,127,122,109,135,124
3124,100.35,75.583,76.133,97.517,91.45,83.9,97.9,102.9,77.367,73.816,77.433,86.266,62.367,56.517,77.733,59.983,78.217,84.583,75.05,81.833,87.983,75.283,83.833,74.05,42.833,108.83,91.6,67.6,84.35,77.6
3125,112,77,77,97,90,87,101,106,82,84,90,85,67,67,89,68,78,86,68,79,87,82,84,71,47,103,90,72,91,82
3129,139,139,140,151,131,131,142,135,121,129,141,139,109,140,138,120,116,143,125,139,129,126,118,124,106,135,131,120,146,134
