1,68.176,23.022,16.494,35.582,15.379,52.373,96.942,59.92,84.102,34.283,90.997,21.839,51.182,0,42.441,96.453,18.474,91.666,44.071,83.524,59.582,29.273,67.509,42.038,46.656,44.847,34.64,60.406,55.698
2,62.324,14.421,25.491,31.083,0,52.065,64.94,37.986,67.913,23.747,79.488,18.515,39.294,0,42.36,82.853,26.126,63.094,41.063,58.539,60.71,27.818,58.486,31.37,55.556,62.129,25.299,38.726,50.384
3,93.297,13.668,30.065,55.214,16.583,85.664,99.305,16.037,83.852,11.984,87.714,23.052,75.866,0,40.333,98.973,46.522,95.192,89.848,54.303,73.116,30.754,51.528,47.257,61.081,61.548,24.586,33.402,38.21
4,95.973,25.631,20.902,48.405,61.224,39.593,53.389,102.67,144.28,30.319,71.48,39.739,107.35,0,24.214,90.822,49.989,101.05,43.769,106.25,46.44,21.998,80.103,17.714,27.131,41.172,40.919,53.205,113.44
5,163.58,0,10.871,30.613,23.634,13.736,64.154,51.766,52.447,15.126,26.698,25.689,39.573,0,16.494,58.303,69.987,80.638,11.831,42.083,54.741,35.581,78.158,33.853,21.097,78.969,13.397,62.57,52.09
6,101.01,12.57,33.299,45.859,11.733,69.614,75.071,41.223,102.56,11.679,114.84,33.121,82.529,0,45.461,80.115,41.952,99.083,89.36,31.414,58.804,33.978,49.941,43.524,65.208,29.667,38.592,18.504,29.577
7,94.845,49.725,73.097,64.322,42.957,75.947,94.627,106.67,171.97,36.283,98.029,28.309,118.87,0,41.58,120.33,41.162,141.67,94.985,127.65,85.893,29.469,100.58,75.692,53.721,17.24,77.196,56.656,139.78
8,127.49,20.299,12.176,28.977,36.605,11.02,42.578,40.323,69.151,38.118,24.315,15.928,48.933,0,15.229,67.693,41.062,48.572,12.181,60.16,41.958,12.234,43.75,30.413,10.08,65.014,13.546,42.492,37.646
9,128.24,29.222,39.406,34.434,23.359,63.52,46.369,39.475,111.03,45.717,108.49,21.767,77.481,0,65.113,103.21,25.507,68.69,83.733,44.162,59.675,55.303,76.521,43.156,63.52,31.999,43.614,14.517,35.965
10,63.157,11.784,31.383,49.414,17.975,93.247,84.99,27.894,85.096,16.629,47.89,23.658,65.68,0,30.697,92.521,31.65,95.092,66.19,39.306,48.904,28.557,42.929,74.823,33.063,55.059,32.697,32.784,60.7
101,345.19,324.48,246.42,276.98,343.01,146.73,347.45,421.09,238.43,275.27,204.3,452.56,255.35,245.42,340.73,149.31,341.38,498.62,136.31,328.3,142.42,234.84,279.35,134.05,469.75,231.21,347.1,220.29,354.04
102,311.69,177.12,214.65,295.22,306.36,133.66,385.35,246.72,447.74,333.26,346.12,235.38,252.92,40.27,231.36,213.94,235.31,468.2,313.98,251.34,257.25,232.97,171.87,56.977,542.63,231.51,316.21,164.95,356.69
103,395.43,138.4,172.4,338.7,269.57,199.16,522.17,337.73,422.86,350.15,240.05,293.05,313.41,94.045,363.2,178.57,322.15,434.72,275.88,298.81,184.2,375.87,258.73,192.45,568.03,273.99,398.96,271.78,545.11
104,341.83,375.45,256.87,363.81,403.27,150.52,375.96,395.88,267.65,369.92,263.45,403.34,302.08,315.46,494.13,232.66,352.84,476.01,213.03,348.13,215.56,252.16,265.58,187.55,527.62,225.54,350.49,250.29,384.3
105,354.88,230.83,178.32,325.88,297.49,145.78,500.6,246.91,461.15,301.67,294.52,305.15,267.44,87.818,374.63,193.98,280.4,461.84,306.01,221.39,273.05,333.62,188.2,164.05,698.04,248,351.7,217.14,386.45
106,190.33,186.78,115.75,115.14,207.54,125.24,180.06,187.29,286.98,91.174,187,67.813,113.87,41.119,148.78,163.75,218.09,209.18,129.89,135.83,230.5,100.72,176.48,101.61,335.67,132.17,149.15,173.97,352.4
107,248.35,315.22,148.94,246.68,246.52,116.64,330.6,280.04,355.69,311,223.75,176.89,165.16,23.155,280.06,235.11,330.51,350.54,159.87,170.57,289.52,113.26,237.54,113.92,512.55,219.15,202.25,277.97,458.82
108,407.08,211.73,121.59,373.48,347.36,206.87,546.82,388.96,390.28,342.55,309.3,322.03,407.15,136.25,423.58,252.37,360.32,542.07,356.05,375.11,340.73,364.32,308.76,325.27,593.18,307.27,440.05,342.91,532.96
109,201.8,135.3,112.57,239.06,303.46,116.28,305.48,202.3,266.74,203.13,228.1,184.1,118.94,49.848,326.01,234.15,249.15,368.1,203.54,133.25,263.48,148.76,114.22,167.51,444.03,178.04,233.96,225.91,398.24
110,296.53,187.68,187.06,343.52,271,123.61,439.23,241.31,443.94,344.08,398.67,241.25,285.38,152.02,399.33,276.48,352.47,527.78,301.9,217.39,440.28,230.41,248.94,132.92,642.67,308.46,279.55,182.79,420.82
111,290.06,208.99,213.47,338.84,289.39,122.01,405.64,240.72,417.37,332.93,386.65,236.71,304.69,65.816,378.03,271.73,338.48,534.76,293.47,216.2,368.77,201.36,245.78,124.52,555.2,276.76,274.54,202.39,386.35
112,302.6,192.95,171.63,324.08,350.35,111.88,435.83,210.03,380.06,334.1,328.31,271.97,234.53,69.51,384.76,187.07,334.3,449.1,318.83,190.69,418.12,349.35,266.81,209.63,621.38,260.81,302.01,232.72,455.06
113,360.34,230.55,114.27,342.47,385.91,183.65,442.42,419.72,370.02,351.77,351.35,318.97,428.96,163.16,522.62,194.79,332.7,520.78,279.14,347.16,258.04,241.85,294.49,284.42,592.33,264.2,397.93,344.07,497.03
114,299.85,214.35,107.05,336.3,389.56,164.3,429.97,436.1,307.89,371.15,297.8,311.29,355.6,148.8,505.91,202.92,353.37,545.88,268.44,368.82,231.69,189.34,262.68,253.91,480.07,211.98,325.83,284.78,477.67
115,172.89,231.78,175.19,173.72,260.94,89.151,282.8,238.21,333.46,252.05,254.9,181.01,155.9,85.95,226.11,191.6,303.14,377.76,241.89,166.5,269.63,175.02,292.89,119.08,602.49,230.12,209.96,235.13,384.84
116,217.78,271.44,155.63,245.72,251.85,123.73,331.59,240.78,320.22,357.46,293.12,162.91,196.11,30.772,347.87,228.9,282.64,398.61,209.74,193.37,335.14,93.366,229.18,166.3,589.48,224.15,199.56,224.63,422.93
201,170.51,243.49,88.78,119.42,147.08,135.3,204.42,97.624,226.33,187.42,222.67,117.95,252.01,276.69,232.94,251.89,152.32,341.81,227.14,239.54,311.25,117.39,169.24,203.61,323.72,238.39,158.66,231.87,322.76
202,203.78,237.07,148.26,123,175.51,129.69,266.19,76.33,200.62,245.35,235.52,315.32,244.97,292.77,245.85,334.18,221.86,339.84,336.71,215.88,246.44,171.92,289.23,203.5,293.73,232.53,199.38,187.19,384.56
203,186.71,109.82,190.33,140.54,74.788,168.93,236.76,205.49,114.34,307.26,250.56,368.75,132.51,156.28,240.44,166.57,167.32,286.66,288.62,60.438,111.8,148.87,236.11,119.18,219.17,287.92,202.91,102.89,190.89
204,298.96,332.97,205.9,372.62,237.92,144.56,301.17,230.22,295.47,341.59,328.86,292.71,297.46,220.85,292.29,262.48,303.56,404.34,270.92,315.04,298.52,167.56,341.98,167.88,537.3,377.71,305.78,320.77,446.21
205,297.4,370.89,143.39,387.32,253,84.469,357.97,304.84,328.89,374.34,280.11,332.69,248.25,126.76,285.73,234.53,336.88,364.46,224.56,154.02,263.77,174.99,301,158.84,572.6,290.79,267.17,365.63,449.86
206,185.44,129.4,156.88,128.31,99.831,100.52,229.28,188.1,145.91,214.67,189.51,293.27,162.9,241.62,212.79,149.35,183.05,265.36,251.73,45.47,116.13,117.2,292.14,125.04,176.21,175.73,227.61,106.17,234.28
207,214.4,231.15,158.23,127.45,140.34,81.817,223.4,123.03,158.81,220.78,252.06,254.17,235.57,271.89,251.38,182.33,203.56,278.23,328.87,164.87,213.57,123.48,266.91,161.01,275.34,205.49,201.49,188.24,317.6
208,225.19,227.25,177.86,159.62,173.21,126.13,316.54,128.45,212.59,253.44,272.4,363.63,272.76,397.3,248.28,287.25,231.95,324.85,384.4,145.84,206.16,165.59,256.35,174.02,283,266.64,306.3,185.92,384.48
209,202.03,223.64,203.01,100.58,120.66,147.7,281.29,186.54,320.4,269.95,263.36,214.06,276.15,295.83,265.52,231.12,170.48,429.59,205.24,258.72,235.26,116.62,273.69,171.28,352.75,311.33,221.62,186.94,334.75
210,172.24,257.23,295.89,159.97,180.93,141.99,370.73,275.62,249.9,356.44,357.14,282.99,258,297.48,251.35,188.29,229.16,398.97,260.75,380.75,284.86,141.4,319.24,145.84,377.9,347.28,296.74,258.04,347.5
211,273.76,81.32,144.55,128.5,179.25,102.26,280.66,66.58,206.42,147.31,225.44,261.54,236.11,160.47,171.9,355.77,241.31,327.11,221.77,182.31,112.63,148.23,307.72,156.25,230.37,268.68,187.29,135.95,326.2
212,353.96,147.67,179.63,163.8,283.82,202.12,370.44,107.01,299.77,280.14,315.67,346.63,368.43,192.53,344.65,494.47,311.87,397.51,267.22,333.45,111.31,267.4,273.35,164.67,375.46,344.72,253.89,242.88,432.64
213,250.19,77.44,121.79,118.34,99.8,98.53,244.91,100.9,168.93,165.59,190.2,304.04,161.56,168.75,190.48,219.48,236.45,286.73,296.62,58.58,118.95,132.68,286.04,104.79,234.1,204.42,183.01,102.78,267.89
214,200.93,101.97,123.47,120.25,61.843,148.04,257.26,207.42,105.69,283.66,229.24,301.37,143.37,187.55,262.87,144.78,171.28,275.6,241.81,28.046,107.09,134.85,242.83,113.57,176.08,261.2,171.63,89.08,193.45
215,215.52,341.43,178.36,164.81,189.73,149.08,196.95,216.89,375.48,266.92,300.49,206.19,196.51,193.54,230.76,264.11,198.63,420.05,221.16,357.4,249.37,121.23,309.29,122.49,410.56,264.4,230.27,284.21,449.97
302,116.22,174.42,100.56,105.74,167.06,98.219,152.68,196.24,131.84,70.676,87.216,116.33,73.935,45.416,125.41,123.44,194.27,199.1,74.795,68.416,73.828,49.551,93.828,131.62,88.78,117.71,135.77,182.65,244.57
303,117.02,72.712,97.333,69.427,104.7,137.68,114.58,126.8,132.16,130.57,56.915,62.267,50.421,16.849,130.23,155.87,76.923,165.54,75.361,102.65,84.413,29.428,90.561,181.41,74.271,74.195,85.125,132.47,140.4
305,136.58,129.24,106.12,78.32,155.59,153.56,63.004,169.53,136.78,69.021,89.971,68.4,13.165,60.889,102.51,136.14,164.29,182.59,85.07,86.296,110.07,16.987,92.993,182.13,87.338,96.135,111.01,124.7,141.01
306,80.666,157.33,60.66,49.19,57.941,150.12,67.459,116.9,142.55,98.379,65.828,14.608,37.393,19.974,56.418,143.53,127.2,123.95,46.494,79.91,41.179,15.166,77.273,93.101,53.222,51.517,84.25,116.04,162.1
307,118.21,77.178,40.981,84.804,39.032,113.34,76.839,140.59,166.95,70.779,53.066,53.74,50.063,15.335,93.575,104.46,89.024,129.12,68.375,106.55,66.199,57.869,75.538,152.61,74.124,89.127,116.51,74.273,193.86
310,72.2,108.38,54.383,74.674,49.411,98.503,12.428,95.066,129.86,47.871,38.929,31.194,12.488,16.795,86.206,81.989,101.46,146.95,53.102,96.994,87.639,11.644,99.392,134.53,40.558,43.887,71.257,70.229,116.94
311,66.381,115.58,19.7,60.713,57.626,149.54,31.93,132.76,140.92,33.452,48.866,27.151,32.655,20.955,66.989,127.41,101.77,122.73,48.623,87.018,44.314,15.619,120.15,128.98,62.121,55.234,72.356,79.17,121.08
312,58.68,57.613,37.582,42.423,63.495,107.87,92.693,82.602,94.992,78.538,45.681,0,18.82,27.333,50.283,92.116,94.484,79.383,0,62.03,25.454,0,61.015,67.415,44.645,27.662,74.222,75.478,83.772
313,138.1,138.34,67.914,58.997,147.75,175.42,134.52,164.26,165.48,120.4,73.163,123.63,66.967,15.08,110.18,221.29,90.994,183.42,71.066,93.636,78.146,19.492,125.28,190.65,86.388,79.587,137.89,119.97,202.47
314,77.634,48.923,24.796,54.87,64.221,110.08,120.69,116.45,117.67,36.331,31.415,11.461,27.612,0,87.28,73.275,79.525,88.047,54.34,80.492,65.409,25.181,73.438,104.25,42.462,49.151,92,81.044,106.17
315,142.52,113.85,120.81,109.59,178.71,106.31,190.55,227.07,178.86,96.645,25.062,135.78,75.229,77.52,135.77,158.49,214.69,159.72,80.99,76.05,102.34,46.75,102.72,191.38,121.85,102.34,123.23,166.79,224.72
316,103.85,87.453,80.878,70.183,119.46,128.76,99.921,105,117.53,79.295,34.942,56.554,78.363,13.071,93.94,133.45,100.66,141.93,57.459,52.032,36.738,30.749,104.62,157.58,81.296,52.939,110.16,117.13,168.11
317,108.89,63.242,37.091,68.45,35.367,77.666,58.426,165.34,134.65,73.714,11.368,43.368,38.16,43.826,93.06,108.19,102.46,133.25,80.111,63.273,26.381,42.004,56.117,126.19,65.627,58.873,122.34,79.149,191.79
318,43.266,55.996,51.34,75.918,97.566,128.85,107.6,80.594,100.02,67.598,69.508,0,19.394,12.572,85.734,81.114,74.502,66.294,31.132,76.884,45.452,13.11,59.924,95.598,38.106,42.766,77.716,61.914,62.85
319,42.473,56.431,58.092,56.303,82.115,103.2,117.82,95.559,123.56,64.753,53.49,0,18.654,11.892,86.262,76.221,84.004,59.044,39.095,74.818,44.72,25.014,69.03,94.078,39.803,44.046,82.958,77.96,79.248
320,47.913,72.537,27.5,44.077,52.14,112.46,45.712,74.401,120,71.108,66.899,0,16.107,32.23,47.76,102.76,70.208,54.915,11.952,60.469,12.423,11.875,78.313,70.709,59.375,31.359,69.473,51.424,60.798
321,62.429,81.826,84.187,62.639,70.894,115.92,39.399,102.31,131.93,43.415,96.353,26.819,63.788,19.477,72.469,109.88,106.81,132.04,105.12,125.55,65.192,39.886,124.66,157.85,61.786,71.7,69.18,86.898,84.996
322,57.526,42.657,37.588,33.534,88.815,106.79,115.07,92.525,95.228,72.958,69.757,0,19.041,0,69.719,88.566,82.957,55.017,11.029,61.169,16.219,12.458,69.508,65.324,33.247,38.385,87.015,73.441,71.202
323,108.38,87.561,77.747,98.155,95.944,139.97,141.4,220.16,167.75,76.771,86.033,110.62,72.879,72.532,109.94,143.31,169.88,184.88,82.874,54.245,80.899,45.778,124.76,189.94,82.063,58.991,89.97,193.74,181.37
401,83.108,75.024,137.69,51.388,133.11,148.75,242.87,142.42,175.03,16.808,127.1,37.789,75.308,33.203,95.721,91.995,186.56,63.612,46.827,149.1,105.86,55.499,72.27,48.882,52.369,70.439,163.91,98.722,89.835
402,196.69,207.85,255.87,143.45,119.31,304.22,427.62,179.45,189.72,138.88,201.99,109.08,148.64,0,100.44,250.7,335.21,137.15,213.79,275.77,95.812,88.156,89.182,162.12,121.64,192.35,370.59,267.93,184.93
403,159.89,83.292,96.023,83.169,127.65,123.16,112.65,123.14,177.82,45.564,20.507,60.735,58.932,50.691,84.681,98.133,107.61,118.81,88.566,101.49,99.574,46.649,78.228,131.05,77.297,73.258,140.36,66.538,168.36
404,138.4,240.21,272.41,83.666,64.384,387.15,337.23,230.63,304.6,181.34,141.38,104.21,154.92,0,31.11,256.12,207.55,152.92,154.12,343.06,39.266,33.39,119.06,158.84,112.54,176.13,294.54,283.65,112.53
405,102.9,49.262,83.446,57.502,99.524,110.14,126.47,162.52,203.06,11.548,93.709,54.218,49.042,16.602,78.724,64.355,142.36,86.904,61.048,107.59,69.211,32.822,90.577,60.106,42.245,32.067,137.51,68.717,106.52
406,146.21,94.779,115.78,43.083,128.03,95.909,119.82,108.85,183.86,74.577,24.74,36.918,51.857,82.709,62.789,118.47,85.075,129,109.47,119.29,95.538,42.005,149.99,186.42,99.312,54.561,74.942,60.207,128.13
407,104.06,135.05,196.99,82.192,67.876,178.61,173.68,166.7,137.89,99.265,66.322,40.108,57.193,0,43.849,182.79,100.32,80.065,58.321,149.83,44.339,19.342,57.378,93.719,64.494,81.545,142.05,146.88,76.127
408,35.437,83.519,43.634,41.761,54.292,117.7,57.614,94.698,133.09,59.831,58.758,11.821,16.171,17.461,48.652,102.32,91.049,70.331,24.338,97.339,26.44,26.143,78.38,72.795,55.252,47.346,56.223,76.688,80.934
409,99.792,112.86,150.28,98.053,67.306,162.36,164.55,140.21,111.7,102.62,69.701,56.598,79.454,0,68.011,167.54,119.47,62.262,56.279,111.64,60.487,40.661,37.403,78.09,49.925,96.559,135.66,125.1,74.015
410,55.346,124.51,140.01,32.022,59.068,174.06,121.03,162.17,162.23,100.78,37.762,30.441,59.948,0,20.64,98.157,102.17,85.962,32.205,95.496,18.321,15.28,55.669,99.098,48.734,49.244,98.461,115.29,67.874
411,30.01,30.558,62.275,0,49.408,131.19,54.882,130.39,142.94,83.156,45.167,38.789,78.674,12.258,25.632,59.363,87.998,101.9,60.995,80.771,41.633,29.106,104.22,78.574,14.475,71.301,51.413,91.268,130.98
412,62.687,59.543,70.45,0,66.86,139.97,70.148,138.34,165.49,99.579,55.986,68.087,88.324,13.557,16.345,83.571,124.69,85.342,90.357,71.651,69.845,41.608,87.08,89.759,0,107.31,64.009,64.56,119.39
413,187.84,188.16,191.02,79.588,139.43,290.15,307.27,183.36,214.91,73.428,147.72,94.667,118.18,47.059,153.58,172.2,300.87,142.94,134.59,210.13,104.2,81.77,108.21,96.142,97.893,136.57,275.52,208.97,131.31
414,148.09,94.109,129.29,89.328,88.065,101.16,111.4,147.13,165.18,56.183,25.803,102.25,84.902,74.874,58.601,64.783,92.467,168.52,107.39,114.28,131.07,50.963,118.96,120.36,81.219,90.891,134.6,90.582,177.74
501,158.91,234.39,135.48,42.38,109.99,253.27,65.962,192.9,187.08,76.107,110.05,74.089,171.48,0,58.509,115.46,82.84,98.169,225.29,104.13,70.04,27.211,68.582,97.66,108.56,149.19,123.77,90.282,138.54
502,118.02,188.48,97.438,45.918,105.49,170.97,59.487,119.67,217.29,66.494,132.41,53.653,157.29,0,68.666,67.727,116.23,90.453,180.84,144.81,73.098,20.675,55.988,62.882,71.567,131.92,116.48,93.973,107.15
503,189.92,169.73,306.69,113.99,206.1,309.05,122.63,343.49,190.78,98.291,75.774,88.944,151.7,0,0,167.69,64.225,164.07,193.14,184.57,129.35,0,121.38,235.44,26.387,120.66,86.571,159.81,169.47
504,160.2,209.93,145.04,70.662,71.697,231.43,93.394,236.9,253.2,26.289,82.86,85.615,104.94,0,54.916,157.24,63.683,56.452,113.21,127.95,117.29,28.483,73.543,118.52,70.036,87.619,68.336,118.07,185.5
505,92.775,122.13,101.53,43.445,81.328,133.3,121.61,54.258,159.49,93.066,116.87,76.42,140.19,0,18.097,59.906,89.635,96.786,111.84,156.67,81.948,0,75.081,93.473,80.823,73.038,72.323,60.957,100.51
506,95.492,206.1,53.287,44.754,56.082,217.41,71.665,144.26,252.34,0,89.807,62.632,40.901,0,51.616,152.35,57.119,67.19,66.948,128.42,91.96,30.291,36.737,98.226,60.584,55.356,61.381,88.373,170.47
507,101.79,125.87,66.836,67.713,74.074,153.96,48.763,67.76,286.69,41.985,76.803,42.6,130.86,0,0,61.48,163.79,134.14,117.24,160.66,79.824,23.299,47.207,88.888,60.915,102.44,90.244,43.241,99.124
508,167.62,248.43,83.175,40.854,83.442,222.16,70.063,144.92,219.38,0,30.446,32.332,76.751,0,80.833,145.76,58.322,54.405,151.18,106.92,70.108,28.189,65.454,75.113,78.793,86.436,91.858,115.43,170.58
509,183.17,229.64,234.77,87.884,153.7,243.12,100.65,240.36,202.35,111.62,71.361,91.275,147.64,0,45.059,130.3,123.87,149.26,225.68,142.24,114.07,25.6,110.17,158.44,124.45,120.05,139.13,157.23,153.46
510,110.24,160.21,139.77,69.58,87.952,144.26,74.836,83.344,209.69,85.142,114.04,64.062,177.32,0,40.85,86.337,129.25,135.3,127.79,203.25,93.463,0,81.174,121.73,68.204,91.267,75.273,72.478,99.326
511,118.2,211.81,103.14,91.461,85.314,162.08,53.503,122.05,304.19,47.725,92.771,44.271,138.23,0,43.714,70.088,158.83,128.93,154.05,193.96,97.351,0,80.455,103.77,91.954,104.07,95.125,97.703,109.85
512,147.15,170.22,219.16,69.619,136.74,221.97,88.924,283.4,211.96,90.161,91.082,87.448,144.7,0,0,154.17,63.345,96.029,173.98,172.61,124.08,25.065,86.202,202.29,86.616,116.22,101.01,139.56,147.15
601,57.139,0,0,48.3,0,50.101,53.837,0,0,32.662,132.07,97.071,31.49,0,24.635,22.746,38.47,54.209,57.284,23.634,0,0,36.175,0,48.485,68.398,175.38,32.766,62.719
602,164.71,243.12,103.39,49.462,55.76,234,248.33,522.33,457.94,0,393.35,143.48,88.622,0,340.61,225.24,305.58,247.33,192.73,124.07,271.3,0,0,0,140.28,131.09,126.04,54.987,358.46
603,181.26,20.494,1.5908,32.273,2.9476,128.82,28.251,78.314,236.19,0,135.7,165.22,45.178,0,60.827,90.783,3.7935,103.04,24.732,55.517,4.6011,45.026,52.234,3.0992,4.5862,90.7,40.065,66.467,68.525
604,270.18,95.524,194.08,182.73,0,208.84,141.66,444.74,285.86,67.335,117.16,207.48,297.22,0,334.08,365.57,264.69,309.83,421.08,210.39,156.57,43.121,0,114.21,63.103,118.73,113.57,191.23,197.82
605,119.91,41.35,0,80.045,0,76.326,30.476,0,297.99,29.866,69.19,140.55,40.432,0,0,34.412,61.007,69.431,62.006,42.882,0,44.795,86.125,0,32.947,158.35,70.873,70.198,35.096
606,211.59,28.605,0,126.91,0,111.31,42.734,127.8,210.67,0,191.32,105.01,135.23,0,99.441,124.28,122.36,263.61,75.793,95.2,0,53.613,214.23,0,88.686,142.43,40.185,199.87,66.111
607,140.34,0,22.266,0,0,47.725,20.841,23.007,0,0,176.5,167.79,31.529,0,33.992,36.997,20.97,29.5,29.436,49.087,23.095,0,26.924,0,27.694,52.68,139.51,0,82.782
608,274.56,232.6,149.37,171.14,118.52,228.05,222.34,486.46,577.86,0,382.37,160.61,193.73,0,237.31,380.54,335.9,324.97,221.33,170.73,239.59,50.084,0,94.794,149.18,124.53,145.29,60.451,434.13
609,140.65,0,13.087,25.994,12.589,87.666,0,111.08,96.628,25.067,126.53,137.73,28.184,0,58.829,12.208,0,40.232,75.477,43.388,11.532,41.446,49.76,11.936,15.239,77.443,134.11,25.974,102.45
610,237.21,29.162,47.628,127.66,0,77.891,51.051,149.61,253.52,13.148,141.35,181.41,105.19,0,46.844,159.01,48.006,161.98,110.44,104.72,26.314,58.025,123.38,0,51.05,96.914,25.141,75.552,79.05
611,146.7,30.852,0,0,0,65.732,41.127,0,161.69,31.107,146.78,171.14,33.772,0,0,43.378,29.209,35.641,29.886,26.006,27.418,29.325,79.492,0,0,57.673,110.53,27.622,31.772
612,211.54,94.246,0,70.762,59.108,86.794,143.67,221.6,369.02,0,269.8,179.42,29.027,0,135.67,120.54,99.788,99.12,98.367,47.998,65.691,48.172,66,0,131.81,42.816,82.287,71.738,185.79
613,304.04,113.59,141.2,189.7,0,151.04,162.96,555.36,402.17,55.817,293.33,142.62,237.88,0,186.27,337.03,229,244.27,288.38,151.41,126.01,23.814,121.68,105.39,153.07,170.53,119.04,78.707,276.58
614,127.82,31.468,0,0,41.249,106.93,67.903,168.4,216.43,0,263.24,166.81,0,0,123.79,82.181,69.111,65.439,140.5,30.931,137.3,45.039,49.615,0,40.365,66.102,95.474,34.605,175.82
615,246.38,49.817,51.754,154.07,0,160.23,119.55,357.02,203.62,50.355,183.79,191.07,208.96,0,177.31,190.13,107.81,305.7,201.9,133.6,49.18,49.23,116.49,43.679,53.992,74.137,48.618,117.87,163.16
616,225.37,30.602,31.541,153.65,0,31.011,29.718,72.121,168.8,0,149.11,153.86,59.717,0,32.457,75.358,68.312,226.84,38.206,41.722,0,70.402,154.62,0,84.397,163.48,0,136.33,46.207
617,358.35,306.31,161.66,173.84,119.12,233.86,268.86,635.49,504.32,50.271,334.86,176.61,105.88,0,203.6,464.62,318.35,252.51,262.04,189.94,246.05,50.502,48.721,117.93,206.59,133.26,160.97,60.147,360.16
618,156.93,0,0,84.027,0,30.654,30.078,36.593,117.03,0,137.36,91.972,43.666,0,34.815,41.518,139.37,162.83,65.452,48.53,0,59.706,138.73,0,89.913,169.19,82.316,198.99,31.774
701,79.79,15.351,58.31,0,0,24.008,17.801,75.789,14.489,17.363,14.413,0,47.857,0,0,51.621,31.932,141.47,91.101,45.569,47.859,0,58.392,0,36.659,31.118,40.256,14.705,17.52
702,112.53,21.071,76.873,0,0,41.951,96.519,109.46,76.176,75.651,97.632,48.097,88.923,0,0,30.611,64.243,111.12,0,44.677,23.921,0,52.161,0,39.916,22.08,21.795,0,81.849
703,194.09,64.536,69.272,24.137,0,98.95,58.22,104.69,54.061,109.61,24.83,25.241,101.06,0,51.838,89.023,71.536,346.43,211.36,26.891,96.712,0,67.39,22.873,36.878,146.86,0,29.149,29.441
704,94.98,28.936,66.376,0,0,136.98,114.07,154.07,63.424,113.59,117.03,64.208,113.48,0,0,41.994,98.537,189.21,31.032,62.593,38.88,29.282,81.796,0,48.954,0,37.401,33.295,82.54
705,53.181,0,32.952,0,0,72.397,159.43,144.83,33.714,56.102,91.75,84.469,116.59,0,0,50.047,0,37.979,0,33.333,31.04,0,95.456,0,79.792,28.847,0,25.229,113.98
706,270.58,123.28,131.93,43.69,39.629,237.52,82.083,108.8,117.47,170.51,185.24,0,190.91,0,123.38,75.961,145.22,599.03,240.07,38.594,82.984,0,77.408,0,40.336,175.79,0,88.083,52.227
707,237.87,40.982,116.05,45.997,45.581,147.97,108.58,84.436,64.644,170.53,125.46,21.046,168.8,0,23.015,60.182,124.65,421.22,33.83,46.629,28.487,0,27.857,0,17.666,50.995,14.918,67.291,75.856
708,93.85,0,102.89,0,0,73.687,102.8,116.39,80.064,71.534,103.84,52.517,69.095,0,0,31.794,74.287,143.19,0,49.836,27.826,0,61.941,0,40.453,0,25.83,23.938,68.284
709,175.81,45.753,64.605,0,0,200.77,92.444,111.13,0,167.03,92.489,69.841,116.26,0,0,50.122,172.82,308.88,39.781,61.16,74.241,63.647,106.52,0,64.178,0,38.195,78.109,113
710,291.67,44.16,169.17,0,0,225.61,89.062,87.564,0,139.83,153.53,133.46,135.3,0,0,123.36,91.988,556.09,121.79,45.904,33.012,0,50.511,0,37.273,107.36,0,133.63,101.66
711,42.364,0,51.51,51.691,0,43.018,123.15,140.9,19.982,73.089,73.975,128.13,58.428,0,0,0,11.356,33.958,18.789,55.813,29.699,0,86.339,0,29.543,0,8.793,27.896,96.162
712,270.82,41.021,112.63,54.845,0,102.85,92.348,82.097,65.589,183.83,35.183,0,101.01,0,61.124,60.246,93.061,364.07,124.06,37.137,26.564,0,27.556,0,27.28,104.21,0,72.542,65.914
713,304.27,60.608,80.298,8.2678,7.3712,418.42,108.49,123.34,8.6674,222.44,305.02,163.48,103.84,0,106.86,164.15,107.06,640.48,210.74,46.108,62.722,0,182.43,0,54.434,187.9,0,166.12,133.22
714,109.4,0,40.486,0,0,31.364,92.814,90.876,42.814,72.909,55.62,53.557,52.495,0,0,19.698,48.809,65.524,0,29.735,21.757,0,44.05,0,32.101,20.692,20.066,0,52.492
715,67.265,0,106.91,73.042,0,79.35,116.02,136.53,0,70.8,84.988,134.97,79.815,0,0,0,65.323,33.504,0,76.859,29.935,0,53.624,0,0,0,40.191,0,51.122
716,192.29,29.275,82.356,20.209,0,52.849,36.668,49.235,49.948,84.126,33.479,41.644,53.616,0,0,36.388,67.214,213.4,0,33.481,21.873,0,0,0,45.165,40.478,0,47.367,50.716
717,169.68,19.524,81.918,0,0,18.422,39.776,53.317,36.766,87.063,25.517,16.114,37.349,0,0,31.565,86.063,130.72,0,38.316,38.884,0,14.372,0,35.029,14.186,35.344,31.997,35.65
718,199.95,39.048,83.985,19.901,0,56.657,58.215,54.269,45.734,111.82,34.69,0,64.343,0,8.4694,49.601,95.893,232.4,58.072,26.135,24.116,0,25.724,0,43.269,74.438,0,38.891,42.902
719,0,0,36.269,25.494,0,98.891,149.54,129.5,51.413,61.759,95.443,62.603,84.448,0,0,0,0,32.791,0,31.92,30.375,0,88.417,0,69.55,23.068,0,25.108,117.64
720,109.63,0,103.95,0,0,122.75,150.68,143.25,0,130.03,54.48,37.398,107.04,0,0,34.232,70.516,145.6,67.21,56.497,45.622,34.48,113.59,0,40.171,0,30.994,37.973,83.651
721,119.44,0,72.465,121.64,0,152.6,152.02,103.81,0,38.892,80.411,115.69,58.288,0,0,0,53.246,31.373,0,81.884,30.737,0,41.151,0,0,0,45.386,31.641,50.75
722,259,31.829,97.832,29.813,0,146.85,120.15,96.222,31.977,171.66,54.246,90.537,82.681,0,0,72.023,62.592,221.09,0,54.035,38.398,0,65.184,0,38.213,0,29.921,37.458,75.539
801,82.344,38.056,26.222,26.661,2.7096,72.482,127.66,215.99,17.578,84.308,86.89,85.769,93.762,0,0,13.532,9.2229,52.22,28.942,22.96,23.376,16.336,99.451,8.2626,77.989,32.496,74.157,47.267,99.676
802,56.636,15.058,42.448,19.18,6.3315,34.817,34.089,50.263,4.3467,0,17.056,22.504,45.939,4.3464,0,0,0,55.282,18.936,5.5485,18.956,0,47.196,0,29.421,7.1377,30.087,22.359,58.66
804,113.06,0,29.925,2.8097,0,10.921,33.423,62.807,9.0439,56.698,24.589,52.281,22.083,0,2.971,0,11.632,36.688,14.542,31.493,3.0569,0,15.389,0,0,13.11,12.323,0,59.829
805,97.403,27.047,48.817,14.093,27.071,37.93,46.395,74.972,28.197,86.401,27.859,25.23,13.084,8.2091,11.4,17.743,42.64,66.298,16.443,33.923,25.61,4.2259,35.867,13.015,12.254,42.259,11.22,27.065,100.06
806,92.977,0,16.491,0,0,54.484,107.04,123.21,24.643,38.296,61.28,22.779,60.573,0,0,32.023,15.637,35.714,0,21.963,20.023,17.114,71.307,0,72.13,23.083,42.714,17.005,81.545
807,104.56,12.147,42.407,0,0,15.924,47.931,57.046,14.491,64.524,47.934,28.125,32.93,0,0,13.604,23.219,46.565,12.824,33.087,0,0,0,0,18.151,15.485,17.982,13.117,63.382
808,45.579,9.1867,12.637,0,0,14.698,34.04,62.086,0,18.247,9.1301,0,15.787,0,0,0,0,27.513,18.137,8.9648,0,0,18.922,0,7.2138,0,22.878,19.05,9.8386
810,108.02,19.513,30.396,0,0,93.768,128.66,130.2,38.407,22.139,39.799,66.842,56.012,21.769,0,18.114,0,42.046,44.226,30.094,19.758,17.275,74.162,0,89.605,38.746,60.843,44.795,107.35
812,69.513,0,9.6002,9.5154,8.218,47.887,25.822,36.237,9.3998,51.639,10.513,12.307,11.925,0,0,0,9.3722,15.055,8.1777,24.556,9.7478,0,27.444,0,0,17.908,21.047,0,48.351
1001,96.051,16.786,26.344,13.679,11.896,9.5102,18.023,0,11.478,22.288,76.062,0,38.083,0,19.939,40.77,8.8818,31.479,0,30.142,21.635,13.468,48.589,0,29.229,30.789,40.228,22.697,0
1002,43.662,10.124,39.457,10.46,0,10.064,0,29.675,12.809,9.5995,12.887,0,29.192,0,9.5764,25.791,10.825,70.47,13.297,41.209,12.243,0,16.161,0,9.796,17.06,32.585,29.435,0
1003,93.18,0,29.57,26.27,0,11.37,19.77,40.74,25.9,42.76,14.5,0,39.86,0,0,16.84,0,52.01,23.03,97.07,14.43,0,11.33,0,12.9,14.45,69.91,27.38,0
1004,129.89,18.087,41.764,51.186,60.243,25.961,52.587,109.04,161.09,0,34.883,56.712,124,0,23.106,67.906,65.096,98.351,32.522,172.72,61.204,21.981,62.43,0,39.706,57.5,77.323,33.552,128.19
1005,122.34,70.603,125.84,122.17,0,132.78,134.15,216.06,109.57,112.36,123.37,97.096,168.64,0,65.514,111.11,183.11,354.83,187.16,85.714,101.39,0,95.026,31.732,44.392,113.6,53.748,76.511,0
1006,152.37,59.417,97.927,75.292,82.784,41.95,77.292,184.18,239.23,9.8809,49.932,106.63,151.78,0,44.868,108.99,85.496,159.58,68.052,212.34,112.73,30.345,87.586,11.689,62.372,61.185,90.19,44.542,165.66
1007,227.29,115.55,226.39,127.93,121.92,154.7,113.17,446.19,491.68,45.452,117.46,179.22,297.16,0,93.331,267.89,282.2,258.16,233.45,323.43,179.53,43.116,137.34,39.963,107.67,133.1,156.09,63.559,242.15
1008,72.846,0,28.48,28.697,0,0,21.353,46.65,26.917,39.04,14.583,0,56.304,0,0,14.013,0,71.987,12.36,100.33,14.457,0,24.29,0,13.547,14.933,68.104,41.85,0
1009,62.193,12.731,48.372,40.922,0,18.655,22.545,95.799,23.755,18.667,14.298,0,69.289,0,0,24.408,33.971,147.93,78.703,100.59,24.788,0,42.412,0,12.784,26.805,51.774,65.703,0
1010,177.29,21.059,21.545,40.942,13.464,15.409,62.622,34.483,60.377,47.771,79.423,22.514,39.071,0,23.835,69.124,66.575,91.392,25.014,52.998,53.504,38.744,76.56,27.287,11.105,72.21,43.116,60.795,43.93
1011,103.34,13.283,20.831,38.079,51.091,13.616,38.392,61.929,102.56,42.98,29.357,18.787,100.37,0,18.821,65.078,37.462,65.374,15.681,131.61,39.873,17.017,60.659,14.58,13.421,75.13,45.812,43.071,81.184
1012,106.21,0,15.97,45.402,0,0,46.791,86.995,74.098,21.126,0,22.681,82.184,0,16.505,17.401,35.039,79.762,74.241,173.42,19.538,0,18.443,0,21.696,19.631,98.606,59.578,0
1013,47.904,14.229,35.025,0,0,13.058,17.482,5.8954,0,7.8794,33.553,0,28.243,0,6.6152,32.013,3.2555,32.269,0,15.609,14.599,29.111,17.599,0,27.246,18.555,34.347,12.07,0
1014,127.27,11.705,33.213,35.158,11.67,11.68,23.378,30.086,46.943,57.597,26.99,18.367,47.589,0,0,29.222,0,48.124,38.555,159.09,22.262,0,26.315,0,17.354,50.163,85.612,49.994,26.986
1015,127.77,35.145,35.74,53.166,0,32.199,20.957,20.267,22.81,33.586,66.673,9.5828,41.158,0,18.285,67.172,22.02,20.976,11.414,54.719,38.894,10.517,52.624,11.999,26.883,48.899,59.992,37.598,20.223
1016,125.88,10.42,27.972,27.735,6.5606,7.8915,15.119,17.121,31.838,36.541,35.202,13.509,17.449,0,14.636,46.043,13.352,36.469,26.299,98.808,20.647,0,31.232,8.5285,12.818,38.503,47.943,42.243,17.612
1017,100.55,0,18.176,41.236,0,0,42.762,95.036,63.874,21.58,15.112,16.914,80.378,0,0,19.556,33.002,129.45,72.602,132.15,0,0,38.508,0,18.266,31.836,56.074,47.688,0
1018,81.7,11.51,0,14.652,21.421,31.201,10.494,0,23.279,21.184,61.346,10.119,31.544,0,10.14,59.676,36.126,23.693,0,23.282,34.42,19.239,60.893,10.905,26.218,54.381,29.134,11.321,42.974
1019,88.096,13.176,34.441,40.167,14.254,0,41.247,37.379,53.484,31.094,13.179,23.196,61.432,0,13.634,16.191,0,55.916,84.868,187.59,18.041,13.759,31.033,0,20.429,50.321,113.01,43.515,15.85
1020,151.09,21.902,89.37,67.237,27.941,60.466,82.861,185.16,146.87,28.851,0,89.674,154.15,0,28.909,133.03,65.588,140.9,152.32,249.42,46.961,26.224,107.84,0,115.58,30.536,121.19,62.49,136.34
1101,10.806,0,0,8.2092,15.294,57.019,11.298,0,17.437,0,0,29.013,144.83,0,0,0,0,40.583,20.259,0,0,96.073,24.009,41.044,12.474,0,11.908,20.226,40.908
1102,26.349,0,24.878,0,11.707,0,37.952,0,0,73.853,32.375,64.763,0,0,0,0,0,33.951,53.371,55.573,54.517,24.086,12.218,76.196,6.3345,18.945,51.666,0,13.953
1103,0,15.837,0,0,44.316,36.806,0,14.939,0,0,18.683,36.766,112.01,0,0,0,0,37.467,35.039,16.456,46.581,75.26,0,17.301,40.543,16.135,0,0,0
1104,63.958,0,20.914,5.9119,0.91366,58.209,34.715,11.863,6.379,12.437,17.105,0,23.98,0,0,0,0,44.176,27.446,9.2374,8.6405,0,16.636,0,14.337,0,0,25.064,23.771
1105,32.341,0,12.536,21.117,2.6598,63.94,20.361,3.1,20.847,13.51,17.883,2.497,44.477,0,0,0,0,60.786,57.72,0,18.58,7.5652,47.858,0,20.181,3.42,16.305,17.03,63.629
1106,0,35.551,10.667,10.478,47.618,4.8498,0,0,8.8861,23.274,36.941,72.511,33.371,0,0,0,0,38.963,17.774,42.921,132.9,37.805,10.269,12.571,47.057,25.705,36.582,0,11.399
1107,5.8541,24.238,16.286,22.339,58.409,0,0,0,20.267,19.63,14.131,51.821,30.875,0,0,0,0,51.935,50.977,27.372,36.169,99.306,61.091,46.222,25.07,29.564,77.584,33.484,5.1006
1108,19.694,50.553,0,24.02,68.496,0,0,0,0,47.194,41.611,128.27,89.083,0,0,0,0,40.779,64.23,46.292,43.934,26.587,0,29.805,24.634,56.979,72.884,21.174,0
1201,174.4,205.68,318.46,42.209,94.384,373.78,238.25,361.19,360.54,98.766,101.18,106.86,204.95,0,0,264.91,132.87,318.83,172.19,332.01,65.972,31.058,148.54,152.5,32.616,35.536,254.03,220.13,140.29
1202,41.327,47.801,74.727,13.921,52.165,130.63,75.356,76.166,63.758,57.697,50.549,27.518,63.088,0,42.666,102.47,68.247,33.215,82.03,52.774,22.268,20.534,103.9,68.529,20.588,85.965,104.55,87.896,101.59
1203,78.434,82.747,174.55,16.707,83.017,182.71,113.52,179.05,166.14,81.28,56.959,129.23,107.68,0,22.745,84.679,141.49,121.62,90.391,96.989,59.506,17.838,67.331,85.376,0,110.52,94.904,120.57,177.2
1204,99.47,146.54,185.24,0,114.71,185.11,112.89,159.11,158.1,129.1,50.556,105.98,85.757,0,42.16,133.47,131.69,113.43,136.71,116.04,87.458,0,113.29,149.62,19.293,137.23,72.615,75.999,172.44
1205,60.423,87.094,65.326,17.26,60.767,82.681,85.451,28.853,96.494,56.313,91.422,46.001,90.058,0,29.591,74.907,68.46,39.71,74.797,71.899,53.5,24.836,52.862,70.309,77.077,88.499,87.954,58.689,96.918
1206,135.14,91.489,252.71,50.458,121.85,243.11,107.12,283.62,190.81,86.582,107.55,128.24,168.72,0,0,119.73,83.83,172.24,169,206.59,117.67,24.208,84.229,138.68,0,135.51,129.12,162.32,214.09
1207,38.728,51.393,93.481,14.451,64.489,125.04,62.116,127.63,102.85,101.32,14.215,78.251,81.308,14.085,43.383,111.79,116.59,79.048,106.96,64.39,67.614,33.972,88.442,101.02,0,123.71,101.22,88.746,125.53
1208,157.47,193.93,256.29,79.944,139.81,212.49,97.428,197.21,226.51,112.91,72.297,88.251,158.08,0,74.921,129.74,139.55,132.57,208.54,149.83,132.35,0,128.89,145.42,86.088,133.85,104.6,118.51,165.68
1209,133.4,111.49,317.17,53.746,172.81,276.64,123.09,316.65,212.4,122.48,70.496,140.07,156.49,0,0,167.73,116.1,160.94,211.22,233.9,145.32,0,150.97,187.31,27.17,97.061,143.06,177.99,244.07
1301,120.49,131.85,41.063,64.988,48.178,134.81,46.777,62.162,223.07,56.421,69.223,23.788,119.77,0,0,77.959,121.85,143.99,101.68,96.569,76.912,24.102,56.551,95.538,52.082,67.113,68.165,54.541,60.537
1302,126.73,55.006,55.951,49.566,21.236,112.19,99.97,110.85,178.54,23.365,111.39,24.217,112.06,0,33.579,105.07,50.461,140.22,72.017,93.613,84.355,24.962,81.808,68.813,30.756,57.103,90.043,48.963,76.179
1303,147.17,204.75,72.808,56.211,54.802,167.57,37.516,121.11,274.31,44.541,60.223,43.329,158.77,0,19.302,139.51,183.07,151.18,119.58,135.98,126.77,30.481,72.213,99.309,110.23,66.352,85.725,71.121,103.21
1304,76.632,23.812,27.025,40.408,15.699,93.805,76.967,36.144,136.76,35.84,53.178,26.499,89.75,0,18.306,87.43,44.998,94.862,49.971,65.471,54.908,16.273,36.437,85.835,50.509,52.369,42.316,35.613,69.493
1305,66.053,112.67,54.695,56.486,67.353,109.66,107.69,35.894,245.61,72.152,87.216,22.628,125.87,0,0,55.322,154.91,117.99,102.89,137.34,50.847,35.6,44.701,80.072,57.08,63.025,67.054,69.984,37.539
1306,33.842,53.042,15.076,11.785,55.567,79.277,91.523,36.376,135.66,27.757,76.966,16.277,95.394,0,25.638,76.481,88.876,66.876,46.428,40.781,40.439,22.948,53.949,38.84,78.982,61.62,95.054,32.633,68.912
1307,95.84,64.286,27.508,47.488,43.944,106.76,86.758,28.414,168.69,68.182,93.894,34.288,121.11,0,27.112,53.902,122.53,112.03,75.884,119.98,50.178,30.842,34.048,68.366,51.942,37.77,60.902,45.084,46.834
1308,56.545,50.201,62.052,11.519,39.05,77.35,86.494,40.921,107.85,25.029,90.924,17.424,88.71,0,30.526,91.261,75.001,69.324,45.675,55.851,84.426,22.712,55.678,110.37,88.611,43.471,81.319,37.011,81.876
1401,243.6,28.962,110,128.06,26.4,30.181,113.31,184.67,131.85,74.989,33.004,89.459,153.56,0,65.053,93.515,158.5,256.37,147.94,193.97,29.958,0,93.16,0,63.681,52.152,111.42,119.16,25.457
1402,221.91,45.656,74.998,84.899,29.689,90.654,114.26,151.17,169.13,56.872,11.842,103.06,154.15,0,46.801,74.881,126.38,171.54,169.21,263.25,30.989,4.656,87.911,9.3979,114.5,53.839,148.42,103.77,80.368
1403,309.65,75.526,141.35,95.988,41.286,190.25,158.21,367.46,273.69,69.05,114.36,187.79,222.98,0,90.046,220.98,261.8,243.24,326.75,316.87,116.79,0,125.54,38.896,150.04,125.96,200.58,176.29,130.87
1404,295.54,47.287,131.17,187.48,38.493,209.36,144.02,325.09,282.76,111.8,146.08,180,264.09,0,155.07,214.28,296.37,419.57,285.63,235.28,107.23,0,91.411,91.678,39.107,182.4,148.53,162.85,51.659
1405,311.2,91.898,154.07,140.22,47.582,248.44,164.34,378.93,362.96,78.635,97.93,207.65,251.95,0,202.32,276.2,301.17,329.05,338.34,314.45,147.39,0,131.24,95.46,183.82,197.76,210.46,161.53,98.889
1406,353.44,198.97,286.3,172.13,0,262.63,173.31,530.27,514.64,70.548,148.52,233.17,358.66,0,139.29,398.05,361.14,368.82,472.91,319.01,231.47,0,154.15,114.51,215.92,169.11,199.76,115.2,284.27
1501,249.78,246.97,182.31,147.58,105.25,183.45,115.06,440.82,542.58,37.275,219.19,178.76,293.49,0,143.91,347.04,261.38,288.1,194.59,264.5,227.92,87.255,83.188,121.3,106.18,166.63,167.78,65.516,264.92
1502,168.64,166.76,108.92,58.811,33.339,140.72,124.8,170.52,268.45,22.832,184.53,98.492,185.61,0,73.714,176.96,96.806,201.6,113.78,161.81,145.38,35.87,111.21,89.151,40.387,58.729,132.81,70.519,186.36
1503,187.89,251.15,145.36,73.9,50.228,223.71,152.91,357.73,458.17,26.433,291.99,164.67,235.26,0,150.02,285.43,249.76,309.9,164.99,232.77,261.22,43.955,33.003,98.285,87.355,102.95,152.85,125.97,276.91
1504,219.74,119.99,146.63,105.49,76.073,153.09,129.63,271.66,401.63,0,132.94,144.58,220.35,0,107.35,282.35,173.8,265.67,171.3,276.8,181.86,79.126,66.254,66.501,93.103,65.045,135.54,87.948,250.89
1505,127.61,197.7,84.735,105.14,64.44,199.17,57.031,129.82,309.17,25.756,111.59,92.159,157.48,0,22.605,82.746,190.66,176.43,139.32,139.25,146.06,24.568,70.572,100.81,99.906,104.05,109.06,76.032,125.57
1506,152.32,277.76,96.184,60.227,51.946,195.15,102.9,272.03,370.69,28.622,128.54,143.12,188.75,0,75.842,110.45,120.54,148.59,153.28,171.35,137.38,0,32.031,30.297,80.739,149.84,130.75,42.003,166.25
1507,171.33,104.36,155.25,107.56,78.29,122.09,94.251,278.6,368.25,0,107.76,127.33,227.68,0,69.869,225.63,172.92,203.51,150.1,203.66,155.39,38.102,65.048,57.333,88.112,90.459,119.01,81.654,246.65
1508,181.97,242.85,118.64,81.367,65.677,162.82,43.577,170.84,276.19,23.769,158.77,98.484,192.68,0,49.842,178.27,161.22,175.44,135.69,168.56,187.27,34.197,54.82,88.477,57.773,67.703,125.8,68.241,127.73
1509,157.37,242.9,90.56,78.476,55.902,249.76,218.99,365.57,382.8,35.873,282.47,167.67,213.94,0,179.68,227.14,212,216.42,60.178,204.59,282.81,0,0,42.47,85.649,109.95,118,86.594,281.06
1601,148.66,237.6,101.11,61.413,93.538,219.52,65.954,155.56,250.28,29.31,60.801,97.758,139.41,0,96.156,77.754,61.78,54.185,112.86,71.947,35.388,0,61.07,61.884,62.928,125.68,145.02,50.451,181.72
1602,154.16,337.38,105.38,90.274,79.216,265.33,178.46,328.85,411.54,40.773,171.17,196.31,182.73,0,99.714,100.42,198.32,130.04,93.932,197.58,169.2,0,40.812,60.839,55.844,121.53,156.51,54.403,239.18
1603,93.492,118.87,40.32,93.23,42.514,130.53,96.158,235.17,302.66,0,145.01,169.74,78.713,0,64.528,68.705,77.304,106.57,68.148,81.927,118.14,0,35.389,0,0,98.975,97.873,45.926,159.45
1604,138.86,258.61,106.17,56.763,118.98,249.54,97.424,242.32,297.6,30.184,137.79,97.772,167.67,0,95.036,44.201,184.59,79.697,196.68,100.47,88.393,0,70.232,56.036,103.16,112.4,152.96,75.157,164.49
1605,110.63,192.57,86.936,69.373,72.998,202.29,43.864,159.54,222.9,14.987,110.25,126.47,141.5,0,92.482,16.516,133.98,57.721,120.18,111.22,47.253,0,29.211,28.487,41.654,98.793,138.43,70.558,143.56
1606,130.2,297.08,54.57,76.792,63.126,279.22,140.98,401.28,379.34,41.969,224.79,190.69,101.02,0,111.33,107.06,156.94,149.46,129.39,193.06,217.86,0,38.637,38.694,41.188,108.22,85.611,53.867,241.31
1607,180.39,275.01,131.26,35.046,118.29,285.7,93.659,203.87,229.89,27.794,82.198,88.391,122.3,0,93.571,138.85,64.431,0,123.83,74.5,61.873,25.858,70.746,99.368,85.137,127.89,97.981,74.4,195.32
1701,209.98,108.06,137.56,171.94,0,270.82,108.9,251.83,150.02,134.46,314.01,146.53,275.97,0,202.09,291.71,245.19,597.93,268,179.07,227.24,0,180.03,98.396,138.32,240.15,92.811,153.72,100.03
1702,245.65,74.031,39.494,295.05,36.713,260.08,109.63,254.68,180.82,81.488,322.07,138.66,306.9,0,169.63,280.16,245.11,539.26,233.95,228.63,209,10.17,180.02,90.322,72.473,210.06,50.036,192.43,99.658
1703,219.27,54.478,12.159,120.57,0,457.84,97.241,161.95,66.89,109.2,218.19,161.62,162.88,0,86.906,156.45,129.78,531,146.98,78.903,74.246,0,292.68,0,116.28,182.51,0,181.25,57.974
1704,205.58,101.72,139.46,225.94,0,293.34,99.694,294.25,158.21,122.64,288.51,155.56,294.78,0,231.13,218.76,278.9,545.06,245.2,143.21,234.26,0,174.12,99.924,152.36,233.52,108.02,111.85,50.952
1801,238.43,0,116.7,0,0,207.38,33.747,0,46.036,34.882,127.57,125.73,122.03,0,0,97.326,39.217,257.53,0,94.478,0,0,0,0,0,33.364,0,104.92,91.037
1802,207.07,0,39.21,31.384,0,156.26,0,29.968,37.517,68.846,113.96,34.035,120.28,0,0,80.967,38.672,254.39,0,74.533,0,0,35.032,0,28.138,27.766,0,100.91,76.913
1803,288.22,0,114.5,0,0,215.47,43.109,40.511,38.595,82.549,80.342,111.5,117.09,0,0,121.26,44.163,399.14,0,74.935,0,0,103.89,0,32.225,32.048,0,132.52,96.18
1804,243.13,0,0,29.482,0,156.88,41.022,75.089,37.414,157.55,57.684,68.397,59.764,0,0,54.814,55.876,207.22,0,78.319,32.786,29.833,41.916,0,63.822,0,31.231,95.65,29.851
1805,183.44,0,36.201,48.306,0,118.37,76.345,69.694,0,131.49,54.316,111.63,57.957,0,0,40.148,53.043,118.98,0,124.14,32.43,0,36.741,0,37.098,0,34.067,88.866,32.848
1806,162.03,0,37.32,100.43,0,156.38,103.84,99.718,0,75.601,76.979,106.46,57.32,0,0,0,47.16,47.319,0,52.02,12.516,0,32.619,0,0,0,42.795,31.358,44.037
1807,134.72,0,0,38.931,0,110.17,62.837,59.556,56.134,69.396,181.42,289.26,101.23,0,84.932,114.06,41.63,245.18,0,40.964,0,0,160.88,0,68.798,94.673,0,171.74,74.123
1808,172.03,0,0,146.24,0,60.509,62.574,85.792,56.883,44.766,221.61,87.654,106.86,0,43.734,89.542,62.632,270.6,0,82.242,0,46.825,257.53,0,51.429,128.86,92.737,179.9,0
1809,207.84,0,102.52,88.054,0,142.39,118.63,92.233,0,68.898,50.192,68.833,90.462,0,0,0,61.326,113.89,0,55.072,38.998,0,69.709,0,73.144,0,31.09,71.771,44.271
1901,75.124,133.07,97.998,18.42,90.158,87.339,122.65,159.06,138.79,21.565,117.98,7.4212,77.339,0,79.534,111.17,92.132,57.285,95.523,78.046,101.28,15.301,100.76,124.84,110.79,94.719,114.04,132.39,154.27
1903,53.924,98.989,58.497,28.06,64.561,87.925,108.43,85.987,104.38,31.099,44.982,12.588,47.759,0,60.164,72.834,76.915,48.571,89.195,30.397,44.63,12.913,96.891,58.763,45.019,83.449,89.771,69.738,102.86
1904,52.04,77.477,49.531,31.304,79.078,81.936,66.222,110.37,110.98,27.704,57.129,42.878,33.449,13.609,65.242,79.393,62.004,80.031,60.106,100.62,98.862,30.225,88.261,140.73,84.61,92.138,54.304,115.38,109.38
1906,70.514,151.41,113.83,22.917,101.69,102.05,116.39,178.96,166.59,24.883,165.6,17.383,78.813,0,86.912,118.69,138.84,79.687,79.876,111.73,135.15,17.177,110.09,167.2,156.95,79.086,122.29,150.03,203.75
1907,82.33,95.654,89.088,32.681,68.682,124.95,56.395,116.58,123,59.191,55.918,41.47,77.778,12.515,75.559,101.17,101.21,65.246,83.533,108.6,89.696,46.226,102.79,127.04,61.33,93.988,76.237,53.68,135.81
1908,97.31,142.72,96.973,101.29,171.28,114.36,141.82,227.11,206.45,55.739,121.02,50.665,40.859,29.439,134.07,158.13,132.47,155.37,104.49,136.79,192.56,32.497,111.88,152.72,159.63,118.89,77.932,183.09,267.1
1909,55.607,46.6,61.104,16.136,78.949,100.19,72.842,82.617,109.13,27.473,42.46,27.24,48.446,0,48.066,55.713,54.659,46.274,90.898,64.772,55.452,16.321,105.69,76.648,32.033,78.62,73.333,57.114,91.93
2001,68.865,7.9825,44.716,17.233,7.9673,47.665,7.6347,23.192,30.662,78.366,42.319,19.775,46.433,0,11.673,58.18,0,25.943,7.5797,15.183,43.384,20.154,24.916,10.111,40.818,25.047,16.784,0,7.8375
2002,71.29,16.37,6.9464,22.409,14.239,46.32,26.301,14.555,16.612,29.055,54.446,4.6957,38.707,3.8828,7.4246,47.308,10.885,39.471,7.6847,26.801,27.842,24.068,30.241,8.3418,21.377,19.445,4.5735,6.6274,13.506
2003,52.399,15.649,28.583,16.606,0,19.183,7.9112,32.254,17.248,69.17,47.793,1.9904,32.203,0,4.2481,40.454,5.4846,24.57,8.5733,25.11,45.049,9.3143,26.835,1.9432,25.667,17.514,12.584,0,18.502
2004,78.397,26.682,0,11.688,18.434,38.558,28.37,0,17.646,19.593,51.495,5.9175,22.329,0,28.314,48.829,26.133,53.004,5.5029,16.967,23.514,46.402,17.23,21.742,10.608,49.894,17.052,5.5293,42.162
2101,45.27,11.545,57.736,0,0,44.994,0,0,9.3852,9.2285,34.976,0,32.069,0,10.517,27.231,12.763,23.853,0,13.168,31.321,10.127,29.456,0,10.966,9.2979,20.424,12.642,0
2102,80.72,14.319,40.754,0,4.6621,34.939,10.378,15.371,0,40.439,14.643,12.914,31.59,0,9.398,21.015,10.556,69.715,0,36.06,17.608,5.3947,17.653,0,0,39.407,0,5.8262,21.639
2103,103.26,11.674,40.395,0,0,9.5641,0,44.052,0,33.464,20.71,9.8487,10.962,0,23.623,20.457,21.909,86.047,0,10.366,31.83,0,33.273,0,28.964,39.638,12.03,13.018,19.998
2104,121.59,12.086,30.819,0,0,0,0,26.979,0,66.475,11.508,0,0,0,23.358,21.015,13.516,81.075,0,37.484,17.012,0,30.417,0,25.298,28.508,12.438,11.543,39.327
2105,91.768,16.065,42.972,11.644,0,10.285,10.3,10.977,0,24.432,10.191,18.153,11.559,0,10.811,36.568,11.816,33.785,0,14.49,25.425,11.571,15.407,0,14.483,54.361,35.988,23.402,10.347
2106,75.107,12.624,52.776,10.781,0,15.966,0,26.352,10.167,13.282,9.9993,13.075,20.073,0,32.722,28.838,10.787,46.748,12.366,10.545,47.714,0,40.752,0,24.766,40.854,26.735,16.213,0
2107,91.679,11.889,64.807,0,11.198,50.772,26.625,28.453,0,27.324,12.211,19.403,12.426,0,34.636,47.045,15.209,50.67,0,15.224,40.409,11.314,43.568,0,17.345,55.428,31.466,14.025,23.361
2108,96.115,0,52.542,0,0,0,0,16.921,0,58.505,16.573,0,0,0,22.461,24.066,14.254,87.301,12.442,0,11.201,0,28.419,0,13.183,17.533,27.661,11.775,15.946
2109,101.65,0,36.584,0,0,14.827,16.138,37.169,14.711,67.115,24.904,25.096,27.851,0,0,20.534,24.209,56.289,0,19.44,0,0,12.285,0,13.196,0,29.389,11.584,51.147
2110,48.034,10.938,48.958,0,0,41.819,8.9721,17.601,9.1284,22.448,19.119,10.274,26.103,0,0,14.937,0,8.9035,0,20.61,8.5223,9.9983,9.8658,0,0,25.224,0,0,9.3636
2202,30.762,50.609,59.839,38.566,0,0,117.83,188.24,0,19.677,107.23,166.25,74.027,0,0,0,0,40.325,32.97,0,24.659,0,108.29,0,78.878,23.337,0,46.937,25.788
2203,38.409,61.107,67.478,32.63,0,11.185,75.098,160.48,0,121.32,63.418,156.11,51.657,0,0,0,0,30.082,0,12.572,0,0,40.219,0,0,0,7.2921,0,6.9016
2205,20.952,55.597,56.478,99.544,39.368,20.583,67.676,27.733,0,65.297,54.385,61.592,177.74,0,0,0,0,41.684,0,11.846,128.39,76.697,43.318,11.068,44.415,0,24.592,39.011,79.698
2206,12.204,0,29.509,39.543,24.703,0,11.449,0,10.903,71.404,14.339,102.14,77.197,0,0,0,0,26.375,62.048,43.349,152.28,50.435,18.951,33.524,0,0,16.103,29.726,42.457
2207,43.12,67.736,108.54,59.414,34.623,32.891,111.34,135.26,0,73.172,94.473,105.31,129.66,0,0,0,0,81.426,31.619,0,128.98,0,103.01,0,61.627,34.541,34.982,33.982,75.911
2208,66.211,40.754,37.057,34.933,0,55.469,129.16,217.83,0,47.839,113.46,143.87,103.49,0,0,0,0,47.344,24.538,0,0,0,106.39,24.373,49.275,33.677,51.236,37.275,83.795
2209,33.266,37.718,56.486,38.7,0,0,69.651,227.92,0,151.55,96.933,153.23,40.764,0,0,0,0,35.677,31.933,31.141,0,0,105.28,0,31.527,0,0,35.369,38.607
2301,105.95,47.33,30.234,25.07,19.374,116.9,63.349,92.942,152.89,6.0669,95.304,34.84,53.525,0,18.596,101.66,45.842,91.154,57.002,63.012,63.048,32.491,61.18,29.641,150.32,61.482,63.835,5.9308,30.817
2302,118.79,66.278,26.971,25.428,27.645,103.69,47.841,94.767,127,38.728,99.325,30.583,75.48,0,30.287,74.411,35.977,124.56,44.511,60.339,62.69,32.391,64.458,33.914,130.81,16.697,59.447,0,80.654
2303,104.28,26.166,33.737,28.462,26.823,80.975,44.755,40.987,69.303,38.412,83.846,24.935,12.94,0,28.903,47.917,26.861,56.205,12.857,26.734,54.797,42.363,41.578,11.905,79.144,51.865,45.765,0,31.01
2304,130.5,113.23,47.211,45.676,18.115,147.46,68.11,161.86,212.56,39.701,192.78,67.276,107.27,0,57.03,127.21,83.372,130.35,78.968,104.68,76.075,32.007,97.261,68.708,212.26,70.498,110.72,41.987,84.156
2305,119.15,111.21,33.784,51.277,17.366,118.31,92.276,136.29,181.82,27.974,146.9,40.385,81.499,0,49.061,106.97,51.428,104.93,87.101,84.292,69.304,33.069,76.535,95.382,170.52,80.789,77.953,30.139,46.938
2306,96.384,26.253,25.883,14.766,24.069,60.316,43.553,16.652,36.325,19.225,69.665,18.506,2.2198,0,14.77,62.237,17.784,53.651,14.309,14.179,38.043,55.841,24.896,0.65143,46.162,64.631,21.942,0,34.651
2308,109.67,119.66,29.641,49.743,36.281,132.59,81.83,107.71,195.48,32.806,117.11,44.157,71.722,0,47.84,115.43,58.14,91.319,86.67,88.867,49.303,29.287,107.08,76.867,117.84,75.149,89.953,52.621,78.271
2309,113.9,51.589,37.935,19.794,17.105,97.359,61.187,69.75,129.22,33.45,103.54,29.099,50.149,0,36.155,85.255,21.736,67.741,57.103,32.206,52.762,38.345,54.843,62.618,115.11,45.985,64.59,2.3228,24.271
2310,116.01,47.255,35.765,31.75,18.48,103.47,54.87,91.63,135.07,29.085,81.88,32.285,14.12,0,16.245,88.765,44.49,56.185,43.8,64.645,44.44,36.605,29.785,27.74,113.78,37.96,70.305,0,24.35
2311,132.08,131.4,87.946,53.521,42.728,128.45,65.295,94.289,125.28,62.368,110.58,36.406,98.54,15.069,52.882,76.964,94.534,150.07,28.228,109.55,96.001,47.01,85.566,67.527,182.97,42.452,105.67,23.635,75.242
2312,121.29,13.308,27.536,26.488,30.658,83.31,40.486,33.024,88.72,13.61,78.438,26.934,12.084,0,14.29,75.322,32.942,58.598,13.102,31.452,45.654,34.332,13.722,0,104.35,43.932,43.452,0,35.942
2313,114.1,31.179,38.297,31.359,15.753,101.01,49.241,58.813,97.514,41.677,87.901,28.255,14.038,0,30.114,71.037,41.99,58.796,42.506,31.584,56.406,42.55,50.842,14.384,103.33,51.054,50.945,0,33.707
2315,110.82,85.237,32.485,50.955,16.765,102.44,76.248,106.04,176.2,0,82.476,25.205,42.203,0,47.662,100.34,45.075,73.802,60.895,52.11,44.849,29.648,67.408,98.106,117.67,67.358,75.9,13.75,37.458
2401,136.13,47.899,116.06,117.4,43.806,109.62,97.605,115.11,80.779,215.92,191.23,178.21,142.65,162.09,92.283,129.8,145.4,163.4,150.58,59.504,52.142,52.945,128.02,64,120.69,117.89,131.44,66.076,114.77
2402,224.88,172.09,161.28,78.843,93.472,178.07,131.62,244.07,145.43,317.46,197.41,191.65,170.56,132.44,158.05,255.72,173.18,226.11,192.13,44.914,130.46,129.61,203.27,167.16,207.07,169.54,206.1,119.32,172.39
2403,179.8,105.76,154.67,95.842,78.051,191.28,140.48,181.27,148.27,310.89,263.81,264.24,179.75,151.87,171.73,179.39,199.92,259.05,270.85,51.56,116.95,139.06,183.49,111.43,253.42,257.7,231.65,115.8,244
2404,199.08,153.07,117.37,89.138,77.618,198.7,144.05,233.37,152.08,394.61,237.71,176.7,174.81,161.97,191.24,161.96,208.46,246.29,225.02,60.185,133.7,130.24,234.4,165.83,229.22,173.59,227.43,140.09,188.4
2405,38.997,76.364,83.708,83.174,15.294,55.874,42.324,101.82,77.962,163.05,115.16,116.67,89.311,98.09,175.71,17.864,88.807,54.696,136.17,46.637,72.875,0,106.79,119.47,67.749,44.509,30.981,56.704,38.81
2406,113.99,110.34,168.61,129.34,7.7774,89.167,129.03,149.86,108.42,189.17,86.901,98.314,76.728,84.562,96.255,102.47,148.72,135.4,205.92,25.16,112.1,31.201,192.9,144.97,78.043,186.72,77.193,74.512,67.892
2407,158.45,113.18,153.14,96.04,84.45,193.16,159.12,158.73,177.88,291.64,258.69,273.84,178.77,162.79,199.91,174.88,216.16,248.76,301.42,54.69,106.94,155.81,230.36,148.63,264.05,311.6,245.66,103.83,258.97
2408,120.57,44.807,116.5,99.308,34.647,99.6,60.149,115.68,69.807,199.46,155.08,148.01,110.08,115.29,113.8,143.16,114.54,136.4,126.36,46.878,96.448,47.895,129.61,43.446,90.576,114.19,109.11,83.949,82.423
2409,33.436,84.932,109.69,57.055,0,71.202,87.104,131.9,35.058,120.91,101.85,97.291,94.078,80.28,78.031,63.582,124.04,98.648,99.166,39.232,66.271,18.116,139.11,90.901,37.807,95.932,58.963,67.234,49.335
2410,173.1,133.33,169.24,88.763,61.383,131.88,120.26,148.82,119.88,251.06,134.09,183.12,131.28,84.43,112.88,282.99,134.45,194.46,156.3,32.322,112.39,57.735,127.2,176.87,115.73,197.27,98.799,67.638,74.911
2411,138.68,88.481,155.21,106.07,32.099,119.19,94.209,145.5,86.571,205.9,115.58,119.61,70.968,54.148,78.449,134.18,91.339,149.84,147.22,43.847,89.281,34.856,125.3,142.13,106.39,165.27,55.386,43.81,76.845
2501,61.551,135.15,34.126,33.49,67.26,104.32,84.143,46.398,120.82,17.178,104.02,18.443,48.498,0,54.499,112.42,85.204,57.86,59.507,73.93,53.068,0,66.922,96.18,85.304,63.685,76.335,102.49,86.393
2502,145.55,166.57,82.85,37.058,104.24,127.7,137.5,169.81,218.92,26.653,153.78,34.229,65.282,0,82.871,134.69,118.51,112.61,88.165,125.65,148.24,0,125.47,105.29,148.35,100.47,86.163,149,185.71
2503,71.389,100.3,53.858,33.445,37.935,99.108,69.404,52.825,116.73,41.6,107.3,20.074,52.84,0,45.071,116.68,92.416,69.776,62.998,64.874,81.99,22.115,76.08,110.24,96.017,39.343,94.696,55.593,79.681
2504,92.583,106.77,14.86,34.527,17.965,125.15,49.185,94.062,167.55,14.359,64.417,23.065,27.842,0,32.528,107.99,68.217,58.073,58.714,64.015,32.185,0,67.051,64.304,88.028,67.99,84.345,29.441,31.318
2601,102.97,41.706,112.31,35.074,0,133.01,152.73,223.07,18.2,34.832,148.6,98.521,136.1,0,0,19.252,20.635,104.49,28.177,22.52,40.846,17.654,110.98,31.512,94.661,35.273,99.211,35.622,104.84
2602,34.903,30.721,49.328,42.543,22.658,37.393,13.997,39.815,10.811,28.799,35.729,74.94,138.61,0,0,0,0,38.659,17.153,25.235,21.223,59.228,57.004,18.525,25.303,4.0073,35.732,22.596,59.475
2603,53.952,35.829,185.97,44.498,0,89.049,91.173,116.35,0,0,49.038,73.207,139.01,0,0,0,0,75.457,24.582,0,33.804,0,90.05,31.186,54.302,29.669,75.442,38.151,68.782
2604,35.499,48.258,46.717,80.459,38.222,25.088,83.753,37.731,0,88.966,59.908,84.707,168.33,0,0,0,0,36.899,0,0,84.451,69.767,0,0,48.667,0,37.953,54.409,46.42
2701,102.91,199.99,133.76,131.78,195.1,93.521,119.41,218.25,164.86,115.34,80.152,94.983,55.963,98.273,109.34,113.59,193.39,189.64,68.555,78.505,95.187,66.64,76.933,131.24,148.07,151.75,126.26,170.53,166.81
2702,63.009,128.7,121.62,40.299,51.868,125.79,105.98,106.76,102,90.907,46.381,70.732,36.317,33.663,70.071,49.676,201.75,91.266,64.843,22.768,62.588,22.002,88.717,30.719,146.24,91.018,46.471,86.008,116.5
2703,94.948,149.8,106.41,126.66,198.47,84.442,109.47,188.19,173.51,55.271,74.676,50.424,31.257,43.98,118.49,135.44,107.43,179.79,98.905,101.45,139.49,32.686,93.317,130.77,115.21,119.65,75.207,168.44,231.49
2704,91.033,149.48,87.16,69.645,137.72,134.65,157.99,155.38,94.178,53.695,52.265,60.855,64.379,60.093,102.46,80.855,168.73,154.88,63.242,55.864,52.024,34.937,41.311,84.071,85.724,122.52,103.91,156.46,162.8
2706,54.261,110.92,53.366,56.252,44.238,99.899,100.47,48.7,71.982,106.25,14.13,48.096,29.728,33.157,89.149,87.603,170.27,62.198,48.362,19.594,63.126,45.414,106.17,78.962,112.46,94.479,72.681,46.469,123.15
2707,204.45,43.634,120.94,33.156,33.31,192.19,107.36,100.17,35.888,158.77,174.31,69.262,154.78,0,0,64.046,220.44,372.9,32.388,57.698,40.748,0,105.45,0,76.462,0,36.83,75.724,117.49
2708,106.72,272.65,123.88,152.02,256.38,82.011,164.68,261.89,183.54,95.755,70.7,167.43,109.33,87.92,123.17,127.86,211.77,260.21,67.569,45.161,114.01,93.359,43.887,113.7,210.24,163.12,151.24,146.78,184.97
2709,116.81,105.17,161.28,122.7,145.37,133.86,136.81,206.86,202.22,125.63,56.708,93.19,13.498,100.49,87.754,93.296,190.7,248.29,109.18,101.54,110.21,43.778,69.55,105.97,97.234,131.67,118.91,172.13,137.59
2710,59.664,147.49,105.05,91.384,95.434,144.45,117.37,129.25,85.752,105.26,56.893,78.147,39.964,61.639,64.426,45.633,153.04,111.86,20.818,32.23,68.544,37.703,64.683,78.176,131.28,105.82,55.169,145.88,151.02
2801,119.71,11.902,12.226,11.42,0,31.345,43.671,11.306,64.485,10.974,102.26,25.821,24.887,0,16.282,41.966,25.38,37.973,35.105,36.95,50.907,46.63,72.503,0,11.376,50.537,40.298,12.764,33.437
2903,90.819,10.52,49.314,16.105,23.532,57.147,25.446,52.72,2.4319,38.044,52.521,26.801,31.298,0,0,14.643,9.1792,24.682,19.403,18.322,14.1,9.1433,42.406,0,21.945,40.624,14.754,15.37,18.27
2911,69.571,19.852,84.836,10.308,5.7706,98.377,19.083,27.726,6.0149,43.031,29.776,15.921,38.267,0,0,35.33,6.0223,12.642,0,17.944,23.93,12.465,0,11.895,0,10.697,0,16.28,0
2912,77.729,0,80.475,14.661,5.8883,83.749,54.549,30.692,0,43.304,47.96,48.491,85.97,0,0,61.908,21.547,32.167,7.6214,31.05,42.927,20.541,59.416,0,0,41.407,30.71,5.8616,37.98
2921,43.916,25.678,44.984,0,0,97.109,72.914,52.022,14.104,19.619,70.515,0,30.796,0,0,0,0,46.156,37.231,13.134,0,0,15.692,0,25.794,0,0,23.014,17.063
2926,73.152,16.581,53.49,0,27.486,86.445,56.393,64.924,12.899,66.379,64.708,15.88,16.787,0,0,0,0,38.841,26.475,12.408,37.929,29.736,23.407,0,14.755,47.926,14.137,11.631,43.167
2930,77.185,16.981,97.356,29.299,0,75.672,0,49.345,0,15.427,48.002,16.834,40.375,0,0,40.858,27.773,38.775,0,12.347,0,12.483,36.813,0,0,45.229,0,24.496,16.021
3004,129.87,32.57,125.17,18.567,28.625,86.165,69.854,64.36,9.7125,54.057,34.458,38.208,140.6,0,30.361,22.198,24.551,53.184,56.693,46.327,27.94,15.481,89.869,6.6018,5.8508,46.895,21.855,6.2635,34.924
3005,92.734,49.365,81.503,33.507,0,62.088,67.637,54.092,36.206,50.116,38.935,24.574,112.43,0,5.4853,25.25,55.937,55.753,29.085,37.065,41.537,3.6386,67.633,21.877,25.432,61.832,37.219,54.115,19.853
3006,79.256,64.037,120.93,34.876,15.241,64.77,62.488,21.807,0,38.678,0,56.293,107.26,0,43.09,32.573,75.636,61.394,53.089,57.316,31.154,16.396,90.57,0,0,55.673,31.231,12.902,56.298
3007,0,80.717,56.973,14.387,29.546,69.398,74.647,106.32,59.074,16.512,72.542,90.734,101.14,0,39.022,101.32,88.281,220.41,110.75,33.747,109.97,0,118.89,62.906,156.44,15.523,69.173,55.43,48.714
3008,66.285,29.301,67.622,23.268,16.565,12.687,45.556,76.551,19.07,52.774,34.642,1.3967,98.362,0,13.803,34.257,25.029,50.913,37.363,29.357,61.715,12.192,39.668,11.37,66.591,70.249,46.904,8.2198,29.456
3013,34.346,66.454,119.31,16.754,28.266,76.512,55.739,138.89,36.381,15.889,82.419,43.739,113.08,0,37.305,78.191,45.422,166.74,81.618,30.169,112.07,0,94.442,64.01,123.57,21.661,73.921,58.735,67.129
3014,97.682,39.197,69.845,31.22,0,27.941,54.617,59.988,26.793,67.071,60.517,25.221,103.51,0,0,16.031,42.001,70.885,67.155,47.91,62.134,12.055,54.204,13.048,21.195,67,41.217,34.769,38.791
3015,91.983,22.175,76.721,28.816,6.7865,106.7,46.84,38.846,6.2182,55.401,52.341,17.318,57.039,0,0,33.566,22.347,40.233,6.417,25.302,42.468,7.3684,31.089,13.134,0,35.688,15.88,32.158,0
3016,68.073,70.123,87.638,31.389,12.891,55.98,18.526,85.429,44.672,22.472,21.86,70.567,112.56,0,29.607,50.352,86.974,56.928,66.408,34.984,78.015,26.606,102.23,28.84,43.171,58.589,24.357,33.175,38.347
3017,57.905,65.66,88.05,17.738,0,24.8,38.533,67.632,41.396,49.959,48.986,37.443,118.42,0,27.177,23.448,68.8,79.024,39.949,42.603,52.906,0,55.938,13.934,65.104,92.966,52.551,41.681,47.966
3018,48.339,86.401,143.08,33.607,13.759,76.911,30.652,140.58,80.9,52.39,101.41,71.908,141.25,0,52.295,66.916,80.367,153.86,32.31,35.46,105.72,0,103.24,0,101.49,68.461,69.473,56.648,49.041
3019,135.76,0,48.387,0,13.987,67.354,79.143,45.762,0,35.995,32.108,24.15,92.44,0,17.89,35.283,17.134,31.862,17.241,36.91,17.149,13.886,42.495,0,0,40.494,32.829,0,16.21
3020,60.294,60.835,93.178,40.231,17.286,65.719,34.701,46.663,13.12,0,0,37.923,105.95,0,35.023,29.052,92.419,65.67,63.854,37.054,43.793,17.18,72.719,0,0,91.663,23.477,0,67.248
3022,68.76,30.703,83.824,38.171,15.935,67.392,30.36,96.672,15.947,64.747,16.92,50.223,152.75,0,28.606,57.676,93.125,53.814,66.526,44.255,62.828,31.631,95.894,13.321,22.911,54.046,19.872,36.296,36.429
3023,57.62,0,33.632,16.711,0,11.577,0,32.606,12.529,63.732,51.184,0,46.431,0,0,14.574,15.479,33.574,11.794,25.415,45.795,16.26,31.331,0,24.553,41.66,22.883,13.368,14.932
3027,107.56,48.74,47.616,15.815,0,88.199,81.053,30.693,14.586,46.937,36.333,24.396,104.58,0,0,20.451,45.72,48.458,19.704,34.483,18.393,0,62.986,34.9,0,29.401,27.578,14.337,0
3028,42.985,89.087,79.773,16.277,56.66,117.07,78.523,104.98,34.289,0,36.074,105.59,91.099,0,65.678,87.509,102.21,95.953,90.165,50.784,101.73,13.478,95.857,25.814,90.748,100.16,44.714,18.704,42.844
3031,102.18,12.169,53.926,16.952,0,15.455,13.992,37.388,13.128,55.736,61.175,0,65.514,0,0,15.844,16.97,44.019,11.884,43.022,46.931,11.661,22.172,0,17.122,48.6,32.916,14.245,0
3101,58.677,32.002,99.707,37.784,15.443,40.64,49.799,89.488,19.309,12.573,64.481,0,80.243,0,32.431,67.315,64.007,84.446,73.285,12.351,62.992,0,68.816,49.589,71.486,46.018,62.219,11.17,52.049
3102,47.651,29.707,130.13,55.597,0,81.212,106.68,134.36,55.18,49.412,130.57,52.352,74.229,31.056,40.553,69.534,90.561,115.93,102.06,24.542,64.237,0,100.53,53.501,78.463,38.542,61.758,0,53.375
3109,29.808,55.521,93.005,30.71,13.747,110.11,83.314,125.09,38.726,27.223,93.23,30.313,110.44,11.76,47.353,61.278,94.148,107.99,113.08,26.752,88.683,0,91.874,85.31,88.842,19.613,55.479,54.743,67.883
3124,57.481,28.379,60.134,42.699,4.4117,52.379,58.992,98.168,37.556,66.569,91.084,19.617,41.536,0,28.643,66.386,89.636,65.752,48.749,18.58,70.191,0,50.278,42.029,53.808,18.48,23.63,0,27.703
3125,20.503,15.656,99.376,53.243,12.668,96.713,112.65,118.44,18.719,91.488,108.08,54.134,37.187,13.324,36.317,103.84,117.17,115.02,85.969,32.362,82.082,0,91.525,71.532,84.036,33.878,56.955,14.237,48.847
3129,14.126,53.147,140.46,28.432,0,96.687,61.531,125.97,39.394,38.987,70.794,14.334,116.52,0,47.142,60.48,72.403,116.37,84.22,27.764,76.182,0,99.417,105.69,124.65,34.173,83.598,34.391,95.773
