1,33.949,30.923,20.242,25.719,24.373,36.045,45.501,36.363,41.259,48.411,32.937,37.02,59.007,10.415,39.505,53.228,27.082,32.124,39.074,30.446,57.298,25.676,55.05,28.817,34.27,36.735,30.261,53.354,35.547
2,33.21,27.272,24.563,23.137,20.372,33.32,35.052,33.21,34.947,32.432,32.145,32.14,38.957,10.719,37.64,48.597,28.485,22.342,28.319,25.041,61.215,23.135,47.334,25.08,36.136,31.895,28.613,45.134,34.59
3,31.49,33.642,23.345,35.9,24.458,38.047,49.004,36.793,43.862,38.183,38.589,37.723,45.79,11.422,39.893,51.746,31.412,45.622,39.539,28.363,66.544,28.714,37.191,30.506,55.289,29.587,29.911,39.762,33.424
4,42.054,43.35,32.175,37.433,53.029,30.769,60.704,56.761,60.524,48.989,40.533,44.606,67.77,7.8391,43.639,46.176,35.856,27.827,48.454,54.816,41.91,27.528,45.524,26.935,38.103,41.715,37.491,57.53,38.736
5,44.568,21.675,21.799,23.297,25.373,33.335,26.759,36.121,25.546,40.836,31.014,28.59,30.04,13.393,32.74,47.134,31.457,23.164,17.756,27.953,43.772,29.965,54.453,29.981,25.883,49.196,35.325,49.012,40.05
6,33.02,38.095,28.953,36.132,26.376,38.233,40.517,32.679,51.239,37.256,39.405,32.322,32.762,8.6283,38.141,48.305,31.762,49.9,37.989,32.746,54.761,29.71,35.152,27.566,59.853,30.839,40.292,31.823,37.115
7,41.921,57.851,34.265,34.593,42.427,51.357,70.773,58.184,73.068,48.961,53.278,52.795,85.708,10.448,50.922,54.726,34.508,37.532,72.829,52.029,67.737,32.383,63.761,35.068,54.375,43.186,50.737,65.363,47.61
8,38.105,17.772,17.07,21.16,30.171,29.666,28.283,34.063,29.613,41.495,26.802,28.628,33.563,11.507,30.004,43.401,25.57,20.178,17.564,27.548,40.198,22.727,44.779,26.994,21.045,45.235,32.891,48.98,33.383
9,39.01,36.804,40.399,34.73,26.431,44.925,34.848,32.504,60.845,47.237,37.677,29.494,29.255,8.5394,36.364,48.387,30.37,41.652,48.923,32.9,41.44,41.304,35.358,30.344,57.725,37.546,43.544,26.818,38.111
10,30.614,26.745,22.8,31.885,19.844,29.909,41.308,28.638,39.822,42.043,30.647,35.533,50.909,9.7191,37.71,51.094,29.123,46.082,44.793,24.804,55.819,22.704,30.236,27.201,43.332,29.098,29.623,37.23,33.058
101,146.49,127.37,97.556,92.036,91.606,69.44,119.21,137.41,150.26,111.6,91.457,173.9,134.72,111.49,91.7,75.807,85.744,120.27,110.68,88.44,87.108,88.853,108.23,75.167,136.74,75.917,106.32,88.324,113.43
102,109.41,135.95,89.073,109.62,93.693,76.24,121.16,124.83,129.21,115.89,88.64,102.89,105.19,67.676,106.48,93.916,89.379,92.821,125.2,123.96,110.2,98.367,82.086,73.343,123.1,75.15,152.77,86.92,138.69
103,152.74,120.34,100.2,122.96,103.02,88.09,122.82,147.37,152.03,122.64,108.98,128.88,122.94,84.892,125.53,83.474,121.68,146.1,144.8,130.39,127.46,99.667,99.802,106.38,151.77,99.912,134.81,113.69,166.7
104,137.94,136.78,88.46,104.44,90.742,70.714,127.54,143.14,157.02,104.52,99.01,133.43,129.74,128.32,99.081,76.681,117.4,118.14,104.41,99.597,90.317,95.884,114.82,78.787,136.64,73.432,107.74,97.443,127.47
105,131.03,123.99,98.837,102.79,101.17,73.67,115.72,123.39,133.76,114.43,103.84,121.59,116.67,87.342,116.37,83.993,110.41,125.24,141,133.34,116.29,105.49,87.764,86.053,137.59,90.656,130.95,98.267,154.25
106,85.053,79.533,67.317,42.839,64.168,60.314,81.584,98.068,117.43,39.204,57.89,40.274,55.052,47.891,66.509,66.15,64.092,72.389,73.432,52.712,87.979,58.729,61.937,51.505,102.02,67.865,52.339,63.371,92.516
107,107.89,105.28,60.948,67.326,74.824,53.56,78.211,117.13,121.72,105.8,69.142,76.617,83.516,60.01,97.376,103.39,78.716,98.494,84.041,83.319,90.05,63.636,81.42,51.774,130.95,82.774,68.483,81.052,128.42
108,160.97,112.21,98.109,140.59,113.32,94.078,126.67,168.16,160.41,121.99,121.27,135.31,139.24,102.74,140.25,88.445,149.49,165.12,138.97,128.64,139.98,110.35,103.65,116.82,175.93,111.7,138.59,134.28,169.21
109,99.916,97.936,72.682,76.578,75.582,60.994,79.916,109.8,117.22,76.252,81.93,74.606,77.514,86.33,91.586,81.192,86.362,94.706,96.826,68.78,86.744,69.8,77.396,63.842,114.55,74.516,75.212,97.976,128.5
110,116.19,117.64,95.601,109.54,103.41,65.61,125.69,115.16,119.28,133.64,98.394,114.05,105.13,89.552,115.12,96.414,106.41,108.47,115.82,130.19,120.93,106.07,107.12,92.082,116,94.098,125.01,96.603,147.71
111,109.99,122.1,96.32,110.6,97.672,65.582,124.56,117.44,113.38,128.71,93.096,110.35,98.608,81.698,105.21,97.4,97.9,101.3,113.17,124.97,118.11,103.42,100.41,82.734,109.98,87.718,133.31,92.864,141.72
112,129.22,112.42,93.83,102.52,104.06,65.225,94.35,118.06,125.42,101.45,102.94,119.94,112.29,103.2,126.15,80.385,122.19,136.08,130.47,110.66,115.36,100.88,88.205,89.84,150.44,96.465,108.22,118.92,151.03
113,137.7,112.89,80.488,139.29,102.43,87.324,119.49,160.2,161.53,110.99,131.62,122.31,132.82,115.54,127.55,97.194,156.32,151.05,112.87,116.96,122.76,117.41,110.08,102.34,166.57,98.936,128.6,125.52,151.1
114,126.69,121.26,78.65,128.46,95.842,80.359,114.52,147.16,160.2,101.01,124.46,111.68,123.33,113.95,111.18,99.288,142.81,131.68,101.6,113.39,108.36,111.23,106.09,88.644,145.31,84.96,116.84,113.67,140.83
115,97.888,114.77,78.717,75.282,75.818,62.138,91.964,122.52,124.24,71.718,73.905,81.142,90.656,65.954,87.591,83.066,76.149,86.544,104.77,93.758,78.603,94.985,70.629,65.1,120.86,74.853,80.508,65.867,118.01
116,109.61,110.73,75.712,79.834,89.706,54.654,91.084,115.11,114.6,115.14,77.662,82.73,88.348,70.63,107.98,92.926,88.374,91.644,87.66,99.97,94.256,87.172,91.276,68.962,116.63,76.556,77.382,80.168,130.78
201,39.935,72.642,43.213,45.596,39.722,46.352,54.074,44.87,62.99,64.151,59.715,53.315,59.479,81.747,91.375,55.356,45.245,69.555,59.074,68.044,135.45,55.932,56.484,56.135,83.461,63.278,48.078,50.89,81.283
202,60.665,133.09,55.293,59.316,52.505,51.702,91.581,41.649,71.154,106.57,80.276,64.242,64.703,108.19,85.668,80,63.181,60.357,85.867,74.92,83.201,73.207,95.938,78.993,79.484,67.728,68.985,69.694,102.03
203,59.571,69.742,60.093,77.128,55.405,49.973,73.263,46.784,58.566,87.622,80.933,79.016,57.232,69.152,61.354,67.791,74.153,67.971,103.5,49.435,57.072,80.649,67.453,42,105.32,68.076,64.227,63.018,121.66
204,80.359,96.304,74.538,78.22,66.054,60.11,73.092,101.44,116.26,101,83.526,96.173,85.588,86.255,98.947,88.43,89.547,97.252,89.641,109,99.523,75.967,96.147,65.573,121.04,92.27,69.237,80.854,102.81
205,94.237,106.8,58.897,84.219,75.37,58.027,86.05,107.65,107.42,97.895,68.685,103.83,95.715,82.441,113.81,105.15,95.897,106.22,100.2,104.55,95.213,71.517,95.904,65.291,136.87,93.861,67.238,77.926,127.81
206,54.709,60.575,61.694,56.083,44.225,45.972,75.457,40.084,63.16,80.509,63.618,58.531,59.458,96.039,75.474,56.766,60.299,66.469,80.78,44.863,54.082,73.318,79.156,37.394,70.702,46.746,48.969,51.705,98.187
207,52.339,128.22,51.744,59.332,48.916,52.693,81.292,46.26,76.349,89.489,67.347,59.765,65.429,110.27,97.596,58.224,55.924,65.01,89.998,63.276,77.56,64.965,89.743,73.906,78.884,59.83,65.585,66.592,80.992
208,63.416,127.92,64.713,69.018,55.971,53.589,112.91,46.733,85.27,116.34,94.342,70.078,65.464,131.87,96.761,75.839,80.385,69.633,104.64,74.194,78.293,88.168,104.59,77.676,92.55,70.84,80.633,74.915,120.72
209,51.054,78.159,69.626,49.246,44.223,47.489,84.485,66.322,82.549,79.461,74.535,62.762,83.112,102.71,64.696,60.551,55.495,85.579,79.837,115.44,91.385,63.684,85.525,82.523,100.61,86.397,56.239,65.751,87.228
210,57.855,81.819,77.228,71.853,62.595,68.393,89.461,84.723,99.237,97.48,83.069,74.253,106.53,139.51,73.71,66.983,82.582,108.77,70.136,140.14,94.102,70.143,107.74,78.908,106.78,97.534,64.322,72.763,95.81
211,61.54,60.28,65.46,55.91,64.29,55.79,79.43,42.46,66.22,95.11,92.59,64.35,62.49,62.07,55.57,90.12,85.1,78.57,108.18,60.3,59.43,82.27,107.16,59.94,66.06,75.97,51.4,49.27,107.07
212,87.26,84.74,66.22,76.02,82.97,98.97,107.76,60.97,97.32,122.6,132.36,112.38,95.68,99.16,66.08,118.87,84.9,72.44,119.07,111,66.1,90.05,135.08,68.69,110.55,106.79,68.58,63.53,132.43
213,61.76,61.73,70.3,56.68,55.77,39.06,86.99,42.06,67.85,89.7,88.58,66.87,58.69,69.78,63.49,62.5,88.24,82.88,104.8,51.2,60.58,84.54,97.48,54.35,81.31,57.72,54.29,53.59,106.77
214,55.811,69.642,60.194,62.972,50.289,52.068,64.83,41.6,53.834,72.167,69.338,69.277,58.633,80.765,78.382,54.229,56.672,72.364,88.218,37.681,55.237,78.424,61.476,40.529,85.947,56.638,52.217,52.885,102.78
215,69.288,91.085,71.227,59.649,58.312,58.717,55.006,100.4,121.57,86.527,72.649,60.69,71.672,71.626,71.509,78.371,56.05,94.017,74.451,77.653,85.687,63.187,85.263,55.684,114.06,89.501,64.781,79.032,88.888
302,57.311,69.956,47.456,39.443,52.069,51.527,48.141,67.848,79.603,54.05,49.302,44.563,36.749,30.66,40.251,50.065,54.168,49.666,39.502,36.975,42.394,35.561,48.933,57.038,57.157,49.085,45.16,57.233,59.299
303,56.589,38.474,34.194,37.917,45.781,57.095,55.82,54.248,81.83,53.642,50.39,41.043,35.412,40.893,36.309,49.366,51.424,44.389,52.328,40.841,49.531,36.25,50.85,60.348,42.483,42.938,61.359,54.304,52.417
305,59.789,67.639,48.299,36.625,47.443,50.059,41.039,63.024,92.097,43.825,40.774,46.68,31.403,35.525,33.376,50.711,56.283,46.994,44.27,45.954,61.46,31.619,52.577,78.17,54.984,45.78,46.142,57.091,59.755
306,42.879,45.246,50.307,39.456,46.102,53.377,53.092,49.9,89.471,36.66,43.563,35.306,45.743,22.814,30.183,57.02,42.03,54.503,32.904,51.77,40.236,33.228,58.191,59.072,44.519,48.511,55.764,48.223,54.569
307,55.286,28.853,44.799,40.074,48.062,49.366,54.269,59.18,58.175,41.446,35.331,37.608,41.931,34.138,40.149,47.233,54.351,44.15,53.997,42.96,41.097,33.289,41.572,58.101,48.807,34.67,52.129,50.51,58.674
310,46.301,54.86,35.181,38.031,40.298,41.327,35.607,53.677,72.838,27.232,30.897,30.462,29.439,20.196,27.185,38.113,44.39,45.873,32.257,38.197,52.29,28.826,53.082,58.047,42.008,30.687,37.116,42.198,52.163
311,46.314,46.244,38.937,38.066,42.052,49.781,41.398,58.005,83.529,29.051,37.466,33.431,36.767,22.885,25.358,55.667,49.523,44.414,36.858,47.48,43.276,34.125,53.484,67.41,43.959,45.656,40.36,41.996,45.881
312,36.727,31.707,38.31,31.988,41.832,46.18,43.463,35.47,77.95,32.088,31.46,26.443,35.393,16.242,28.27,48.987,34.831,39.585,27.878,44.068,27.429,22.877,42.955,43.317,37.063,34.733,50.144,39.932,44.498
313,79.973,64.408,43.727,43.278,50.409,57.769,51.813,63.139,97.393,53.401,47.39,66.233,39.47,54.83,34.287,54.477,58.963,51.488,48.74,44.666,51.371,38.681,54.45,78.567,50.463,53.133,56.432,53.45,64.39
314,38.27,27.293,42.915,36.423,42.355,58.159,49.892,50.509,59.985,29.469,25.931,26.874,25.865,14.779,34.044,37.686,50.934,31.592,37.684,40.946,32.22,25.626,47.498,51.622,42.362,34.355,58.017,46.188,54.929
315,62.302,57.178,57.746,49.562,70.634,55.628,51.113,73.525,73.322,66.613,44.215,48.582,50.503,40.796,45.949,49.169,65.914,58.424,50.657,40.634,40.946,41.301,56.306,74.986,59.709,52.591,50.403,55.309,66.63
316,60.709,54.192,36.833,38.91,45.412,51.256,44.226,55.056,78.322,32.33,45.22,38.184,34.723,28.599,34.782,44.541,47.254,40.779,43.25,36.146,43.495,34.727,45.65,63.989,37.801,35.315,54.98,47.752,51.427
317,42.708,29.453,41.352,40.435,41.694,38.259,48.415,50.035,46.721,47.242,32.911,37.34,35.156,35.952,45.551,44.081,47.625,40.655,40.551,38.08,38.126,33.19,32.573,45.58,33.197,31.723,41.912,40.606,53.227
318,33.044,33.054,33.882,48.356,44.548,49.712,43.242,54.118,77.536,30.868,37.85,24.238,31.76,15.446,32.198,42.718,42.602,34.696,35.688,37.2,31.994,30.048,49.468,46.562,38.836,39.812,55.844,38.152,38.614
319,33.593,30.128,35.141,45.636,43.51,56.493,46.17,44.242,74.168,30.956,33.138,25.721,31.16,15.543,32.497,40.37,44.374,34.699,32.215,41.427,31.779,30.173,51.825,43.331,39.59,40.458,59.98,41.871,49.16
320,39.261,33.057,28.8,37.208,42.978,39.797,36.188,37.335,80.363,28.966,31.39,25.765,33.341,21.821,24.467,46.447,33.608,39.405,29.57,39.887,29.983,25.742,41.394,47.73,41.005,38.048,43.151,38.167,48.128
321,44.824,52.342,39.401,40.606,48.017,47.605,40.194,46.702,68.265,37.655,34.827,32.49,43.987,22.432,27.929,46.586,50.85,41.815,37.416,50.315,51.386,32.159,55.271,70.733,46.678,49.022,39.615,38.827,47.32
322,34.73,27.779,33.192,37.461,42.83,48.133,44.601,39.571,76.923,30.265,28.039,25.595,33.947,14.614,31.412,45.487,38.829,37.416,27.637,41.648,30.311,24.278,43.909,38.751,34.055,34.962,53.017,38.766,39.37
323,50.955,45.064,49.839,42.336,49.244,56.631,56.37,65.091,64.259,51.306,51.412,49.025,53.18,46.597,43.97,51.993,57.658,51.903,51.395,38.98,45.701,36.02,45.396,52.687,45.945,45.143,55.28,71.223,60.672
401,38.888,38.242,61.828,36.671,57.999,74.977,73.038,43.525,69.119,33.462,42.22,33.537,40.869,21.291,34.62,55.966,72.793,44.747,40.086,61.788,39.897,48.345,35.193,37.049,44.797,58.042,73.951,53.771,51.701
402,93.8,122.82,154.53,78.905,75.314,112.75,156.43,83.066,107.4,73.842,81.224,73.465,125.42,34.325,74.609,124.5,98.409,100.15,75.317,114.46,105.75,75.961,105.37,75.065,108.19,91.734,143.94,94.131,83.471
403,72.514,38.007,40.988,34.889,53.479,55.432,40.846,44.098,74.02,32.633,30.915,37.506,55.367,36.662,38.579,43.944,45.438,44.022,47.939,40.627,40.967,28.838,41.08,66.28,47.321,47.121,55.357,38.387,48.496
404,117.01,148.61,160.83,81.88,79.888,118.34,140.15,98.362,152.43,82.798,87.55,72.574,135.24,34.238,70.916,132.43,99.572,111.55,84.946,130.71,108.15,68.126,147.67,92.332,115.47,105.08,155.57,113.53,120.11
405,62.937,36.138,35.848,30.6,51.619,65.944,43.779,45.167,60.325,29.351,34.238,36.927,26.377,28.166,30.658,35.12,60.112,39.434,36.72,45.553,36.545,40.026,37.317,54.98,42.442,49.11,47.939,40.945,46.688
406,62.42,44.457,51.389,36.16,48.232,46.34,41.374,54.309,64.439,44.076,42.282,31.924,54.492,45.684,35.567,47.365,50.42,51.454,51.576,55.849,42.386,34.943,48.369,65.269,44.145,58.777,50.037,41.832,55.862
407,50.265,75.608,85.247,46.159,61.305,68.872,85.069,63.857,94.937,51.043,43.161,45.114,69.892,22.208,38.384,92.343,55.167,52.223,47.984,70.331,55.723,39.91,55.564,54.477,56.7,51.825,74.566,61.226,55.947
408,39.571,35.249,38.316,37.556,47.953,45.219,39.535,41.182,76.758,32.498,29.783,28.654,36.301,20.17,25.806,52.186,42.386,38.461,32.206,43.567,31.792,29.917,41.537,48.919,37.162,41.414,40.979,41.285,45.122
409,40.447,54.273,77.95,49.616,60.322,60.279,83.547,46.602,77.412,38.531,40.134,40.393,62.51,18.575,42.611,75.515,62.509,45.614,45.256,60.561,52.177,37.344,41.438,44.658,51.654,41.585,71.374,54.056,45.169
410,40.411,55.057,57.678,35.598,54.161,53.885,61.159,53.428,75.3,38.898,36.545,34.348,57.606,18.187,32.71,74.251,41.748,45.01,35.733,58.911,35.078,34.533,41.204,45.318,38.999,40.756,44.898,48.3,51.205
411,36.674,36.956,43.334,25.733,47.467,43.53,39.509,45.438,62.34,41.231,34.738,32.356,48.464,17.281,22.769,51.773,34.765,38.098,28.501,49.568,34.825,28.732,57.061,48.372,31.679,54.961,33.726,38.74,47.533
412,43.185,43.883,47.969,27.989,44.771,43.147,44.784,53.275,57.702,43.603,39.18,35.122,54.264,23.296,26.856,43,38.935,40.845,38.509,56.811,46.274,32.954,64.008,53.291,34.91,62.277,39.279,39.788,66.313
413,66.038,76.407,113.52,52.298,70.317,87.475,131.1,65.187,87.318,51.49,59.569,55.474,85.526,38.156,66.771,93.866,90.468,81.9,54.199,88.107,74.124,59.87,77.47,53.966,77.741,67.937,121.01,75.779,65.785
414,72.24,39.31,42.266,39.49,43.286,44.86,35.788,47.999,75.906,40.575,37.547,45.057,56.841,40.957,30.274,41.614,40.555,43.37,52.685,42.441,47.51,39.969,46.329,65.723,45.721,61.056,50.505,52.912,52.535
501,70.006,119.44,87.117,68.353,71.653,105.21,56.32,77.053,119.93,47.976,60.87,52.766,79.408,19.827,53.234,61.166,57.353,53.191,126.58,109.43,62.992,46.449,62.466,61.533,79.808,63.769,85.505,58.175,114.52
502,60.019,114.59,70.272,54.653,58.658,83.33,54.799,60.651,119.04,40.507,58.118,47.195,64.414,20.103,41.296,52.484,50.423,57.679,115.8,111.77,64.137,34.05,60.859,49.022,74.648,64.033,71.934,50.939,102.07
503,83.149,86.497,136.34,78.782,83.201,107.29,76.63,95.592,111.65,60.612,73.086,59.969,95.642,27.014,53.17,84.594,55.996,68.14,121.46,127.48,88.395,54.995,101.97,82.959,75.045,75.186,94.453,93.474,119.47
504,93.507,96.292,78.173,80.448,71.83,119.37,57.238,84.957,113.73,56.793,76.53,62.08,74.789,14.676,55.237,102.79,43.405,47.465,108.91,94.524,81.681,58.418,65.285,67.165,73.436,60.472,86.14,58.431,127.9
505,47.724,90.727,53.279,48.321,56.283,60.978,55.648,41.891,92.524,56.496,53.966,39.553,66.31,15.464,32.386,47.053,45.718,56.609,96.899,92.35,63.388,38.598,58.112,37.544,66.721,51.592,51.925,49.409,72.249
506,85.962,106.18,44.09,79.409,56.662,123.02,53.99,68.167,119.16,50.789,96.244,79.815,56.454,9.2853,55.165,131.61,32.629,61.688,87.199,69.392,77.645,52.256,53.096,53.693,56.827,50.681,71.588,50.269,138.06
507,61.345,87.694,45.191,47.745,52.79,73.478,58.548,46.202,117.06,48.874,55.232,49.1,62.146,13.264,38.512,45.852,50.67,62.028,101.58,86.352,54.841,31.303,46.814,44.539,63.537,59.919,55.981,56.472,65.883
508,78.651,122.86,62.888,77.704,59.145,115.79,54.163,61.142,111.24,49.934,64.891,58.403,66.728,10.111,51.687,96.72,43.006,45.836,108.46,86.064,65.541,48.771,58.572,57.653,60.033,53.565,77.115,49.814,120.98
509,76.035,106.65,120.89,77.18,80.145,101.89,67.723,87.534,118.99,62.85,71.445,59.775,86.968,29.217,52.229,81.924,60.17,65.107,131.21,127.28,77.157,48.254,97.957,79.689,77.998,74.863,97.876,73.521,127.14
510,60.135,103.89,63.563,54.739,63.48,78.075,61.524,50.304,114.41,48.967,60.162,45.482,71.309,17.071,40.183,50.323,51.158,62.536,113.04,106.05,72.272,34.915,68.183,47.833,74.455,63.364,58.52,54.421,82.982
511,70.506,114.52,59.594,58.343,67.814,88.61,59.283,56.777,130.69,46.171,60.008,49.016,68.071,16.474,42.487,59.156,50.07,66.362,115.82,106.38,74.418,34.971,66.854,54.878,76.872,70.301,60.773,55.069,87.343
512,88.459,88.493,107.51,80.261,80.143,109.82,58.358,88.717,108.6,54.996,72.057,59.84,81.81,17.571,53.627,86.125,45.673,55.049,112.87,114.37,85.497,55.577,75.924,74.023,78.15,68.505,91.987,70.984,115.33
601,46.281,31.186,21.183,43.988,25.524,34.082,64.49,50.581,52.976,34.291,83.688,84.525,35.19,0.68091,41.112,30.321,41.731,62.054,44.308,46.27,32.611,19.018,69.926,14.396,29.379,55.447,153.96,48.888,48.411
602,135.71,188.06,100.69,79.784,92.143,206.37,249.79,167.65,214.85,81.613,186.38,89.602,84.506,12.659,153.89,118.58,86.719,127.03,153.87,135.14,125.95,45.018,62.839,55.919,105.35,111.27,111.39,126.97,160.44
603,85.718,46.772,32.263,80.083,31,77.607,96.146,83.372,166.75,38.465,69.764,81.83,49.555,2.5807,74.229,71.668,51.142,66.473,44.14,49.216,39.612,49.953,43.791,38.172,42.843,58.721,66.135,56.253,66.052
604,149.92,126.75,133.73,165.89,93.026,161.67,148.79,175.15,170.48,129.22,115.2,132.74,185.94,15.563,175.11,160.8,95.558,142.58,185.99,119.89,152.54,55.485,74.474,96.659,125.3,95.768,116.74,117.88,169.64
605,59.935,44.062,44.352,103.24,27.309,86.872,100.8,65.504,187.91,38.573,54.979,87.159,45.906,0.77885,69.381,52.242,80.063,85.673,52.493,63.444,35.303,45.044,80.707,27.436,49.452,97.002,75.173,85.287,59.318
606,90.431,69.886,54.555,140.58,52.498,110.32,99.637,125.94,131.75,69.981,93.147,97.389,103.98,3.0283,93.396,91.515,100.67,144.89,75.273,70.069,69.244,54.321,118.29,36.499,91.043,99.599,63.582,128.71,99.947
607,60.013,33.531,28.77,39.296,19.746,29.287,47.174,54.885,44.556,22.168,69.477,75.968,35.513,1.2873,60.454,48.45,32.285,51.366,36.687,33.024,30.688,22.346,28.871,27.185,30.279,46.125,120.52,23.525,75.215
608,167.73,194.99,128.69,126.3,101.17,195.85,230.21,183.57,229.98,118.23,161.01,123.61,98.163,13.051,154,166.77,124.08,125.68,194.47,134.54,143.27,62.499,71.312,74.663,135.79,110.29,137,130.34,185.58
609,68.449,43.715,38.541,45.862,28.8,41.072,56.951,62.373,62.498,36.481,60.003,82.865,34.512,2.5946,62.437,42.006,48.141,52.729,55.009,49.696,37.398,54.006,50.14,50.144,40.223,45.458,92.345,39.976,116.88
610,87.945,67.037,92.676,132.31,45.813,98.723,114.83,117.3,136.64,61.925,90.369,102.4,79.642,4.0561,120.56,85.673,84.983,113.9,76.007,63.886,58.009,58.246,73.973,37.426,74.242,76.547,53.99,95.162,100.37
611,51.865,38.902,28.219,58.76,24.648,50.435,96.556,66.475,127.14,32.052,68.236,78.979,37.41,0.98545,62.468,52.535,43.676,65.172,41.62,45.437,35.625,30.197,47.34,26.604,27.42,60.139,102.6,36.322,61.799
612,103.19,98.348,52.384,99.47,62.236,116.33,184.17,125.01,255.26,71.692,152.27,99.533,50.119,2.7542,108.23,85.409,77.271,72.586,71.662,79.255,81.324,53.462,64.57,40.237,106.11,68.186,68.424,69.027,124.43
613,167.54,146.05,120.97,173.1,74.411,143.82,199.68,184.05,212.48,101.85,150.12,129.54,169.41,8.8829,166.56,171.31,112.89,122.72,150.53,124.99,138.59,55.458,90.846,80.806,130.2,95.539,117,99.387,183.88
614,72.357,81.398,63.037,52.301,53.976,87.445,129.64,97.077,140.02,58.806,109.73,74.943,36.142,4.1618,92.337,71.02,51.258,66.063,97.59,58.021,53.399,71.797,50.114,50.114,81.993,51.816,113.07,63.534,111.88
615,96.248,92.326,94.659,133.23,69.373,107.68,128.04,132.61,121.68,97.988,108.05,115.43,132.53,8.1237,136.8,126.42,92.555,145.54,102.73,78.529,101.89,49.844,70.232,63.61,93.995,66.969,74.144,93.33,143.24
616,76.46,51.576,70.406,136.05,36.593,72.508,89.905,92.487,100.09,52.766,64.888,98.496,68.241,2.121,82.677,71.783,107.58,127.7,70.333,61.06,45.77,70.478,91.855,27.019,67.453,101.27,54.552,123.66,88.944
617,205.49,204.75,147.42,176.39,93.818,189.41,228.37,204.65,243.43,124.85,159.59,143.44,123.78,8.5139,153.2,211.33,133.38,134.38,185.66,144.27,163.11,59.666,83.918,86.334,141.71,116.42,153.11,129.78,194.04
618,69.846,39.009,46.887,93.862,27.401,80.379,86.042,69.216,108.15,39.469,56.74,86.374,52.84,0.53583,69.167,60.851,119.77,120.6,64.418,68.396,32.71,59.769,105.34,26.907,65.086,140.33,84.025,128.48,57.915
701,48.444,16.317,26.007,26.859,12.847,45.042,25.226,55.77,19.887,34.668,26.073,19.821,35.53,6.4592,19.797,49.791,19.569,104.91,71.559,26.422,32.652,18.278,35.172,10.606,31.192,39.043,39.756,18.307,21.506
702,98.492,31.945,52.495,21.277,27.723,47.394,110.45,121.49,60.301,104.47,67.122,43.413,64.885,9.0195,24.664,69.716,54.808,69.735,46.278,61.768,33.804,32.024,45.047,18.681,69.47,35.401,48.067,31.201,50.155
703,118.87,44.632,53.234,53.727,39.737,81.969,50.498,82.851,61.697,111.63,44.905,44.74,78.314,11.704,59.583,102.86,51.018,191.63,130.54,50.357,69.962,19.307,56.267,30.948,79.586,79.501,44.319,37.94,40.415
704,133.2,43.542,64.003,37.604,60.241,76.309,135.03,146.35,74.627,122.19,82.031,62.507,86.844,3.5645,30.858,103.76,87.472,96.563,88.187,79.174,52.562,46.838,66.211,23.595,93.066,37.384,67.941,42.97,70.066
705,85.692,44.414,41.531,35.05,26.154,52.148,103.44,179.27,39.766,62.849,66.247,51.828,62.904,5.1373,11.2,64.325,36.432,50.605,61.445,53.86,41.52,36.938,72.478,28.641,87.831,39.369,39.477,42.965,55.564
706,187.58,80.175,77.376,81.986,93.033,167.77,63.761,106.54,100.2,184.83,95.268,59.995,118.69,9.0641,98.273,152,79.237,280.1,155.44,85.929,98.263,47.266,68.964,46.443,100.82,114.29,61.676,66.137,76.48
707,199.91,63.876,74.703,47.211,80.683,105.39,81.296,83.183,83.119,145.17,81.027,50.338,100.27,5.4103,58.28,113.84,77.354,187.44,82.348,70.518,48.703,42.297,41.623,30.528,61.936,73.667,61.004,51.57,74.382
708,102.14,33.249,52.644,24.907,36.144,56.207,119.19,132.18,65.374,101.22,71.355,49.358,70.791,8.1087,24.593,77.061,62.368,75.829,55.585,66.154,38.403,33.522,51.147,21.572,73.666,34.541,53.421,29.707,55.76
709,170.22,65.781,73.164,40.794,90.743,91.949,100.76,116.88,61.654,132.55,84.224,57.67,106.67,11.18,39.115,111.81,109.66,141.34,107.42,72.166,56.582,73.322,59.823,29.363,77.155,55.791,57.438,56.444,80.186
710,218.93,72.815,81.425,69.231,69.425,115.24,73.431,78.494,62.092,136.94,94.96,70.574,130.24,4.7484,69.154,146.31,75.147,254.7,114.62,63.861,60.726,70.112,64.974,32.707,86.515,73.257,65.665,62.087,90.422
711,74.327,52.613,49.39,53.344,25.292,73.734,113.8,163.08,37.795,56.525,63.018,68.722,58.745,2.5053,10.077,54.085,41.946,45.859,61.757,49.957,47.172,37.068,70.96,20.387,61.062,25.047,32.702,36.034,63.204
712,181.22,55.699,60.531,51.439,58.11,90.262,46.818,72.026,81.968,145.8,58.468,40.775,86.694,3.3824,73.818,109.04,63.443,193.29,96.694,67.793,52.101,29.436,40.381,31.643,60.477,87.42,49.035,48.781,60.059
713,180.53,96.247,68.744,113.19,92.271,185.84,79.275,114.68,74.289,176.93,134.98,96.937,135.45,4.6229,108.73,188.44,72.113,324.21,165.45,85.659,110.1,61.512,108.25,42.308,101.9,103.8,74.304,75.284,91.435
714,76.024,26.237,42.678,13.037,17.719,35.247,83.4,102.12,44.464,77.226,52.008,33.727,49.888,6.2307,17.709,46.884,43.285,53.208,32.048,42.47,28.877,21.955,35.637,16.614,53.295,30.413,42.515,33.839,38.154
715,103.72,47.827,59.199,60.573,28.685,101.44,122.12,160.86,32.048,51.15,68.321,94.048,73.114,3.2772,13.661,59.034,52.591,42.724,65.696,56.378,48.777,32.373,74.813,11.729,44.11,17.724,47.729,35.427,66.401
716,161.2,34.707,51.617,25.374,31.089,35.553,50.894,58.838,63.509,97.919,45.306,36.07,66.061,3.8975,38.995,68.43,55.439,106.39,45.227,45.603,32.934,18.165,26.745,19.275,28.931,43.991,37.071,35.373,41.428
717,144.4,22.739,35.161,18.1,15.13,20.387,35.548,45.015,39.196,69.929,36.561,24.202,45.037,2.9443,29.879,54.75,40.982,82.507,32.902,33.717,25.157,15.026,23.198,15.713,21.544,31.241,41.272,23.201,30.134
718,155.49,33.112,42.386,28.537,24.251,41.023,32.391,55.893,59.608,90.364,41.231,29.016,58.071,4.6667,43.255,80.911,55.307,128.07,56.492,38.855,37.764,19.312,30.329,20.661,36.275,50.327,39.011,33.834,39.317
719,66.211,43.881,44.114,37.888,24.69,54.694,103.95,157.81,43.52,51.502,63.274,51.697,59.185,3.64,11.355,57.845,37.322,44.031,59.097,48.81,42.286,37.41,70.49,25.433,79.63,31.313,32.682,32.809,61.217
720,140.04,45.652,77.819,45.289,50.055,90.062,129.37,131.23,51.651,100.42,74.786,65.634,87.085,7.4406,30.652,91.475,104.19,90.862,96.452,71.243,61.254,62.962,77.786,17.645,88.191,33.562,45.259,48.8,66.102
721,159.51,36.221,52.645,62.161,28.465,133.69,127.72,122.51,24.916,53.587,73.002,79.407,90.116,2.9726,26.811,68.543,77.443,45.455,61.784,62.088,47.606,48.514,61.656,15.197,47.308,25.52,50.784,38.381,66.527
722,232.98,43.885,78.098,44.093,61.331,94.215,104.22,89.995,33.402,97.997,72.646,54.888,95.991,7.0602,33.179,85.904,104.75,132.44,74.666,61.233,50.778,65.705,54.801,16.607,77.608,44.279,40.679,50.794,60.956
801,83.035,55.365,33.243,34.109,27.81,43.178,74.966,206.09,42.12,75.835,58.078,45.474,42.863,11.195,15.588,37.697,32.934,68.506,39.997,31.63,38.167,40.331,68.2,32.526,67.114,37.916,70.489,42.434,56.223
802,58.969,22.169,29.108,27.621,16.756,34.952,36.793,64.314,17.085,17.737,28.963,25.858,33.777,13.418,6.7463,7.6484,6.9723,59.422,27.546,23.446,20.45,26.446,47.493,12.033,35.604,15.615,41.812,32.717,39.691
804,56.471,14.669,41.743,28.191,19.2,20.907,39.783,62.258,20.848,35.068,30.082,31.479,18.52,2.2107,25.975,16.76,17.566,36.799,25.78,25.595,15.891,21.136,21.396,8.353,19.45,16.973,28.53,18.262,31.054
805,58.267,23.854,31.225,28.602,30.335,30.709,37.834,59.31,30.38,38.54,38.686,26.623,27.455,7.4568,33.619,23.275,22.362,38.585,25.729,26.894,23.431,21.177,34.528,15.889,22.937,22.069,22.314,32.712,36.098
806,64.866,26.033,34.253,13.857,16.663,29.973,85.373,135.58,37.087,41.805,48.238,29.065,38.747,8.7684,17.074,32.326,30.547,43.72,24.733,31.164,29.887,29.387,42.424,19.22,57.294,30.041,50.32,31.987,36.552
807,73.297,18.579,42.451,11.817,15.644,19.588,51.185,66.229,28.181,45.703,38.25,21.634,27.089,4.4475,27.648,29.969,29.917,40.937,21.613,26.772,16.227,20.927,19.565,10.068,28.114,21.367,34.732,18.458,31.152
808,39.904,11.896,24.858,14.581,10.285,16.64,30.239,49.511,8.5393,15.642,16.07,14.242,14.713,5.0592,7.0823,6.1908,5.3993,29.902,25.861,15.663,9.0297,12.025,14.144,5.4513,12.402,8.4009,34.817,18.784,18.461
810,71.083,28.401,39.93,24.709,22.012,35.477,75.161,130.55,37.363,37.542,44.448,38.419,36.745,37.079,19.168,29.797,21.622,57.377,33.619,32.776,33.477,30.164,44.559,23.634,57.671,30.448,62.227,36.396,43.299
812,41.4,9.9728,22.704,24.46,19.126,22.255,20.468,41.59,10.105,26.756,19.144,15.94,20.034,1.6196,15.822,13.675,11.62,25.509,23.582,22.425,16.155,11.347,22.115,6.0304,14.264,12.316,29.35,20.276,20.721
1001,43.421,26.845,20.9,17.97,22.155,24.638,22.532,17.35,11.632,34.227,32.445,17.57,37.198,6.322,16.671,38.279,17.353,22.899,16.455,25.967,29.291,20.505,27.02,14.894,37.426,35.126,38.927,28.076,19.218
1002,29.573,14.885,15.503,18.464,13.824,18.573,10.881,29.168,13.436,23.305,20.183,14.02,19.329,4.3177,19.888,19.83,14.438,52.8,20.878,18.51,20.284,8.7624,20.954,8.5023,20.675,27.806,33.176,18.536,9.2058
1003,35.07,16.56,25.2,36.18,18.24,20.58,25.41,28.51,26.13,55.18,23.58,19.84,24.76,5.84,15.56,18.95,14.91,41.29,24.87,45.69,17.97,10.67,15.95,19.59,22.05,21.84,58.83,16.93,10.04
1004,51.063,36.959,42.883,61.005,58.288,30.412,60.417,63.74,53.743,54.702,34.553,47.338,57.009,9.465,40.58,51.538,41.971,37.194,41.5,71.161,45.244,28.423,30.435,22.747,41.562,54.711,41.874,46.623,39.502
1005,93.283,61.102,62.969,105.02,53.256,128.29,82.985,116.31,68.582,108.53,57.334,66.378,119.39,13.567,79.959,117.76,55.397,182.89,139.55,73.678,110.46,26.241,83.898,48.089,99.065,79.667,68.637,56.267,55.177
1006,71.851,57.399,56.996,77.287,79.079,51.067,93.421,90.308,81.134,46.409,48.482,69.666,82.282,8.3227,59.908,68.58,59.87,54.042,66.958,90.896,47.858,33.651,38.706,33.222,61.644,44.458,65.394,56.314,54.185
1007,128.73,114.88,98.401,124.8,120.42,108.61,152.17,151.53,155.11,81.248,93.582,119.82,173.54,17.23,112.91,100.83,92.147,86.44,145.06,127.35,114.24,44.286,72.083,65.887,133.66,91.273,117.61,93.153,108.28
1008,35.543,17.397,24.203,38.684,17.993,19.803,28.08,32.024,27.264,49.87,23.793,19.69,26.72,5.5167,18.357,17.864,15.22,49.15,29.063,47.327,18.4,9.65,16.154,17.773,21.777,21.18,54.77,20.337,10.157
1009,49.5,18.397,21.348,42.927,15.77,33.984,32.945,55.071,26.534,31.071,24.677,23.143,33.126,6.1139,25.638,38.882,21.82,94.214,54.494,40.856,26.883,15.228,30.422,10.917,25.012,37.838,34.731,28.972,21.017
1010,57.227,28.457,26.407,25.45,28.416,36.923,28.959,35.885,19.629,54.526,35.56,22.122,38.305,18.558,28.612,58.606,35.351,27.763,21.59,29.039,42.556,32.611,49.792,25.986,31.537,45.999,46.56,47.074,45.007
1011,41.756,27.092,32.844,44.825,45.847,25.431,43.653,43.342,40.516,50.847,32.127,36.511,46.81,11.194,33.02,36.921,27.609,28,25.81,53.751,40.771,24.781,33.176,23.476,31.798,51.668,38.093,46.527,35.884
1012,47.06,25.519,33.42,57.763,21.463,21.179,50.069,53.06,38.064,40.626,29.449,38.906,36.287,3.7737,35.555,39.336,24.453,66.315,55.389,76.229,26.556,14.405,22.766,18.586,32.312,24.699,53.082,26.498,22.467
1013,24.429,21.754,20.584,11.85,15.4,19.866,17.543,18.062,8.9493,20.749,23.699,11.199,29.341,2.3598,13.825,32.94,15.708,21.801,9.0183,18.648,26.709,23.785,22.07,14.289,25.948,18.137,30.477,20.257,12.776
1014,38.062,20.854,34.646,45.63,25.024,23.996,36.612,34.582,26.562,62.367,26.311,30.352,26.833,8.6539,23.046,27.899,17.223,32.187,32.574,64.267,36.82,17.88,25.408,23.598,32.192,35.516,60.934,25.547,24.836
1015,48.998,27.075,20.748,26.178,24.953,23.844,16.573,27.96,13.836,43.299,34.501,20.799,37.239,12.287,21.668,50.362,19.155,21.011,20.623,27.157,31.403,22.571,31.846,20.281,35.599,37.338,53.747,38.593,28.61
1016,35.025,17.352,26.663,33.508,17.992,20.601,20.81,30.273,20.38,48.463,26.889,22.803,24.735,9.9435,19.658,32.337,16.661,23.204,18.68,40.467,29.719,17.913,23.845,23.218,26.271,31.541,50.992,28.011,21.71
1017,49.7,22.586,24.052,53.934,16.634,21.776,42.176,52.872,33.856,37.874,26.02,32.806,35.642,4.536,33.95,37.418,21.814,81.502,52.522,57.582,21.414,11.418,24.308,13.462,28.228,28.514,44.78,33.486,21.118
1018,58.945,20.989,16.304,16.949,26.784,36.502,18.441,21.382,16.006,29.033,31.996,15.033,41.026,4.2015,20.497,55.581,23.307,24.145,19.984,26.573,28.352,27.648,39.966,19.771,32.641,29.678,37.994,28.332,38.256
1019,38.542,22.279,38.6,50.982,29.049,22.703,47.007,38.903,30.538,57.215,27.715,37.645,31.164,6.1782,27.791,26.052,18.28,39.272,43.974,76.636,30.491,19.274,24.783,20.855,36.576,29.575,65.199,24.755,22.757
1020,66.894,45.879,63.551,86.544,63.101,53.661,101.17,77.21,66.097,43.716,50.05,72.351,83.526,6.2116,62.241,63.597,49.53,58.673,88.257,104.87,50.101,30.587,37.719,31.009,71.287,48.317,73.34,51.662,54.077
1101,35.488,47.298,24.509,32.605,42.628,33.029,24.032,19.471,41.626,35.985,43.338,46.402,56.747,6.7837,3.5257,7.5224,7.4109,59.984,56.295,32.239,18.168,92.276,37.858,50.454,37.008,21.703,23.594,29.83,32.43
1102,52.388,26.169,60.52,29.597,47.627,17.932,49.116,15.641,18.194,56.12,58.441,55.568,26.295,0.72436,4.8754,6.7008,13.634,41.51,68.428,71.882,50.982,40.944,36.922,59.92,26.922,38.657,51.859,24.844,27.29
1103,16.359,25.846,17.687,17.603,46.386,30.096,20.585,31.924,21.044,32.043,30.875,42.719,62.685,10.96,11.505,9.0716,11.11,56.128,56.236,28.327,48.547,77.463,21.737,31.474,40.533,18.472,25.305,31.079,24.812
1104,39.566,16.093,15.806,15.337,15.45,33.265,22.244,22.497,25.913,24.083,35.683,16.285,25.137,0.29163,9.2378,11.722,11.35,45.29,43.552,16.249,15.777,14.99,22.878,8.0652,22.414,11.359,11.018,22.337,24.339
1105,39.212,16.323,16.068,30.534,15.468,36.076,24.738,22.606,33.711,24.813,28.619,21.348,29.387,4.561,3.9179,9.3011,11.421,66.294,51.53,16.708,21.279,33.709,52.078,11.284,35.548,16.735,25.695,21.341,27.561
1106,23.598,44.452,28.251,21.913,64.631,25.089,19.201,18.602,22.15,45.949,37.906,63.456,33.001,10.904,10.76,4.4767,11.342,45.952,56.586,54.121,105.55,42.022,32.231,21.375,35.196,23.574,27.465,19.186,23.497
1107,35.007,53.03,47.445,44.21,67.534,23.451,26.964,12.798,35.225,43.289,35.264,65.73,36.981,4.9448,4.9517,9.4546,12.976,62.693,59.215,42.916,43.937,98.656,45.836,48.435,41.281,39.312,42.992,27.514,21.908
1108,31.395,40.981,38.699,39.62,91.661,28.03,31.52,21.676,30.504,45.949,55.113,75.931,51.201,12.742,7.4374,4.4718,16.902,49.134,87.52,66.767,49.273,46.664,38.409,32.448,44.848,42.456,29.758,23.925,21.913
1201,112.83,147.18,137.99,81.595,82.552,133.82,119.78,119.08,147.29,69.913,84.652,82.425,134.51,28.591,59.487,122.26,85.895,108.18,77.377,129.04,89.913,65.768,144.55,87.973,97.795,102.22,124.81,107.53,121.06
1202,36.201,31.771,31.801,27.194,33.049,43.779,38.882,42.348,60.779,41.189,30.45,24.438,36.709,17.911,35.46,43.397,31.102,29.604,42.325,48.375,36.491,38.331,48.746,44.998,41.527,60.428,39.568,39.735,70.316
1203,50.029,65.31,81.222,43.117,56.427,68.872,73.653,73.041,66.793,43.723,48.762,45.314,81.459,20.737,37.859,76.978,47.795,49.022,45.019,73.334,47.115,41.879,55.538,52.975,37.581,58.291,48.606,47.909,69.483
1204,53.027,64.603,95.705,47.563,67.397,67.322,67.142,61.156,77.234,48.54,53.105,44.347,68.493,26.646,48.216,62.072,52.785,57.256,87.721,90.741,69.277,48.591,81.008,71.585,51.283,59.622,66.366,44.149,104.25
1205,37.41,65.037,37.285,33.363,41.233,40.997,38.562,34.68,60.47,40.734,42.116,29.119,44.21,13.742,31.779,43.206,34.057,42.986,70.78,62.526,45.867,45.599,46.79,35.862,54.175,46.488,43.718,35.587,63.042
1206,69.322,88.908,130.87,61.18,73.609,104.36,89.652,89.586,85.619,51.13,62.869,57.172,107.5,28.361,44.685,83.807,63.383,68.434,85.524,105.86,73.848,51.191,80.903,69.109,58.318,80.658,78.529,63.508,98.237
1207,37.728,35.801,56.754,31.382,47.914,48.322,48.369,51.974,50.685,49.518,35.006,35.567,53.078,20.622,37.927,43.142,35.984,36.138,50.44,63.923,48.394,37.107,61.574,55.451,37.353,66.793,48.449,35.545,73.978
1208,70.698,109.41,112.25,71.56,82.558,88.804,77.608,81.946,121.63,59.161,68.999,54.449,88.358,31.571,51.008,78.861,62.216,66.787,125.37,127.92,80.551,45.588,113.77,75.61,69.874,71.377,86.859,59.28,130.89
1209,76.814,91.091,146.38,69.587,86.815,111.29,93.385,99.234,113.41,58.655,75.696,59.836,107.58,34.224,51.696,80.283,61.144,70.859,110.67,120.88,89.654,58.606,110.72,82.333,69.029,80.701,86.957,87.115,120.38
1301,52.735,73.825,37.465,38.797,46.273,63.952,57.416,44.802,88.695,54.852,52.697,44.814,58.234,8.9915,36.475,47.947,42.653,64.308,94.968,65.533,43.854,32.983,36.741,40.858,51.204,46.573,55.163,45.878,48.991
1302,50.274,58.76,33.393,35.108,29.916,59.39,63.502,47.126,66.853,51.466,47.399,42.744,79.225,15.48,41.594,57.436,31.511,59.342,75.183,52.448,60.444,30.519,49.307,42.119,51.469,36.659,52.801,46.329,47.952
1303,69.242,104.9,48.129,41.167,54.211,83.972,70.423,61.073,110.63,49.879,64.652,53.026,79.628,11.925,48.94,59.502,53.101,75.265,111.31,83.193,64.548,35.515,47.157,53.472,61.255,60.797,65.48,55.19,65.496
1304,38.137,37.854,23.475,29.984,24.218,38.604,41.103,29.526,55.131,44.862,37.77,33.76,42.13,8.8789,31.386,45.999,28.848,53.01,59.147,33.244,39.05,27.703,26.717,27.945,52.405,28.055,39.285,34.094,33.853
1305,47.113,75.089,37.385,42.714,51.018,57.36,52.314,38.792,94.037,55.583,49.154,40.525,55.665,13.24,30.099,44.014,43.548,57.898,90.24,71.424,48.138,33.725,42.073,35.006,63.286,47.114,49.068,50.523,54.793
1306,30.144,55.748,28.541,30.757,33.394,36.724,35.773,29.3,51.318,33.283,33.172,23.588,33.758,11.585,28.436,40.891,30.598,41.902,54.35,39.731,37.809,36.883,29.107,23.902,70.538,36.485,36.176,29.264,40.156
1307,40.436,59.866,33.022,38.31,42.962,46.348,44.834,33.004,76.998,55.85,44.278,33.772,44.936,11.856,26.988,40.674,37.48,59.392,82.26,51.178,40.96,34.964,30.148,30.5,61.01,37.234,44.86,39.074,42.958
1308,38.434,53.925,31.095,27.903,31.718,36.206,40.019,38.854,56.784,34.119,41.464,27.767,36.888,12.962,28.806,44.387,34.368,44.226,52.942,33.247,39.948,32.557,33.352,31.231,78.847,34.291,35.715,33.319,34.005
1401,87.481,49.58,54.184,108.55,44.027,86.801,95.024,110.93,58.923,76.131,53.563,76.884,78.219,8.396,84.083,91.464,54.345,135.57,113.49,92.817,70.957,30.134,48.508,38.324,77.234,59.072,59.516,57.07,58.908
1402,82.718,53.378,66.456,104.47,48.405,78.912,106.23,102.76,79.342,65.532,60.373,83.389,79.574,7.5758,81.692,79.701,56.304,95.468,108.77,107.04,59.682,32.355,39.234,33.683,81.557,58.329,81.229,62.615,61.221
1403,124,88.588,97.776,141.74,62.608,142.43,145.77,148.85,135.78,103.05,94.844,118.61,133.34,14.34,124.88,118.13,82.032,114.38,156.88,136.94,108.33,49.422,59.444,58.494,130.97,94.372,121.64,105.3,93.354
1404,138.49,104.14,94.781,158.33,86.513,160.19,117.34,165.02,121.1,136.5,89.997,113.34,160.09,17.712,150.2,156.75,86.475,189.21,158.03,114.67,150.23,49.211,90.455,79.265,143.31,103.05,101.23,105.19,96.697
1405,144.47,112.38,119.89,162.76,80.36,182.29,141.36,183.07,169.83,129.6,107.6,131.55,164.23,22.34,153.43,147.29,91.15,144.55,188.7,144.52,145.93,56.156,63.155,86.238,154.27,109.6,130.99,127.67,101.99
1406,179.44,151.92,150.7,188.49,96.765,179.08,169.03,194.02,213.02,127.67,112.43,145.61,221.74,21.858,152.82,162.9,108.82,140.92,228.66,153.83,170.69,59.304,84.947,97.052,166.78,124.37,161.91,133.62,125.64
1501,131.06,151.21,114.26,116.5,106.96,142.61,152.45,156.7,181.57,93.589,102.92,126.06,131.13,20.737,118.33,122.89,101.48,94.646,198.31,127.6,144.33,61.592,79.478,72.779,152.53,93.349,123.77,117.99,111.53
1502,80.982,106.55,53.572,44.054,51.444,88.987,96.567,83.306,118.43,52.39,64.491,66.707,109.91,15.986,64.42,64.851,48.993,78.883,116.01,83.15,97.058,39.166,60.081,59.255,80.785,54.265,74.119,71.369,66.496
1503,103.87,164.63,98.09,74.42,92.412,156.46,142.62,130.14,180.41,71.032,110.08,101.05,117.08,17.711,107.04,108.38,79.583,86.338,164.42,133.32,125.76,54.244,69.971,72.16,117.18,86.93,112.47,119.6,121.19
1504,88.094,122.56,75.711,73.395,81.912,114.32,124.95,117.89,136.98,63.912,93.273,102.52,119.18,19.172,87.957,96.741,69.749,75.347,169.76,99.831,123.3,51.334,61.587,56.559,117.71,67.295,93.124,101.87,84.94
1505,72.333,107.02,64.241,60.655,64.367,102.14,69.897,59.85,139.38,43.214,68.055,60.032,72.847,12.755,50.525,58.604,56.258,71.948,124.06,104.26,67.149,31.502,57.444,57.704,71.116,73.533,64.443,61.309,80.925
1506,78.572,134.42,72.889,68.424,80.68,150.2,89.055,101.2,164.71,49.017,82.476,69.43,83.713,8.2058,69.099,74.719,57.29,61.28,105.94,122.21,79.529,27.456,66.093,55.845,67.613,68.592,80.549,69.478,145.66
1507,80.879,97.664,60.354,72.355,84.897,83.75,115.39,109.81,119.28,59.402,78.759,90.232,99.921,13.578,79.071,90.912,65.786,59.774,148.67,91.246,101.09,40.347,56.015,47.155,104.85,53.677,82.837,89.057,70.425
1508,74.572,117.03,73.843,54.419,68.303,110.65,84.734,74.743,122.58,42.814,72.755,66.042,96.362,11.233,61.471,67.632,51.46,78.734,127.11,108.02,78.751,37.821,56.452,57.376,73.876,69.351,77.662,74.995,83.551
1509,95.369,164.91,89.883,67.107,92.478,181.75,173.79,139.84,185.5,66.047,138.36,82.103,91.065,8.9824,119.99,103.82,78.389,87.571,113.89,137.96,113.42,38.941,63.946,60.766,91.749,81.557,106.17,114.75,141.01
1601,77.727,127.17,67.947,69.278,53.374,114.07,61.543,67.144,156.85,55.685,68.451,59.381,72.271,7.4583,57.596,52.768,50.934,43.715,110.15,101.88,65.187,32.82,55.247,54.269,60.902,57.747,83.008,54.788,134.44
1602,84.788,171.29,90.677,75.101,94.727,181.27,135.17,124.28,190.92,69.16,112.45,81.639,98.526,7.5864,98.287,89.236,76.895,80.06,109.24,132.77,87.978,34.282,71.887,62.605,82.796,80.791,97.492,82.381,172.53
1603,70.015,122.59,62.018,57.544,61.31,113.66,108.36,88.284,130.53,50.765,91.231,75.329,56.638,3.1999,94.072,68.336,61.209,66.382,67.502,89.029,52.951,35.408,40.176,36.219,66.472,67.905,121.34,62.371,125.89
1604,73.251,135.4,76.054,64.889,63.339,132.75,63.096,81.359,170.47,53.238,66.248,57.333,86.4,12.692,58.47,54.132,55.881,54.866,128.03,121.78,68.252,36.8,62.456,56.701,78.227,74.351,81.293,55.648,139.1
1605,79.278,112.32,72.218,65.334,52.459,102.2,53.406,76.408,155.17,52.458,71.422,74.916,69.253,4.5884,66.138,47.136,54.981,47.864,88.176,103.29,57.094,30.841,41.647,44.664,55.518,55.268,80.661,59.662,120.98
1606,91.329,180.62,86.019,64.149,93.044,182.75,171.82,136.77,183.26,72.938,134.62,90.659,82.995,5.3049,116.12,96.97,80.842,84.762,92.942,124.78,83.394,38.185,63.657,49.195,88.194,91.782,110.23,86.103,157.18
1607,80.43,137.04,81.008,74.352,65.856,129.24,62.974,72.583,147.52,55.613,63.286,58.533,80.483,12.254,57.87,69.873,55.52,39.106,129.31,106.88,70.739,45.517,62.712,66.902,64.718,62.427,87.903,52.366,129.75
1701,165.48,122.97,89.527,167.15,108.26,205.41,104.21,170.89,104.35,192.02,120.31,103.71,190.94,16.708,145.26,201.73,98.933,287.82,193.63,112.73,193.74,47.698,138.67,76.196,147.12,134.17,83.034,109.15,109.38
1702,128.67,127.42,89.776,185.41,103,165.51,115.04,177.85,115.5,155.12,119.12,123.69,180.81,10.124,149.13,176.38,110.38,238.42,153.52,108.33,175.4,52.153,116.02,85.878,117.8,109.99,98.743,115.87,154.9
1703,112.71,95.662,58.484,166.68,64.218,199.01,96.376,150.23,70.411,150.56,104.6,99.981,144.68,6.3442,106.49,158.67,90.776,259.08,127.32,80.489,104.7,45.092,154.24,48.895,100,122.82,82.04,87.553,111.21
1704,149.88,116.04,89.509,157.79,97.184,209.97,103.92,174.81,110.65,170.31,108.6,101.62,202,18.51,137.98,180.47,92.618,240.03,177.52,103.43,199.93,47.637,140.12,82.031,158.88,124.64,90.432,104.19,106.32
1801,205.93,23.544,54.704,54.569,26.047,102.79,61.615,46.217,47.069,87.849,87.833,81.403,106.64,0.1325,50.553,150.06,73.221,167.2,69.794,90.729,29.178,44.168,63.973,23.445,49.836,60.088,55.583,61.273,65.444
1802,208.12,20.638,54.859,45.683,32.456,83.437,58.858,47.47,38.471,82.655,86.972,62.472,109.93,0.8375,33.176,120.58,76.277,140.7,44.836,68.826,32.147,44.948,39.912,21.495,49.592,54.127,55.406,62.724,69.139
1803,220.87,39.676,60.842,58.487,45.904,100.06,70.657,58.249,40.317,103.15,79.848,74.851,106.97,3.2645,49.58,128.69,75.274,188.47,73.711,69.198,40.295,55.217,66.05,21.531,71.434,67.01,53.542,55.301,73.706
1804,244.45,26.718,63.381,46.112,35.377,111.17,88.022,59.071,38.078,90.731,86.568,63.821,101.45,2.2851,30.999,90.995,103.73,126.42,56.768,68.059,42.586,55.878,46.428,19.935,58.103,46.483,60.104,64.702,63.678
1805,209.21,29.055,66.361,62.117,22.832,133.7,97.191,62.44,26.388,101.95,82.617,74.596,89.528,1.188,33.62,78.648,98.014,105.48,53.029,80.256,43.402,60.389,44.732,21.158,46.73,35.978,56.2,68.519,56.665
1806,187.53,29.802,47.829,74.935,23.938,153.09,110.26,93.323,20.876,56.324,69.82,75.708,91.889,0.94062,25.102,65.254,70.305,52.451,59.925,62.111,37.067,62.55,50.03,17.427,39.761,27.011,51.085,42.492,61.666
1807,83.804,34.799,45.936,120.16,34.409,120.54,73.829,81.549,57.802,99.292,76.122,94.524,97.62,0.68833,86.079,126.76,68.202,160.71,73.873,64.53,26.02,37.38,101.47,26.564,79.174,96.849,69.671,75.268,51.27
1808,66.304,40.378,35.978,145.09,34.973,120.84,74.092,111.64,58.797,63.351,69.429,90.016,105.25,0.88786,74.294,89.1,97.697,157.89,64.797,65.776,28.243,46.896,135.48,29.49,93.918,133.53,86.628,90.487,58.485
1809,233.91,36.739,60.468,63.675,22.911,128.97,133.06,94.205,29.453,67.061,78.979,70.267,99.1,2.625,28.59,77.363,98.114,87.321,65.552,62.332,51.951,74.093,58.37,16.313,60.069,34.201,42.03,48.599,58.041
1901,55.917,67.75,42.556,30.751,48.754,48.616,47.161,70.201,76.434,40.561,43.416,29.346,48.478,23.026,43.334,62.409,51.827,56.437,47.486,43.755,59.539,30.882,44.588,50.249,93.998,47.386,45.224,47.542,62.061
1903,42.612,50.446,33.48,28.601,40.077,40.892,39.311,45.742,67.683,37.078,38.566,23.131,40.286,14.081,29.609,44.031,35.231,39.637,47.486,44.21,42.583,26.9,38.444,37.488,66.543,40.709,40.804,39.487,53.557
1904,45.949,55.693,32.46,29.103,43.326,45.74,40.069,54.97,67.106,35.291,32.213,27.023,40.03,20.301,30.798,35.529,34.67,39.481,34.74,39.433,56.213,31.527,51.845,56.694,49.615,37.384,36.058,45.781,60.097
1906,64.307,72.689,46.63,35.68,54.593,51.229,55.017,80.12,91.5,41.25,54.55,30.026,51.073,30.49,43.813,61.457,62.267,64.567,48.027,46.293,69.713,34.757,46.884,58.938,105.06,57.36,46,56.017,67.476
1907,45.855,65.016,32.364,32.73,44.272,50.972,40.698,45.267,65.122,43.935,35.154,28.598,42.361,25.881,36.49,39.078,49.57,36.061,38.367,51.204,56.206,38.279,62.242,56.134,48.187,59.094,39.609,45.353,71.198
1908,67.797,83.933,46.051,38.374,54.917,56.134,59.024,91.821,99.32,33.334,47.372,38.687,44.313,45.537,50.102,71.428,54.82,66.606,48.732,46.492,79.437,37.888,54.399,64.531,87.998,50.239,46.077,58.313,82.891
1909,43.314,37.757,26.346,25.706,40.84,45.576,32.697,43.093,69.92,33.141,33.429,26.032,37.443,13.067,28.413,33.706,31.973,30.729,33.226,48.203,46.64,28.724,48.992,45.752,44.423,39.775,37.833,42.449,63.284
2001,38.782,19.077,32.027,16.691,15.028,35.719,17.465,34.901,16.685,67.348,27.532,15.061,25.575,6.708,22.412,38.937,15.773,19.199,15.776,18.879,31.232,23.256,27.863,17.023,22.068,16.939,15.397,12.872,17.328
2002,36.854,16.48,19.858,18.307,17.657,26.937,19.121,27.157,19.03,25.893,32.192,14.203,37.086,6.0279,17.02,39.095,16.029,21.218,14.845,20.238,26.028,24.841,27.833,16.61,24.805,17.942,15.112,16.595,22.63
2003,29.712,21.057,26.534,18.154,11.475,25.428,15.913,41.637,16.378,58.484,29.029,10.874,26.598,4.1607,10.365,34.996,13.73,16.573,15.57,23.084,33.584,18.304,24.717,14.118,23.967,16.94,20.066,10.991,23.173
2004,48.865,26.112,19.269,16.259,26.075,35.384,20.331,28.705,25.754,22.8,34.283,15.087,32.966,4.4698,22.69,46.86,20.886,22.85,19.618,22.732,39.355,29.11,25.123,23.555,31.616,25.961,23.223,20.448,41.32
2101,26.27,21.726,27.239,9.1799,19.772,28.784,16.013,15.201,14.051,20.686,23.378,15.477,26.538,2.255,19.657,24.076,19.518,29.657,9.2276,22.348,26.98,25.132,19.818,9.868,14.251,18.553,17.288,14.806,14.265
2102,52.62,19.178,22.9,18.045,25.503,23.186,19.654,28.392,14.103,28.011,21.164,16.652,27.449,2.6805,32.389,29.967,16.06,35.084,12.577,21.246,17.496,19.8,24.347,5.9362,11.188,25.307,13.425,13.13,19.093
2103,49.554,18.025,19.207,16.835,14.439,22.063,11.34,36.397,18.951,28.775,21.581,16.085,22.706,5.9711,27.053,27.067,15.739,59.021,17.552,16.6,24.309,12.101,26.167,8.9189,18.773,31.137,22.43,15.263,17.839
2104,63.815,16.484,22.131,18.604,22.374,16.215,14.901,33.045,17.463,34.438,23.53,16.609,21.601,4.1344,28.355,29.112,17.512,49.722,11.162,19.939,18.472,19.562,27.93,5.6848,16.283,25.648,20.74,14.246,23.075
2105,36.023,20.52,21.794,22.322,17.839,20.69,22.863,23.88,13.394,26.041,18.627,20.067,24.265,2.3747,28.872,31.447,16.765,42.151,13.678,21.463,30.839,30.295,24.066,8.1843,17.92,30.665,26.14,13.765,22.347
2106,26.277,25.208,28.395,17.105,18.775,25.679,19.97,27.584,15.667,22.873,17.673,17.846,26.259,4.3719,30.839,23.604,16.141,48.482,16.499,18.483,35.547,18.916,24.437,12.48,21.697,31.422,23.476,18.342,16.562
2107,42.281,24.834,28.342,19.115,22.876,34.311,33.737,26.893,16.305,32.001,19.984,24.82,31.742,4.2847,35.606,31.402,21.677,50.88,13.654,23.398,37.787,29.972,26.817,15.535,22.152,32.002,28.732,16.762,27.054
2108,57.935,13.486,22.765,17.214,7.7199,14.083,6.6119,34.921,13.177,24.101,26.187,12.317,16.015,2.8347,20.359,30.057,18.303,65.528,23.196,13.942,12.387,10.079,22.069,4.7225,17.934,25.32,31.498,13.81,17.724
2109,93.069,14.972,32.477,11.469,10.269,15.606,27.709,40.5,25.344,48.145,34.238,17.037,28.469,2.4934,23.933,32.14,28.64,54.444,18.381,24.095,12.589,11.175,18.308,7.2922,17.602,16.439,34.614,15.875,25.471
2110,27.945,18.046,22.395,12.479,16.813,24.936,13.935,23.196,13.961,18.974,20.832,12.471,25.183,1.0708,16.996,25.124,15.818,22.902,10.199,19.007,16.948,18.597,17.67,10.258,11.119,13.874,12.027,16.911,17.233
2202,73.545,82.127,65.515,48.98,35.13,48.154,98.745,194.91,14.062,67.696,100.21,93.742,60.461,2.6379,10.159,29.904,14.159,54.22,57.194,33.969,34.462,55.746,90.655,43.094,94.262,31.506,33.09,58.813,37.099
2203,66.722,78.803,75.94,44.759,28.602,63.912,77.972,187.77,10.415,87.065,67.284,104.54,67.761,0.80495,7.1605,32.185,15.598,32.812,60.176,38.218,19.128,51.371,57.409,18.546,35.117,15.141,25.629,28.558,32.702
2205,48.845,100.61,80.815,88.316,61.545,36.811,72.34,70.179,44.084,87.65,99.424,61.003,117.44,1.7583,21.012,28.074,18.022,71.602,54.929,35.997,127.19,96.983,63.867,45.31,66.094,25.506,33.761,40.121,50.143
2206,34.385,57.539,66.53,72.145,50.176,16.142,41.441,16.795,43.775,73.37,47.463,57.03,47.536,2.9597,15.888,16.205,6.7501,51.583,74.268,45.773,166.92,109.92,47.237,47.105,17.638,37.75,28.756,37.066,31.94
2207,68.061,99.065,91.698,75.017,50.317,53.277,74.704,151.26,25.943,80.175,120.65,85.69,80.943,4.5315,7.82,24.962,16.929,65.135,53.033,35.37,120.25,68.167,91.772,59.5,84.711,34.692,42.426,44.142,46.458
2208,94.007,65.484,43.046,44.882,29.126,44.187,92.156,220.68,38.104,52.792,66.459,67.426,46.738,5.64,6.1137,35.696,30.973,61.641,39.835,27.846,34.843,27.489,73.08,34.283,79.901,38.873,54.195,52.854,50.839
2209,63.892,79.976,63.464,48.569,27.472,75.048,95.076,248.4,18.181,86.204,64.297,105.8,64.258,1.9421,5.7538,40.195,16.705,40.769,67.026,42.973,31.734,39.983,68.224,20.902,45.274,20.358,27.297,39.195,53.332
2301,48.534,45.79,37.754,37.165,32.908,49.2,47.59,50.404,71.643,38.391,48.261,47.399,34.203,14.204,34.862,71.879,42.595,52.124,42.99,38.365,58.445,28.843,32.088,36.21,82.039,38.63,53.545,31.418,39.043
2302,33.875,52.081,30.901,24.15,25.768,42.12,36.243,53.5,54.442,56.287,47.441,40.591,33.522,31.582,23.679,44.056,45.249,52.567,36.675,36.842,61.786,30.926,28.676,35.426,67.572,28.432,43.601,31.995,29.841
2303,40.099,31.915,37.273,24.653,26.396,56.707,28.268,35.397,45.386,45.193,41.492,30.594,26.531,4.08,31.249,44.632,34.298,27.509,39.372,24.445,55.386,34.81,24.798,23.815,53.607,39.844,37.013,19.385,38.515
2304,52.081,68.72,37.134,42.35,33.047,60.309,52.983,61.821,88.686,64.56,55.827,51.667,45.958,31.008,30.933,79.129,51.952,74,63.411,53.598,60.272,31.4,42.642,43.15,104.93,47.135,56.261,42.096,47.302
2305,55.47,59.242,39.012,38.772,33.311,50.761,46.992,56.997,88.54,46.239,46.853,41.853,40.061,13.187,36.964,73.126,38.634,62.146,59.393,45.228,46.237,34.316,41.047,37.039,88.248,43.273,47.276,34.8,50.304
2306,50.865,30.166,26.956,19.81,33.321,52.523,23.425,32.912,32.719,31.93,38.168,20.611,22.276,3.3765,26.881,49.499,25.108,24.401,28.148,23.365,50.641,34.977,22.748,22.444,44.893,39.002,28.058,14.863,41.63
2308,51.94,61.743,33.383,36.792,33.083,41.813,38.219,57.105,86.429,35.281,48.573,37.981,39.879,13.002,31.423,64.258,38.302,68.906,51.009,36.202,34.813,28.82,39.228,33.009,78.597,40.515,43.854,38.208,45.064
2309,48.634,45.159,40.285,29.637,31.341,46.955,39.559,46.621,69.123,42.049,40.697,36.762,31.032,6.29,34.453,58.127,32.755,43.428,48.746,31.845,45.733,36.273,31.009,30.225,67.641,37.675,40.655,28.329,39.836
2310,49.915,44.05,40.68,35.415,31.49,50.58,39.535,48.195,62.39,37.175,47.495,42.235,31.725,5.39,35.625,66.675,38.715,41.64,38.505,33.01,56.345,30.955,28.98,30.225,71.5,35.945,50.105,27.68,40.105
2311,37.546,66.825,41.752,26.028,24.195,43.874,39.245,58.368,48.075,61.733,46.079,45.456,43.464,34.675,34.206,51.161,54.172,58.573,29.793,42.861,57.317,33.453,31.378,39.76,70.093,29.821,42.56,30.685,36.521
2312,38.02,35.626,30.954,23.618,28.836,50.582,29.294,43.602,45.634,27.452,42.51,32.398,25.454,5.132,29.82,46.692,38.412,30.808,28.95,28.444,64.222,30.618,20.02,24.824,51.666,28.258,38.976,22.358,37.334
2313,50.064,39.729,42.952,27.789,29.397,59.799,33.502,41.151,55.294,50.193,43.857,35.626,29,4.372,33.442,51.462,39.317,33.676,45.981,26.8,59.282,35.329,29.06,27.408,59.698,41.666,41.393,23.659,41.187
2315,58.263,55.082,39.16,31.842,32.077,45.877,44.033,56.561,91.772,32.792,48.817,36.542,34.973,6.8999,37.097,61.781,36.605,51.187,45.055,37.568,47.897,28.715,38.488,38.846,71.543,43.841,34.108,30.523,44.186
2401,44.027,37.571,37.932,54.729,38.198,37.452,45.431,39.586,44.044,68.783,76.49,43.21,36.726,84.731,38.381,57.844,65.838,49.158,71.464,42.751,40.259,61.603,51.364,43.009,81.64,56.294,49.389,51.701,73.463
2402,49.302,70.246,55.661,46.176,51.354,82.789,56.511,64.843,44.667,105.06,55.917,50.248,66.792,52.855,50.006,55.783,53.194,50.648,57.555,42.374,60.824,68.042,69.861,52.367,59.447,50.315,71.408,55.157,59.824
2403,45.444,56.26,43.459,51.308,42.348,68.795,62.029,47.998,57.413,97.093,71.521,54.605,48.858,56.083,50.438,68.162,68.151,56.183,96.794,43.541,62.611,69.629,68.68,70.784,78.689,66.114,66.393,56.069,98.852
2404,48.879,65.67,51.907,43.097,53.203,77.915,53.427,60.584,53.222,104.84,68.642,49.268,68.577,49.573,43.691,57.944,56.415,54.042,63.43,42.513,61.535,71.828,79.928,68.832,65.706,51.898,76.255,57.015,75.124
2405,33.224,37.721,33.878,32.693,22.51,41.613,41.707,52.372,31.802,52.915,47.816,31.146,54.629,61.184,78.434,34.414,40.76,50.202,59.289,33.467,35.995,23.34,35.536,36.675,39.367,30.477,44.421,39.593,41.841
2406,42.699,60.162,55.25,47.341,32.165,62.913,58.625,64.805,50.424,69.124,61.185,41.813,40.292,53.892,39.588,54.777,55.686,47.345,62.429,32.104,56.798,41.657,47.59,53.232,56.339,54.931,52.396,42.58,56.446
2407,49.04,62.67,51.37,52.75,47.18,72.82,69.18,51.37,62.6,96.37,75.41,62.52,51.05,58.11,61.3,75.12,70.99,58.06,103.27,47.7,66.54,76.67,66.94,60.61,85.28,74.91,67.8,55.11,112.77
2408,44.9,36.507,34.039,40.202,28.426,37.244,39.098,44.337,44.095,61.542,61.129,38.652,33.442,66.436,67.945,50.088,48.231,40.697,57.099,36.081,36.7,40.08,43.616,34.686,61.188,57.304,39.933,40.674,53.211
2409,29.873,45.179,49.353,34.01,23.887,58.157,58.919,52.73,36.04,43.385,54.407,33.19,54.868,49.907,47.666,41.539,62.964,44.864,44.078,24.71,44.323,26.343,39.381,44.082,36.913,38.547,46.965,34.166,48.896
2410,54.215,58.136,49.801,47.62,40.644,73.319,60.504,52.471,57.464,92.848,62.671,47.573,46.841,54.726,44.396,56.769,55.215,47.172,71.604,38.341,63.276,46.824,53.682,55.903,56.802,56.677,62.328,48.2,50.933
2411,42.345,53.06,43.203,37.162,30.442,62.329,47.71,52.303,37.993,85.368,55.647,40.438,38.17,39.459,35.063,54.253,46.975,41.343,53.573,33.934,56.444,40.351,45.776,46.306,50.458,51.303,47.048,40.274,47.222
2501,47.841,66.331,38.021,28.35,38.019,36.855,37,46.155,66.541,32.727,40.177,31.128,38.72,14.064,33.592,50.011,42.077,46.535,46.566,39.27,52.47,29.181,37.861,39.587,84.81,42.207,34.55,38.996,45.481
2502,72.465,75.531,44.052,39.182,54.853,54.693,55.977,79.994,108.14,31.94,50.502,30.505,45.178,22.128,47.161,68.112,57.863,74.595,46.889,44.194,71.947,29.067,51.485,46.618,99.368,62.238,42.285,49.777,63.659
2503,43.483,60.229,37.611,30.987,33.24,40.983,42.867,46.295,64.644,42.018,44.254,30.87,36.511,15.282,36.894,52.205,37.99,45.906,51.17,34.77,46.487,30.704,39.173,39.993,81.442,37.331,39.931,34.678,42.98
2504,58.429,60.814,33.708,28.626,33.429,42.015,44.496,48.476,85.705,26.246,45.33,33.166,37.245,6.3731,35.505,52.42,37.705,49.769,41.012,31.767,48.852,21.903,33.108,35.218,72.695,47.121,28.688,30.28,42.8
2601,83.766,61.538,54.831,45.963,27.05,84.811,78.548,229.12,34.394,37.202,80.11,53.982,59.204,16.374,11.544,31.47,25.93,81.754,37.234,32.801,28.719,44.343,68.317,52.95,69.949,47.371,76.468,74.315,51.295
2602,51.009,63.766,49.791,60.328,40.124,33.664,39.963,70.118,37.46,55.259,74.316,50.07,74.765,3.9351,8.4563,18.159,9.1515,56.03,46.854,39.124,38.524,89.937,64.049,40.73,50.099,23.128,34.283,37.214,39.633
2603,61.346,51.904,67.653,55.853,31.674,59.471,70.458,128.53,22.513,41.039,84.176,48.946,74.8,18.445,9.6137,18.586,11.426,66.104,34.66,32.451,35.249,54.131,67.703,44.848,74.01,36.553,49.007,57.541,45.21
2604,52.45,92.965,70.733,72.885,52.569,39.849,65.408,73.54,39.489,83.023,90.202,57.174,93.256,6.4065,14.231,27.805,12.581,59.813,53.073,44.848,93.639,104.7,58.562,49.658,68.619,24.251,38.934,38.239,46.914
2701,48.735,73.297,58.181,40.767,45.453,46.316,55.465,79.178,99.717,47.606,37.061,51.598,42.866,31.563,42.782,50.285,51.531,57.848,42.574,42.433,49.643,36.286,52.661,54.721,68.023,53.139,45.143,58.275,59.178
2702,34.219,62.977,36.464,40.165,37.331,56.709,45.61,65.893,70.817,64.766,28.257,31.439,36.3,34.174,39.178,29.833,59.785,39.717,51.719,59.764,39.969,32.563,49.759,40.343,73.159,32.739,39.958,42.411,54.641
2703,61.719,87.789,47.844,43.287,47.9,51.634,50.001,87.249,98.137,34.657,41.615,38.959,36.946,36.629,45.191,59.01,45.236,56.979,46.629,43.394,65.258,36.252,57.241,58.622,74.346,48.823,42.755,58.495,77.347
2704,43.343,64.654,45.769,30.005,42.681,42.571,44.269,59.036,79.482,46.007,31.996,43.615,32.024,28.17,37.312,43.163,46.52,47.598,36.053,36.426,37.738,32.183,45.98,48.916,50.985,48.573,39.465,55.555,45.795
2706,35.118,47.042,34.196,39.433,32.106,51.57,41.654,51.225,56.236,60.308,27.106,30.501,25.484,28.211,32.318,24.602,59.63,31.005,51.026,52.362,37.405,32.894,48.687,45.519,62.503,26.529,38.526,36.462,49.191
2707,209.03,67.508,89.634,43.77,112.75,110.33,110.37,107.72,90.148,147.33,104.38,65.24,106.61,10.074,52.102,124.45,103.54,175.45,94.358,80.028,63.022,60.142,59.414,33.406,97.904,63.604,77.738,55.742,81.52
2708,56.581,97.807,65.69,50.254,59.759,54.094,55.68,98.225,118.27,58.781,42.963,86.921,71.495,36.185,49.871,51.001,52.673,63.075,61.69,54.634,46.981,42.437,62.065,48.814,89.795,51.437,54.286,64.728,71.832
2709,49.006,61.134,59.958,41.29,48.342,50.702,52.124,75.51,95.286,36.108,38.954,51.362,30.602,33.714,39.642,48.77,57.82,51.926,38.942,39.128,62.018,31.982,55.682,63.346,62.284,46.772,49.274,53.324,61.458
2710,36.966,64.175,45.033,36.63,36.656,50.578,37.593,73.129,77.228,68.867,25.501,36.093,39.731,34.453,33.08,30.892,50.236,44.436,39.997,47.753,36.446,35.551,50.764,41.562,67.841,44.381,38.92,48.118,52.439
2801,48.301,23.318,22.078,18.216,21.23,36.733,27.619,28.515,24.735,27.907,31.983,19.242,20.62,7.1731,30.987,52.611,26.213,22.528,27.648,22.655,44.459,28.474,44.901,19.939,34.71,31.706,35.838,24.175,38.417
2903,47.582,27.153,31.238,32.234,28.621,33.088,28.274,59.468,17.13,41.374,40.388,27.608,35.785,6.1833,16.576,27.631,25.554,30.236,29.634,21.928,22.831,29.274,41.162,14.265,19.661,27.317,17.941,36.974,21.89
2911,36.504,26.484,28.419,20.532,17.956,33.571,20.009,27.422,23.828,30.161,23.821,18.762,35.696,2.5238,17.854,35.299,25.334,29.112,13.875,22.325,26.376,25.02,17.017,18.668,14.824,15.287,14.191,22.492,16
2912,49.25,33.836,29.837,35.99,25.506,37.671,42.068,45.602,20.988,42.612,33.954,28.439,49.119,8.3428,13.427,47.939,26.685,33.466,32.414,29.215,35.977,28.03,41.959,17.783,18.722,24.929,23.919,29.521,34.488
2921,37.916,34.34,28.096,23.563,19.668,54.905,46.05,51.308,22.516,28.025,69.809,18.905,29.301,2.7562,17.687,15.454,15.37,35.287,41.753,16.188,16.715,27.58,27.096,10.755,29.911,23.697,16.067,45.026,27.892
2926,47.664,28.454,26.238,29.283,29.092,46.866,46.839,57.622,26.765,36.031,58.714,24.389,36.968,3.859,13.899,22.589,19.712,28.333,43.941,20.905,26.154,38.606,35.225,18.284,20.995,29.891,19.053,35.948,26.822
2930,58.578,34.257,31.885,36.756,19.071,30.77,24.972,62.746,18.419,38.3,35.617,19.745,38.261,3.5141,14.144,46.403,31.466,33.013,17.425,20.738,20.1,26.886,33.447,18.309,19.762,20.888,12.643,39.261,25.406
3004,43.325,54.747,47.729,24.485,45.771,36.317,37.413,64.187,39.749,46.091,39.827,41.221,77.747,7.9154,36.809,50.073,34.008,39.399,42.975,38.021,35.734,20.763,54.495,24.44,26.932,27.988,23.742,37.073,51.753
3005,40.223,46.407,40.226,26.184,21.947,36.14,39.744,60.274,39.092,48.684,44.034,27.66,66.308,7.7348,20.456,34.944,48.486,43.567,34.542,36.872,42.163,16.42,39.687,29.97,34.96,25.462,26.065,37.947,25.43
3006,39.549,54.282,45.749,30.057,33.418,29.105,41.943,47.069,32.687,42.076,28.597,37.417,61.719,8.5597,35.728,35.647,36.457,34.51,32.503,23.349,34.346,21.062,43.317,28.661,20.186,27.343,24.792,24.926,50.866
3007,38.549,56.052,36.438,26.138,33.937,40.722,50.608,59.55,32.064,29.891,46.461,53.025,53.717,20.301,27.573,52.614,55.516,48.019,52.114,29.136,72.498,18.298,56.531,34.219,64.222,27.898,59.912,41.887,57.302
3008,51.874,38.549,34.545,25.33,24.116,37.926,28.667,53.569,30.012,53.914,33.824,17.644,45.199,7.3605,15.744,27.506,44.162,36.752,32.399,23.139,47.845,17.018,35.796,27.218,36.365,29.822,40.181,23.996,44.521
3013,47.467,48.711,45.867,25.318,28.516,36.577,40.718,80.817,38.695,31.648,37.781,32.725,55.884,16.696,24.328,40.704,48.84,51.241,54.693,30.678,71.474,17.494,52.194,43.835,53.279,30.163,57.245,45.231,58.299
3014,43.344,43.683,36.065,26.758,25.976,35.435,30.015,62.956,37.728,45.006,40.788,20.889,58.505,8.2149,21.365,28.039,44.021,47.471,32.365,30.417,49.629,19.945,29.65,26.372,40.722,24.886,28.014,34.471,24.263
3015,40.944,32.189,35.318,30.976,21.148,48.382,30.803,38.656,30.23,35.188,36.586,21.565,50.044,3.4053,22.185,38.3,31.827,35.374,28.817,30.846,36.081,18.931,31.635,19.98,21.463,18.694,24.92,25.317,18.539
3016,37.383,52.094,40.666,29.041,29.099,36.277,40.122,38.181,30.416,32.154,35.839,51.451,57.495,19.428,21.127,32.747,53.059,37.648,38.057,25.677,50.199,19.842,35.314,35.461,37.41,35.339,32.479,37.826,35.846
3017,41.243,45.898,38.622,24.989,21.66,26.716,34.897,56,37.503,38.1,43.591,30.999,62.965,9.4707,18.823,27.68,52.111,40.337,38.703,27.201,48.829,14.856,36.886,33.252,39.936,26.582,40.086,36.182,34.92
3018,47.208,50.237,52.252,32.906,36.028,34.874,45.872,67.917,36.616,39.854,49.756,44.734,68.985,18.566,37.2,36.697,53.228,54.295,43.313,27.887,69.972,20.873,47.889,35.712,58.565,33.495,55.616,41.48,52.946
3019,45.686,33.08,35.252,22.073,36.083,34.636,32.59,44.236,32.737,36.42,34.196,32.226,52.582,4.2965,23.82,50.069,25.163,30.342,31.865,30.316,22.549,16.111,44.9,22.264,21.262,21.279,21.287,29.023,32.777
3020,44.742,51.129,42.191,38.205,25.316,29.821,44.133,33.725,25.101,25.508,26.897,38.109,59.434,12.915,26.731,30.475,49.075,40.374,27.821,25.571,43.595,25.488,34.745,29.416,25.592,41.102,29.502,24.752,44.079
3022,36.729,51.451,41.218,31.95,27.325,35.707,40.94,47.194,31.248,55.482,37.44,38.001,75.321,14.49,21.549,33.379,57.533,41.723,37.015,33.362,48.791,20.133,41.939,31.699,33.936,35.567,24.857,35.698,34.449
3023,38.981,26.41,22.871,25.811,14.65,45.025,15.169,49.825,19.141,41.984,35.382,14.961,34.703,1.9181,15.607,24.405,28.331,29.035,23.633,22.757,39.979,17.611,23.625,14.47,30.204,19.015,31.544,23.073,30.592
3027,46.116,36.567,39.617,22.633,26.793,33.884,37.602,48.579,35.712,43.693,38.786,28.296,62.663,4.0205,19.17,45.395,32.673,33.006,29.206,32.08,31.89,14.002,39.984,27.203,23.716,20.2,29.291,33.848,25.335
3028,40.464,54.333,41.9,28.679,46.774,49.31,45.488,48.503,35.58,26.75,40.176,54.53,57.918,26.091,28.68,43.211,54.612,41.259,40.405,28.749,63.412,21.133,39.264,33.541,54.238,48.296,47.577,37.408,41.409
3031,43.058,33.248,28.987,24.677,17.452,40.101,22.177,51.005,24.752,33.459,39.308,20.616,43.018,3.7924,20.858,25.842,34.452,30.542,24.331,28.56,46.876,13.992,27.255,15.534,35.79,20.057,23.826,27.668,17.968
3101,52.482,38.413,37.386,28.95,25.601,31.477,35.4,69.944,31.442,32.001,40.285,19.61,43.035,11.358,22.158,37.387,36.978,30.842,44.526,24.023,58.261,12.04,40.332,27.78,47.312,28.226,33.705,26.694,57.934
3102,41.297,33.119,43.762,31.777,21.343,42.813,47.005,54.725,34.406,31.695,40.553,25.9,42.879,26.645,25.508,42.789,47.238,36.263,47.04,22.421,55.091,18.001,41.133,39.597,46.462,33.171,38.278,24.076,48.746
3109,33.921,39.167,42.997,27.315,21.56,30.664,46.304,64.499,35.223,28.2,38.468,28.765,43.174,18.436,27.266,43.324,42.972,31.823,49.142,28.423,58.355,19.445,44.812,36.257,51.193,31.693,36.753,34.133,57.114
3124,46.849,28.098,33.491,26.76,15.187,35.449,30.235,55.822,33.737,41.086,36.824,23.074,29.429,12.902,17.575,46.449,31.677,36.416,35.928,16.983,49.136,12.69,32.052,28.981,43.343,26.846,22.985,22.806,35.073
3125,33.191,35.802,33.126,30.444,20.321,47.893,38.498,50.686,35.187,42.709,46.511,27.014,29.035,33.897,24.463,46.164,39.791,41.903,42.99,21.935,53.224,20.001,39.665,41.712,47.748,32.461,33.082,19.811,41.468
3129,41.296,49.139,53.092,28.207,28.059,32.655,46.535,76.88,37.622,30.626,40.069,30.7,49.475,17.017,25.714,40.071,46.069,42.553,48.496,30.428,65.657,19.627,49.375,49.734,48.932,30.874,48.309,38.946,64.707
