1,4.352,3.4673,3.6366,4.1683,4.2018,4.6265,4.3618,4.5026,4.7252,3.7219,4.2178,3.6271,4.3497,2.056,4.148,4.9383,3.9421,4.8654,4.2966,4.3979,3.995,3.8001,4.0306,3.493,4.0435,4.0837,4.2264,4.3546,4.1293
2,4.2147,3.1265,3.2797,3.6555,3.6693,4.0742,4.0766,4.1554,4.5156,3.4861,4.3237,3.2648,3.9897,2.2256,4.1171,4.3315,3.7385,4.0129,4.1317,3.9907,3.7541,3.6527,3.7336,3.1532,3.9595,3.7142,3.7043,3.9225,3.9687
3,4.4876,3.6492,3.7569,4.1563,4.5504,5.0245,4.6375,4.4622,4.6508,3.5481,4.4313,3.6933,4.5448,2.317,4.1616,4.431,4.4877,4.558,5.0258,4.1986,4.2957,3.9342,3.816,3.8902,4.6005,4.1379,4.3189,3.762,4.2548
4,5.2159,4.2419,4.5973,4.9399,5.1996,4.3689,4.5638,6.3832,5.8558,3.6934,4.2943,4.0799,5.4534,1.686,4.4621,5.858,4.8459,5.5453,4.8368,5.5749,4.2784,4.27,4.3748,4.3708,4.1873,4.8266,4.5236,4.795,4.7843
5,4.5759,3.0228,2.9883,3.9258,3.577,3.6266,3.6635,4.3466,3.6557,3.4097,3.7381,3.1588,3.5913,1.9586,3.4956,4.0083,3.9978,3.9756,3.4454,3.5357,3.6706,3.9574,3.8059,3.2918,3.1268,3.7241,3.6309,3.9051,3.4121
6,4.3737,3.5156,3.6101,3.7819,4.4056,4.5147,4.1137,4.4004,4.3971,3.7735,4.6319,3.1031,4.555,2.0424,3.9099,4.529,4.5497,4.6879,4.566,4.0658,4.0106,3.7454,3.9028,3.964,4.6744,3.7773,4.153,3.4528,4.3402
7,4.7535,4.9623,4.5279,5.2837,5.2582,4.9437,5.2331,6.1002,5.6734,3.8073,5.3262,4.2908,6.0089,2.1683,4.4851,6.2534,5.1965,6.2871,6.0193,5.6834,4.885,5.075,4.7172,4.3914,4.6697,4.4077,5.2978,4.8228,5.3359
8,4.4411,2.6684,2.9617,3.7598,3.7869,3.6717,3.3739,4.2673,3.6529,3.4485,3.4,3.5145,4.0532,1.8173,3.4792,3.9561,3.5717,4.1068,3.2107,3.8542,3.3607,3.4275,3.5216,3.0713,3.0533,4.082,3.4464,3.8613,3.3168
9,4.543,3.5679,3.6479,3.6431,3.7827,3.9606,4.0062,4.2668,4.2771,3.9393,4.6539,2.8761,4.0323,2.1082,4.2073,4.801,4.025,4.3891,4.5329,4.0014,3.7125,3.5002,3.7595,4.4236,4.2025,3.7056,3.825,2.9869,4.2228
10,4.2291,3.1059,3.6278,3.8789,4.0788,4.8436,4.5542,3.981,4.7589,3.5044,3.9175,3.6266,4.4215,2.4385,3.9071,4.3874,3.8353,4.2474,4.6251,4.1226,4.002,3.6719,3.2733,3.8501,4.0364,3.9639,3.9986,3.6155,4.3169
101,8.1467,6.5044,6.5992,7.1304,8.1054,6.921,7.787,8.3601,7.1629,6.9013,6.3984,8.2853,7.4273,7.2032,7.6222,6.8437,7.5623,8.2197,6.7195,7.4187,6.588,7.1894,7.0002,7.1525,7.6875,6.9785,8.1555,6.939,8.2554
102,8.9474,7.8568,6.8024,8.8533,8.0387,6.54,8.7875,8.1561,8.461,7.7953,7.4667,8.4608,8.0172,6.5943,7.9807,8.4758,8.0997,9.2555,7.5531,8.1606,8.0767,7.4019,7.8165,7.0775,9.227,7.8607,7.7924,7.9189,8.5527
103,10.227,7.9153,7.9178,9.3279,9.1603,7.5584,9.7375,9.2608,9.0158,8.6141,7.6809,9.3708,9.0579,7.4629,9.14,8.7513,9.4568,10.473,8.2224,9.5706,8.6054,8.7152,8.7063,7.9141,10.963,9.0094,9.1494,8.8194,9.9834
104,8.2753,6.8011,6.6621,6.9977,7.5925,6.9586,7.9496,7.7777,6.851,6.9622,6.6308,8.0356,7.2646,6.4302,7.9109,6.9522,7.6324,8.359,6.8516,7.9963,6.9893,7.229,6.9397,7.1156,7.7605,6.8214,7.9089,7.4539,8.0423
105,9.2967,7.8362,7.7597,8.9838,8.6002,6.9377,9.1664,8.7244,8.6978,7.9673,7.8012,9.1155,8.7692,7.4299,8.4077,8.6308,8.5219,9.7312,7.9278,8.6079,8.083,8.0457,8.2239,7.8425,9.9927,8.3077,8.4362,8.3624,9.3404
106,5.1925,5.4437,4.9229,5.3205,5.6934,4.3823,5.641,5.5689,5.5671,4.492,5.4857,4.5671,5.126,4.0655,5.1178,5.5818,5.4743,5.8576,5.0676,5.2341,5.628,4.2127,5.0999,4.8405,6.3034,4.7647,5.2354,5.2376,6.6126
107,6.4237,6.8274,5.5389,6.1297,6.4866,4.9286,6.4497,6.4987,6.404,5.8514,6.1075,6.1268,6.5981,4.6479,6.1866,6.3663,6.3698,7.0337,5.81,6.5078,6.113,4.9119,5.9222,5.4284,7.605,5.6961,6.2797,5.9106,6.7391
108,10.68,7.9811,8.275,9.7641,9.5505,7.9629,10.16,9.4199,9.101,8.7829,8.1799,10.041,9.5548,7.8041,9.863,9.0592,9.5108,10.786,8.5892,9.8684,8.9144,8.551,8.8197,8.4098,10.741,9.5072,9.7935,9.4548,10.234
109,7.5443,6.971,6.5819,6.9748,7.3927,5.6966,7.314,7.4596,6.6625,6.0474,6.7343,6.969,6.9641,5.8901,7.4175,7.0316,7.103,8.4102,6.7684,7.3418,7.1508,6.5162,6.8875,6.6009,8.2492,6.8579,7.1949,7.026,8.2722
110,8.285,8.2195,6.7767,8.3151,8.2447,6.452,8.3601,7.7573,8.1953,8.1199,7.8096,8.4244,8.3079,6.686,8.0247,8.1389,8.1045,9.1281,7.3571,7.9135,7.8589,7.0465,7.755,7.3969,9.3738,7.4482,7.9635,7.6826,8.2691
111,8.1809,7.9784,6.6322,8.1862,8.0491,6.3943,8.3839,7.6387,8.2295,7.7597,7.6865,8.1053,7.9257,6.3913,7.7554,8.1806,7.9401,8.9888,7.1913,7.9251,7.6499,6.9386,7.6412,7.1869,9.2413,7.5566,7.7231,7.5267,7.9868
112,8.8547,7.5993,7.37,8.9019,8.8133,6.7825,9.0019,8.6571,8.1865,7.8216,8.1123,8.9349,8.6428,7.5061,8.5921,8.5537,8.4526,9.5865,8.0433,8.4607,8.233,7.8005,8.4514,7.6923,9.998,8.2926,8.671,8.4934,9.9396
113,9.9821,8.0558,8.2257,9.1975,9.0794,7.9051,9.6447,9.1866,8.5191,8.4922,8.0001,9.941,9.4144,7.8287,9.491,8.9155,9.1841,10.301,8.0653,9.6778,8.6911,8.6965,8.4507,8.5533,10.122,9.0156,9.6453,9.1784,9.8386
114,9.0265,7.7451,7.6699,8.632,8.4858,7.6113,8.8851,8.778,7.8586,7.8785,7.5563,9.0233,8.4967,7.3328,8.8726,8.392,8.5211,9.542,7.4414,9.0356,7.7847,8.0656,7.7871,7.8808,9.5992,8.2303,8.9132,8.4222,9.2074
115,6.9242,6.9702,6.1084,6.9208,7.1198,5.2575,7.2022,6.8188,7.2302,6.0022,6.9768,6.6919,7.077,5.8224,6.7642,6.7304,6.8903,7.5813,6.3286,6.4419,6.7183,6.0983,6.4717,6.3185,8.0758,6.1702,6.6347,6.443,7.6934
116,7.1561,7.0441,6.0167,6.8353,7.026,5.4177,7.1656,6.5545,6.9224,6.9057,6.947,6.8318,7.1291,5.6095,7.0888,7.0583,7.0034,8.0514,6.4927,7.1442,6.971,5.716,6.5887,6.1616,8.3406,6.2653,7.0427,6.6458,7.539
201,4.6952,5.0782,4.5406,5.0146,4.0398,4.5129,5.1353,4.3234,4.9978,5.1071,5.2197,4.6335,5.1645,4.8199,5.1577,4.9892,4.5794,5.7432,5.0972,4.7383,5.4832,4.2081,4.7642,4.7465,5.2868,5.3041,4.8024,4.594,5.2093
202,5.5949,6.73,5.5755,5.6842,5.1469,5.0832,6.3665,4.7785,5.6635,6.1843,5.988,6.1019,5.6232,5.9299,5.7812,6.0011,5.6867,6.4586,6.0021,5.4899,5.9017,5.1088,5.7959,5.9106,5.8024,6.4006,5.7376,5.6314,6.4842
203,5.9886,6.5358,6.6713,5.9059,5.6964,5.5386,6.8765,5.855,5.8547,6.893,6.6874,7.1102,6.3773,5.9166,6.0635,6.4084,6.1078,7.1687,6.9516,4.637,5.912,5.8136,6.4375,5.3577,6.2762,7.3686,6.2169,5.2599,6.545
204,6.0769,6.4633,5.6551,6.2608,5.6254,5.4077,6.2541,5.9223,6.0886,6.4599,6.3057,6.3043,6.4055,5.3908,6.1231,5.9074,5.9544,7.1863,6.2167,5.9986,6.5534,5.7087,5.9506,5.5317,7.2058,6.6337,6.7116,6.1292,6.6796
205,5.9906,6.6912,5.4719,6.2096,6.2456,5.1519,6.7291,6.3368,6.1839,6.1246,6.3199,6.5115,6.8709,4.8755,6.2088,6.0229,6.3972,6.8874,5.8046,6.2355,6.3638,5.3094,5.888,5.6663,7.2317,6.1011,6.2635,6.1925,6.3867
206,5.3029,6.2247,5.5313,5.0704,4.7974,4.7129,6.1116,4.9762,5.2181,5.6744,5.759,5.9195,5.3828,5.667,5.8329,5.7501,5.4301,6.5671,5.7786,4.3862,5.3224,5.1339,5.7077,5.1473,5.5995,6.1513,5.5099,4.8525,5.7866
207,5.1858,6.5923,5.4913,5.1478,4.5646,4.911,6.1045,4.8916,5.5873,6.1759,5.9476,5.7283,5.3233,5.8456,5.8327,5.3222,5.6912,6.3058,5.9138,5.2549,5.6975,4.676,5.8248,5.6374,5.6702,5.6534,5.7215,5.2478,5.9545
208,6.2737,7.5776,6.2912,6.1807,5.7461,5.5955,7.2567,5.3,6.3879,6.9079,6.7437,7.1567,6.4421,7.1133,6.525,6.8706,6.5114,7.4271,6.8838,5.7267,6.6422,5.8884,6.7312,6.4553,6.5919,7.1098,6.6353,6.0435,7.4066
209,5.4728,5.8089,5.6363,5.5959,4.2566,4.7472,5.7425,5.0541,5.5998,5.9184,5.9014,5.436,5.7074,5.6069,5.5897,5.3031,5.0854,6.6328,5.9083,5.3631,5.8637,4.9545,5.7875,5.4807,6.1674,5.8189,5.995,5.287,5.7308
210,5.8202,6.0354,5.8283,6.0069,4.896,4.8912,6.1784,5.4281,5.8856,6.5516,6.1545,5.957,6.0295,5.8465,5.9234,5.6938,5.4201,7.2078,6.0304,6.1192,6.4679,4.9994,6.3802,5.2835,6.5696,6.3784,6.4637,5.6799,6.1551
211,6.6224,5.9078,5.2855,5.8503,5.4307,5.0971,6.6656,4.227,5.6837,5.7582,5.9955,6.5888,5.9836,5.4974,5.4231,6.7108,6.0962,7.1227,6.3576,5.3981,5.5551,5.539,6.4709,5.728,6.0384,7.4357,5.9373,5.1279,6.7886
212,7.1571,6.9753,5.6531,6.8046,6.1911,6.3462,8.1197,5.3763,6.9337,7.2255,6.8042,7.4097,7.4088,5.9219,6.7043,7.9065,6.7039,7.7422,6.8389,6.9415,6.1206,6.458,7.2428,6.6255,6.9637,8.3925,6.7163,6.4344,7.6551
213,7.0271,6.5342,5.827,5.6744,5.5176,5.1111,6.9281,4.8522,5.768,6.3471,6.1432,6.7689,5.9525,5.9972,6.0345,6.431,6.5423,7.2444,6.6081,5.0413,5.572,6.0648,6.7076,5.8304,6.7119,7.251,6.342,5.5189,6.8614
214,5.4113,6.2569,6.0578,5.5848,5.1285,5.0637,6.3082,5.5526,5.4375,6.5353,5.9438,6.5491,5.5706,5.4832,5.9305,5.9317,5.4008,6.8553,6.121,4.2976,5.2742,5.2072,5.8786,4.9713,5.7213,6.5368,5.6981,5.0545,5.8113
215,5.7245,6.1895,5.5302,5.4122,5.3465,5.1986,5.7874,5.2615,6.0309,6.0352,6.1303,5.7669,5.7227,5.0414,5.8446,5.7689,5.4339,6.7304,5.8274,5.8037,6.3546,4.8662,5.8717,4.9824,6.4365,6.0811,5.8479,5.4385,6.1985
302,4.218,4.5242,4.2463,4.216,5.0299,4.4742,4.7979,4.8886,4.4584,4.0193,3.7859,4.7138,3.9117,3.6971,4.1266,4.344,4.8477,5.0728,4.1407,4.096,4.3245,3.9559,4.1499,4.6613,4.3215,4.0485,4.3173,4.5883,5.0331
303,4.7654,4.8431,4.0898,4.0021,5.1951,4.8296,4.8651,5.057,4.7087,4.7202,4.2543,4.339,3.9403,3.3014,4.358,4.4853,4.6287,4.8863,4.2926,5.132,4.82,3.4971,4.1319,5.1392,3.9471,3.6985,4.6909,4.2161,4.485
305,4.3807,5.1509,4.2129,3.8451,5.5421,4.7622,4.5825,5.0484,4.7879,4.3903,4.0826,4.2409,4.0637,3.6517,4.1779,4.6466,4.9356,4.9316,4.8324,4.7112,4.5679,3.6767,3.972,5.1629,4.1144,4.1184,4.6932,4.6289,4.6746
306,4.1539,4.9784,4.4697,3.9229,5.055,5.117,4.9912,5.1287,4.8409,4.6373,4.4571,4.0268,4.297,3.263,4.2859,4.5965,4.768,5.0885,4.6306,5.2099,4.0979,3.8127,4.359,4.8576,4.4176,3.9561,4.4118,4.4977,4.7384
307,4.2569,3.7941,3.8752,3.7723,4.2378,5.1008,4.2146,5.1926,5.2267,3.9322,4.0515,4.2145,3.7902,3.4946,4.3247,4.6094,4.5636,5.1104,4.1426,4.3639,4.2277,3.7721,4.0342,5.1693,4.0486,3.9561,4.9066,4.3576,4.9861
310,3.7383,4.3293,3.8616,3.7425,4.6652,4.2413,3.6863,4.5889,4.2794,3.9825,3.8527,3.3875,4.1738,3.1456,3.9949,4.0158,4.5571,5.0617,4.3864,4.3185,4.3391,3.4157,3.8651,4.8085,3.7309,3.6452,4.0487,4.0448,4.2857
311,3.9008,4.7896,4.2178,4.0075,5.193,4.9655,4.7312,4.993,5.053,4.2605,4.0682,3.7009,4.4642,3.637,3.9753,4.5325,4.925,5.5699,4.8387,5.0153,4.0434,4.1406,4.2568,4.8525,4.4636,3.8186,4.3077,4.5343,4.6383
312,4.0308,4.3734,4.0685,3.6209,4.6837,4.6653,4.4408,4.5839,4.2786,4.0288,3.7745,2.9752,3.6955,3.165,4.2152,4.1729,4.4581,4.2423,4.116,4.357,3.5797,3.5539,3.7573,4.439,3.9836,3.5547,4.1468,3.9585,3.9832
313,5.3736,5.5937,4.5313,4.4641,6.1527,5.6095,5.2184,5.6812,5.3316,5.2953,4.6722,5.2808,4.703,4.0775,4.8211,5.4023,5.2982,5.452,4.9959,5.5717,5.4791,3.9866,4.6972,5.3722,5.0861,4.3994,5.3433,4.7146,5.3675
314,3.5761,3.9574,3.583,3.3351,4.5505,4.654,4.4558,4.6514,4.4689,3.4188,3.7845,3.5564,3.4464,2.8029,4.1757,3.9288,4.3046,4.1614,4.13,4.3987,3.7964,3.3153,3.5895,4.8319,3.4782,3.2217,4.2944,3.7842,4.2454
315,4.9603,4.8958,5.0331,4.5815,6.0834,5.2373,5.3424,5.2377,5.3355,4.8683,4.3182,5.2663,4.5339,4.4411,4.9398,5.0437,5.6481,5.9307,4.9207,4.8276,5.0593,4.4974,4.9554,5.618,5.1509,4.6668,5.4323,5.4203,5.6252
316,4.4018,4.7532,3.8234,3.9414,5.3564,4.8039,4.4381,4.9077,4.6652,4.2068,3.7255,4.2413,3.9665,3.2897,4.1911,4.6337,4.6032,4.9449,4.2339,4.5027,4.578,3.6207,3.8944,5.2197,4.0975,3.676,4.7745,4.4795,4.5563
317,3.8083,3.7244,3.7285,3.648,4.2151,4.491,3.7424,4.5267,4.7809,3.7581,3.6359,3.838,3.39,3.4255,4.1778,4.2507,4.299,4.9231,3.8013,3.9709,3.7735,3.7208,3.6462,4.4252,3.9571,3.5968,4.6695,4.0702,4.6102
318,4.129,4.1745,3.9593,4.1392,5.005,4.7135,4.4946,4.8329,4.6076,4.5283,4.0759,3.1249,3.7237,3.1915,4.0988,4.2165,4.5484,4.5831,4.0654,4.4573,4.2934,3.5885,4.3584,4.9606,3.4752,3.4242,4.4115,4.1089,4.0633
319,4,4.2768,3.9251,3.8989,4.6882,4.9859,4.6373,4.784,4.7175,4.2192,3.9919,3.1145,3.7325,3.147,4.304,4.1649,4.7876,4.3294,3.8614,4.5969,4.2317,3.566,3.9854,4.8797,3.5646,3.4922,4.5253,4.0883,4.3388
320,4.1087,4.5042,3.9651,3.9146,4.5865,4.7256,4.1498,4.8354,4.4368,4.0992,3.9664,3.2665,4.0165,3.1553,3.8922,4.1845,4.1842,4.5085,4.4699,4.4694,3.4038,3.8015,3.8484,4.5562,4.1737,3.9916,4.0673,4.0189,4.4063
321,4.2013,4.7554,4.3683,4.1047,5.4185,4.6361,4.5135,5.0126,4.5597,4.5573,4.2859,3.9007,4.3858,3.2564,3.9696,4.2257,4.7411,5.4351,4.861,5.0996,4.1157,3.9143,4.5049,4.9655,4.2354,4.2335,4.5096,4.4245,4.7522
322,3.9888,4.2227,3.8302,3.8187,4.7442,4.733,4.424,4.9355,4.1186,4.0211,3.6906,2.9126,3.8584,2.9822,4.1688,4.0799,4.5088,4.3294,3.9343,4.2762,3.6008,3.3586,3.8829,4.6687,3.5388,3.3908,4.1453,3.8829,3.9798
323,4.4823,4.5534,4.2832,4.3768,5.3435,4.8387,4.588,5.2011,5.1534,4.2067,4.2641,4.5687,4.1787,4.4607,4.4469,4.732,5.2616,5.2421,4.4968,4.3908,4.7045,4.0793,4.7262,5.1176,4.6205,4.0901,5.0604,5.2539,5.0143
401,4.4363,4.4729,4.6427,4.0622,5.7051,4.8833,5.8983,5.3578,5.3833,4.1031,4.742,3.7336,3.8166,3.0473,5.053,4.8089,5.5884,4.7567,4.7197,5.0842,4.4303,4.7033,4.4152,4.5698,4.0715,4.2978,5.4481,4.2747,4.5128
402,7.962,9.2855,8.5752,6.2745,7.7111,9.7744,9.5673,8.7958,8.4188,7.639,6.4972,7.3125,8.2474,3.5538,7.9843,9.1246,8.9639,8.2604,7.9555,8.9228,6.8446,7.1822,6.9891,8.3674,7.3732,7.6659,8.9395,7.8116,7.3642
403,4.3865,3.8168,4.1571,3.8224,4.2604,4.2179,4.1195,4.6644,4.8027,3.7266,3.6309,4.0025,3.7461,3.7325,3.6637,4.2087,4.425,4.4844,3.9714,4.1064,4.0992,3.5704,3.9143,4.7145,4.1883,3.8648,4.454,3.7868,4.5682
404,9.2955,11.266,10.47,6.9571,8.3533,12.126,10.78,10.431,9.7086,8.6689,7.9671,9.1772,10.946,4.6198,8.539,10.442,10.073,10.558,10.638,11.083,8.1875,8.6428,8.8484,9.7627,9.3487,9.8169,9.4302,8.951,9.3129
405,4.1028,3.8306,4.3202,3.7973,4.5813,4.1478,4.6118,5.031,4.7386,3.6622,3.8353,3.6744,3.5618,3.2215,4.1068,4.4208,4.5311,4.3125,4.0533,4.0265,4.0904,3.858,3.7866,4.3589,3.6033,3.6541,4.8395,3.4665,4.0399
406,4.7943,4.0171,4.5886,3.6484,4.5796,4.3793,4.404,4.7669,5.1306,4.2352,3.8144,3.9153,3.9905,4.0217,3.8525,4.7723,4.9062,4.7277,4.555,4.8242,4.282,3.843,4.4681,5.1378,4.3819,3.9384,4.5699,3.8726,5.2485
407,5.986,6.4115,6.2441,4.731,5.3171,6.5771,6.9864,6.7298,5.9309,6.1468,5.0759,4.5728,5.6803,3.4881,5.7218,6.6456,6.1771,6.8198,6.1324,6.6591,4.8616,5.4373,4.619,5.6835,5.4722,5.7402,5.6631,5.951,5.7995
408,3.8941,4.4571,4.0999,3.8191,4.5605,4.9031,4.4016,4.6232,4.3124,4.2463,3.9418,3.4288,3.9702,3.0528,3.9196,4.1604,4.3074,4.7149,4.297,4.4891,3.4213,3.8304,3.7004,4.5098,4.0419,3.7805,4.2964,4.2329,4.3426
409,5.2657,5.768,5.7547,4.4714,5.4,5.8359,6.38,5.9219,5.5996,5.4036,5.0674,4.2098,5.1848,3.2499,5.9719,5.6737,6.2772,5.7145,4.9034,5.7558,4.3933,5.0791,4.2807,4.91,4.4758,5.025,5.6769,5.2051,4.9924
410,4.9602,5.7161,5.0984,4.4182,4.7379,5.8307,5.6013,5.4413,5.2223,5.0193,4.2469,4.012,4.8068,3.3998,4.5646,5.2962,4.8301,5.686,5.2696,5.2372,4.1768,4.8534,4.4273,5.0624,4.8788,4.7755,4.6059,5.2233,4.8966
411,4.1821,4.9382,4.2376,3.6073,4.7003,4.9877,4.4198,4.8567,4.733,4.5964,3.8759,4.0552,4.6268,3.0875,3.734,4.4245,4.5469,4.7364,4.5867,4.6781,3.6973,4.0524,4.2909,4.5837,4.1301,4.5952,4.1106,4.2681,4.4528
412,4.6844,4.606,4.5795,3.7512,4.9591,5.3141,4.7236,5.4135,4.8078,5.1386,4.453,4.5913,4.7144,3.1541,4.4046,4.9623,4.9704,4.7832,4.9785,5.3527,3.9688,3.8858,4.5353,5.1426,4.2603,4.7016,4.7083,4.4068,4.9102
413,6.4166,7.0056,6.8468,5.1358,6.8114,7.7463,8.0075,7.3094,7.207,6.0786,6.0015,5.9297,6.0636,4.057,6.9004,7.1261,7.514,7.1075,6.8402,6.9507,5.8787,5.8955,6.4138,6.4606,6.1573,5.7531,7.9875,6.0118,6.4025
414,4.4638,3.9459,4.3379,3.8938,4.1309,4.1488,4.3384,4.7485,4.7891,4.265,3.6781,3.9521,3.9301,3.9003,3.5447,4.3093,4.5491,4.7636,4.2105,4.1519,4.6346,3.6816,4.4075,4.7148,4.4924,4.0554,4.5478,3.9655,4.469
501,7.5767,8.5111,7.0397,6.3527,7.6009,9.0432,6.587,8.5597,7.7244,6.0824,6.6237,6.7939,7.1701,3.1415,6.6979,7.6829,7.18,6.2894,9.3402,8.3319,6.2353,6.5316,5.4747,7.4625,7.4651,7.4947,7.4723,6.4514,6.8546
502,7.0054,7.7721,6.5397,5.8306,7.1086,7.5294,6.0779,7.1218,7.8217,5.4651,6.243,6.3827,6.5009,3.4892,5.9764,6.5961,6.9054,5.7864,8.5168,7.6917,5.7119,5.9919,5.4833,7.0138,7.031,7.2275,6.903,5.6225,6.6302
503,8.0955,10.259,8.9169,6.7028,8.9345,10.601,8.1182,10.181,8.5265,6.9372,7.6212,8.3865,8.303,4.4331,7.1366,9.3535,8.1942,8.0591,10.216,9.2433,7.6443,6.7133,7.5473,8.6353,8.0708,8.334,8.465,7.6593,7.8175
504,8.1369,9.2348,8.1374,7.2459,9.2419,10.475,7.6405,9.9118,8.6691,6.2361,7.382,7.2409,7.551,2.726,6.8187,8.5319,6.69,6.9747,9.7329,8.3584,7.0316,6.417,5.6052,9.3227,7.6946,7.2653,7.4034,6.6363,7.5426
505,5.9594,6.2358,5.9506,5.1076,5.9283,5.9427,5.2097,6.1133,6.2542,4.9034,5.6295,5.4633,5.5736,3.3413,4.8818,5.9795,6.2728,5.1061,7.0178,6.4628,5.3828,5.4127,5.1883,5.8287,5.6068,5.8827,6.1416,5.2483,5.6466
506,8.0855,9.822,7.2367,7.8719,8.6879,10.068,7.6095,9.5721,8.9409,6.4573,7.2933,7.05,7.1309,3.2797,7.6,9.153,6.324,7.4305,8.6649,8.192,7.8962,6.4754,5.5968,8.0626,7.4052,6.4225,7.1198,6.7632,9.3506
507,5.5156,6.1176,5.773,5.7188,6.055,6.3099,5.581,6.6109,7.5728,5.2015,5.6099,5.585,6.2366,2.7928,4.8371,5.7874,6.8562,5.6641,7.787,6.9968,5.6458,5.4072,5.1929,6.0149,5.9226,6.3715,5.7404,5.3242,5.9717
508,8.2418,9.5411,7.0668,6.8809,7.9064,9.1692,6.7688,8.7827,8.1163,5.496,6.946,6.348,6.7698,3.0738,7.3395,8.0481,6.8889,6.5189,8.8257,7.84,6.4962,6.1014,5.0472,7.2599,7.4336,6.7087,7.4113,6.4993,7.6823
509,8.0508,10.186,8.0172,6.4342,8.4893,10.011,7.6835,9.3991,8.6054,6.9573,7.6181,8.1661,7.3899,4.0206,7.3753,9.2861,7.9842,7.581,9.804,9.1536,7.3709,6.687,7.3901,8.3095,8.2362,8.399,8.2945,7.2058,7.7331
510,6.8325,7.2881,6.5363,5.7514,7.2283,7.0707,5.7913,7.3701,7.6798,5.204,6.1815,6.1773,6.3989,3.2299,5.549,6.4602,7.0553,5.864,8.1628,7.5117,6.1808,5.6219,5.5869,6.399,6.587,7.1995,6.8589,5.9984,6.6796
511,6.9217,7.6657,6.7526,6.0301,7.389,7.568,6.0237,7.797,8.5666,5.5724,6.382,6.4019,6.6081,2.9778,5.6848,6.6915,7.2642,5.9611,8.4577,7.6839,6.1201,5.9529,5.9697,6.9234,7.1496,7.5989,6.9576,5.8961,6.9903
512,8.1731,9.2894,8.3717,6.5956,8.8585,10.475,7.8266,9.3166,8.13,6.7353,7.1015,7.7125,7.9978,3.6126,6.9083,9.0565,7.2717,7.4827,10.553,8.695,7.1754,6.8767,6.4705,8.4077,7.7927,7.55,7.875,7.0366,7.4606
601,7.815,5.2454,4.9103,6.3475,4.8167,6.6317,6.0102,5.5073,8.0619,5.5646,9.4196,9.305,5.3815,0,6.6569,5.0201,6.4828,8.2395,8.1206,4.85,6.1901,7.629,6.9642,3.3147,5.3386,7.4234,11.161,6.1958,7.6755
602,10.252,12.262,10.797,9.6823,9.3859,11.647,12.28,13.509,15.085,8.6141,13.782,11.771,10.222,4.7965,12.708,12.537,14.192,10.741,14.494,11.521,12.249,6.4607,7.768,10.177,8.7366,9.3982,9.8721,10.846,11.821
603,9.7999,6.7361,6.1256,7.3563,5.1304,8.2595,7.501,8.5022,11.512,6.8769,9.9146,10.584,6.8028,1.5038,8.1485,8.017,6.0343,7.5961,8.1376,6.4352,7.0551,8.1248,7.0688,5.7497,6.7389,8.7274,7.8735,7.9309,8.3122
604,12.016,11.665,12.958,11.964,9.18,13.363,10.643,14.569,12.534,10.422,12.297,10.729,12.856,5.2117,13.3,13.64,12.756,13.737,14.475,13.537,10.789,8.6542,9.3904,9.9042,11.023,11.081,8.8098,13.149,10.163
605,9.8146,7.8751,6.2437,8.094,4.982,8.6392,7.9055,6.4152,13.369,6.5623,9.4001,10.747,6.3151,0,8.0026,7.5664,7.5841,11.298,7.594,7.0937,6.1248,8.9655,9.4194,5.7677,6.5109,10.115,9.5818,9.7117,8.2962
606,10.296,7.919,8.5034,10.975,7.3376,10.565,9.4528,10.193,10.777,7.563,12.128,11.666,10.498,1.4074,10.292,11.376,10.203,13.387,10.561,9.2436,8.2718,6.8117,12.54,6.2475,9.648,11.742,9.0964,11.403,8.6907
607,8.0545,4.9036,4.4819,5.7332,4.421,6.183,6.2464,6.1107,5.9812,4.7353,8.4268,8.1195,4.8595,1.0318,6.0508,6.5089,5.2316,5.9978,6.8195,5.6985,6.0221,6.1745,5.0873,2.7205,5.8437,6.3844,10.347,5.3053,8.1315
608,11.321,12.004,11.739,10.727,10.64,12.364,11.885,15.44,14.847,9.3762,13.343,10.582,11.659,2.2966,12.187,12.697,13.598,11.843,13.119,12.613,12.733,8.7791,8.8656,10.242,9.8158,10.211,9.1253,11.266,11.76
609,9.3815,5.8279,6.1937,6.7804,4.7589,6.9641,5.7957,8.5563,8.4758,6.4761,8.6332,9.9705,6.6758,1.7721,6.4192,5.2732,5.5768,6.4217,8.1137,7.3303,6.4572,8.1388,4.4882,4.3385,6.3417,7.0093,9.0672,7.1157,9.0434
610,9.7039,8.0673,8.5025,10.257,6.6495,9.7306,8.2665,9.9922,11.444,7.592,11.338,11.525,8.8245,1.7438,10.129,10.33,8.6184,10.622,9.7579,8.5367,7.6745,7.1716,9.3354,6.6037,8.2044,8.9312,7.1666,10.483,8.15
611,9.8553,6.0305,4.4628,6.4269,4.38,7.2841,7.7645,6.6844,10.523,6.053,8.8342,11.07,5.7258,0,6.6327,5.7063,6.4324,7.4591,8.4384,5.8279,5.6787,9.0431,7.1223,4.4678,5.9625,7.6956,9.5745,6.1664,8.157
612,10.107,10.437,8.3997,9.7992,8.0027,10.361,10.914,13.159,15.225,9.1287,14.115,12.496,9.1776,1.4683,11.708,10.819,10.034,8.859,10.665,9.3717,9.989,7.2309,9.304,7.5638,9.6863,10.449,7.6591,10.21,9.9005
613,12.338,11.485,11.859,12.638,9.9414,12.943,11.55,16.026,14.581,9.1511,13.937,11.528,13.56,2.3704,13.125,13.841,12.222,12.83,13.987,12.758,11.104,8.5008,9.8934,10.262,11.754,11.436,8.2057,11.538,11.168
614,9.5081,8.4603,8.6874,6.8328,6.5164,8.8972,8.3121,9.9899,10.921,7.2981,12.523,10.074,7.6636,3.9527,9.966,7.9085,7.5878,9.0185,11.435,7.8705,8.615,7.979,7.0353,7.0335,7.7564,9.0425,9.6771,8.2882,9.9682
615,10.161,8.4759,9.6955,9.0893,7.2249,10.214,8.8695,11.502,10.332,8.64,11.114,10.738,10.612,2.5884,11.117,11.587,9.6638,10.762,11.345,10.798,8.3866,7.9264,8.1047,7.5425,8.9664,9.1179,6.5778,11.514,8.3562
616,9.9381,7.6088,7.5999,10.323,5.6062,8.6162,7.556,7.7227,11.034,6.6356,10.821,10.284,7.9156,1.5026,8.6544,8.9381,9.8186,12.248,8.7103,7.33,7.0658,8.6509,11.73,4.9879,7.343,9.0369,7.4294,10.893,9.231
617,12.103,13.024,12.335,12.324,11.356,13.431,12.054,17.141,15.804,9.8063,14.299,11.32,12.985,2.5402,13.119,14.798,14.212,12.681,13.881,13.605,12.924,9.6361,9.8873,10.036,11.42,11.198,9.0951,10.813,11.63
618,10.943,7.1936,6.5845,8.0177,5.7942,8.4724,7.7184,6.5485,9.6298,5.8753,9.1463,11.263,7.0983,0,8.3451,8.1323,10.388,13.373,8.3829,7.2663,6.2803,11.396,12.81,6.2784,8.2293,11.807,8.8954,12.729,8.9212
701,5.2266,3.1465,5.0971,3.5455,2.1326,4.6266,3.673,5.5798,3.1352,4.7876,3.8111,3.4897,4.8276,2.0873,3.9664,4.0386,4.0702,7.5251,6.5284,4.221,4.8176,2.814,4.2138,2.8968,3.7457,3.821,4.8549,3.407,3.9286
702,7.0448,5.1175,9.0805,4.1858,4.3023,6.605,6.7723,7.6457,6.4889,8.9021,7.3844,4.6321,7.1101,4.8024,3.7338,5.9951,5.9952,7.6516,4.8235,6.3755,4.5404,4.5798,6.1983,3.6858,6.2417,5.7451,5.7321,4.9972,6.6651
703,7.16,5.0781,8.985,5.4772,4.5039,7.3617,5.9069,7.6107,5.9044,7.7068,6.8011,5.2575,7.7921,3.3485,6.4761,8.153,7.0911,12.566,7.802,6.3457,7.6191,3.5411,6.5388,4.8273,6.8531,8.467,6.5349,6.1892,4.5589
704,7.9695,6.2421,11.293,6.5982,7.6023,8.0182,9.0558,9.26,7.5357,10.975,9.3709,6.9824,10.414,1.637,4.4697,7.3473,8.2421,10.901,7.784,8.3651,6.5278,6.4768,8.1394,4.3437,7.5045,7.8176,6.8955,7.3867,8.695
705,7.5876,6.9232,7.7374,6.2223,4.5476,9.2319,9.313,11.274,6.76,9.2636,7.4345,5.0144,9.4118,1.3301,2.9745,6.7039,5.4356,6.2285,4.9652,6.6497,4.8356,4.6459,7.176,6.2971,6.0494,5.1424,5.3516,6.2169,9.99
706,9.3413,8.8003,12.545,7.9027,8.7056,11.187,8.9278,9.9409,8.7669,11.968,10.479,6.5854,11.321,2.2422,9.5187,10.558,10.471,18.028,10.568,9.6653,11.364,6.5112,8.0395,5.8534,10.609,12.625,8.3552,9.2399,6.4519
707,8.9459,6.6124,12.092,6.0852,7.7111,8.6004,7.9137,8.0652,7.5664,11.531,9.3055,6.3086,10.278,2.4632,6.5994,8.0931,8.8564,13.713,7.672,8.8439,7.64,5.8587,6.8038,4.6051,8.15,9.6677,6.8319,7.9176,6.7051
708,7.3104,5.3208,9.3699,4.7884,5.0203,7.0688,7.5293,8.0147,7.3774,9.4391,8.1078,5.2989,7.7651,4.0469,4.3256,6.2209,6.5073,8.8263,5.3695,6.4706,5.0058,5.2817,6.9088,3.7948,6.3817,6.3854,5.999,5.7502,7.4848
709,9.2665,8.6489,11.29,7.0251,9.4471,8.6619,9.1564,9.4294,6.7057,12.28,9.1947,8.0465,9.38,1.9897,5.1591,8.2902,9.9379,14.266,8.6482,8.248,7.1434,7.0935,7.8728,4.1075,8.5053,8.9054,7.236,9.0042,8.1907
710,10.036,7.7187,12.758,7.5073,7.0094,9.8321,9.0386,7.7279,7.3173,14.461,10.764,8.6432,11.627,1.4458,7.4485,10.662,9.7813,17.411,10.58,8.7744,9.3127,7.0574,8.9687,4.5932,9.098,9.9724,7.2353,10.391,6.8234
711,5.968,5.734,9.6523,7.9958,3.8057,8.638,10.064,11.834,5.1096,9.2918,8.1807,8.578,7.8911,0.45497,2.7493,5.7605,5.9402,6.3164,7.0644,7.6008,5.5451,5.7936,7.5634,5.0767,6.0687,3.9223,6.0577,6.029,7.8688
712,8.5238,6.4602,10.726,5.3239,6.5446,8.0717,7.0471,8.2002,7.4224,11.753,8.3724,5.4193,9.2491,1.7939,7.0736,8.9914,8.3412,13.786,9.026,7.6958,8.195,5.0206,6.2099,4.8003,7.9114,11.256,6.4669,7.067,5.8985
713,10.304,8.3399,12.686,9.5369,8.65,13.721,10.632,10.489,9.1092,13.26,13.763,9.5701,14.102,1.3491,10.542,13.768,10.074,20.834,13.424,10.92,11.2,6.6642,11.622,5.1151,11.631,12.764,8.4511,12.013,7.1005
714,6.1101,3.7546,7.406,3.0113,3.3176,5.1757,5.3494,6.6915,5.6536,6.9526,6.0831,3.8537,6.6859,5.0415,2.8268,5.0595,5.3064,5.8907,4.0721,5.0133,4.444,3.0306,4.9448,3.6229,4.847,4.9915,4.7554,4.4145,5.7477
715,6.4053,5.6944,12.725,10.147,3.7335,8.5525,11.484,12.391,6.0342,9.4583,10.495,7.9285,9.3978,1.287,3.4861,5.7152,7.0934,8.2781,6.7235,9.0222,4.9607,6.2924,7.2315,3.3714,7.1896,3.9781,6.3008,6.3319,6.0984
716,8.5833,5.373,7.9638,3.2317,4.6294,5.531,5.3451,6.3218,5.114,9.0927,6.565,4.5918,6.571,2.4358,4.5476,5.9484,7.5191,10.031,6.3338,6.8556,5.2517,4.1912,4.9482,3.5809,5.3642,7.1237,5.3512,5.2892,5.8563
717,6.7283,3.4926,6.4127,2.9046,2.9618,3.7162,3.9016,4.8183,3.3755,6.3943,3.9796,3.4931,4.9963,1.6997,3.6969,4.398,5.6221,7.6538,4.4112,4.8809,4.5526,3.5746,4.3414,2.4354,4.3926,4.4638,4.238,3.2465,4.1138
718,7.5912,4.8646,7.2784,3.7706,3.6098,5.6095,5.0926,6.0422,4.8467,7.6644,5.9632,4.0629,6.0171,2.1502,4.8023,6.8919,7.1688,10.385,6.301,5.4386,5.2388,3.9112,5.3663,3.3085,5.5286,6.2818,5.0973,5.3113,4.9052
719,6.3046,6.1035,8.7478,7.819,4.2819,9.661,8.5291,10.332,6.3424,9.4764,7.9444,6.3128,8.7094,1.1661,3.0057,5.7792,5.4611,6.8761,5.825,6.8794,5.8548,5.9152,6.7504,6.0222,6.0074,4.0838,5.0167,6.2964,8.4825
720,7.8531,6.0749,12.224,6.5548,7.399,8.4207,9.7707,10.536,6.2547,12.865,9.0923,8.7191,11.991,1.5895,4.3865,6.8245,8.4157,10.916,7.8388,7.647,7.1382,7.9499,8.2671,3.6033,8.8187,7.4295,6.4745,7.3221,8.4195
721,8.6614,5.1241,14.487,10.967,4.0065,10.289,10.69,10.329,5.5319,9.094,10.172,7.5473,12.087,1.5553,4.6899,6.5698,7.4348,8.0513,6.1643,9.2009,5.2096,7.2021,8.0011,3.8705,8.4676,4.8659,6.5393,7.2379,7.0702
722,10.97,6.3168,10.939,7.451,6.7858,8.8281,8.1341,7.9193,5.6322,13.319,8.0631,8.3649,9.1483,1.5214,4.8768,8.6386,8.4149,12.869,7.4963,7.145,6.3353,7.3034,7.7162,3.0349,8.734,6.9481,6.9352,8.4212,7.1107
801,5.2632,5.1309,4.9729,4.2261,4.2509,6.6277,6.835,10.398,4.0988,6.4888,5.6891,5.1388,6.8227,2.2698,2.6771,4.1948,3.6179,5.8758,4.4853,5.077,4.3495,4.9517,5.8574,4.4771,5.2489,4.2951,5.1399,5.2839,6.7157
802,4.7779,3.6615,5.7788,3.9568,2.7879,5.3769,5.0546,5.7881,3.5132,3.4811,3.9008,4.1489,8.1106,3.7099,2.4619,2.4753,2.1511,8.6397,4.1787,3.4151,3.9925,4.1002,7.3092,2.4571,5.5785,3.8205,5.1483,4.9837,7.8505
804,5.3516,2.6638,4.2394,3.0824,3.1014,3.499,3.588,4.824,3.7792,4.6272,3.8038,4.0827,3.4499,1.7144,3.4546,2.7822,4.2043,4.8292,2.7973,4.2465,3.1346,3.3266,3.4072,1.932,3.5508,3.5625,3.6768,2.9774,4.7946
805,5.2016,2.8589,4.5183,3.0828,4.0009,3.6755,3.5939,5.1028,3.5179,4.8144,3.9224,3.5327,3.9012,2.2037,4.2155,3.5237,3.8694,5.1449,3.2258,3.5793,3.4594,2.9946,3.6811,2.5805,3.4346,3.8966,3.2925,3.4564,4.9454
806,4.8304,3.1215,4.9599,3.0733,3.4103,4.9833,5.5206,7.1314,4.9772,5.538,4.9483,3.8059,5.7339,3.7189,2.7097,3.5556,3.9626,4.9878,3.8656,4.3136,3.8039,3.7,4.8372,3.287,4.7091,4.0908,4.6262,4.4748,5.6527
807,5.5955,2.8919,4.8895,2.3644,2.7319,3.8028,3.6862,5.1401,3.7673,5.7127,4.3663,3.7256,3.6846,1.4986,3.0364,3.0608,4.51,5.195,2.9242,4.4074,3.18,3.4741,3.2238,2.2722,3.9356,3.7696,3.8346,3.452,4.2023
808,3.2464,2.5295,2.9178,2.2266,1.9565,2.784,3.2919,4.2523,1.9931,2.8841,2.5069,2.4944,3.2084,1.472,1.9468,1.9719,1.5779,2.8636,2.54,2.4596,2.2677,2.3849,3.4987,1.6718,2.5738,2.288,3.3965,3.0974,3.3168
810,5.8493,3.2961,4.942,3.905,3.6879,5.3569,5.3616,6.7715,4.4144,5.0604,4.0735,4.0878,5.4123,4.7256,2.9002,3.6969,3.5706,5.0292,3.7846,4.0908,3.6222,4.0851,4.0925,3.5252,5.3082,3.781,5.0095,4.3815,5.3642
812,4.4887,1.9445,3.2389,2.2864,3.083,3.5054,2.8157,3.9073,2.4316,3.3308,2.9266,2.7143,2.9285,0,2.4548,2.3465,2.6792,3.4631,2.8694,2.9733,2.6998,2.0545,2.9851,1.6004,2.3919,3.0036,3.2998,2.9495,4.1215
1001,4.1242,2.7101,3.6027,2.7465,2.835,3.4881,2.809,2.5983,2.7534,3.2761,3.6349,2.5589,3.5391,1.6302,3.119,3.6495,3.6969,3.526,2.8281,4.0708,2.904,3.2234,3.5123,2.4915,3.2554,3.4626,3.8201,3.5956,2.6893
1002,4.0096,3.3036,4.7322,3.1281,2.3767,3.0224,2.3312,4.38,2.7848,3.4345,2.8591,2.7403,3.9266,1.3438,3.5592,2.9853,3.1337,4.4097,3.0964,3.7196,3.3123,2.21,3.4233,1.6601,2.4902,3.721,3.921,3.8041,2.3963
1003,5.2736,3.394,4.4146,3.4477,2.81,3.3597,2.9146,3.8243,3.7555,4.0241,3.4276,3.1377,4.0324,1.836,3.5295,3.4544,3.2477,4.0538,3.735,6.5203,2.7571,2.5144,3.4334,2.5485,2.8265,3.3895,4.5765,3.4044,2.8025
1004,5.8383,4.5122,5.4539,5.2575,4.9762,4.5738,4.0786,6.3286,5.2714,3.7742,4.1289,4.1441,6.0122,1.8176,4.5119,5.8173,5.0556,5.7608,4.3998,6.4653,4.5367,3.6144,4.0223,4.0871,4.2518,5.3281,4.8961,4.3059,4.3339
1005,8.2349,6.8274,7.4639,9.0122,5.8924,9.6821,7.047,10.611,7.9788,7.5083,7.3994,6.1555,9.5763,2.2871,9.1021,9.3947,8.5697,12.551,9.0641,8.871,9.0243,4.8721,7.5052,5.8867,8.6266,8.8179,6.8437,7.4579,6.1847
1006,6.8202,5.8817,7.0384,6.0358,6.5504,5.6741,5.2343,7.8223,7.3417,4.3636,5.2192,5.1218,6.7576,1.7026,5.3004,6.9305,6.9366,7.832,6.2985,8.4511,6.0488,4.9291,4.8899,5.0109,5.8014,5.6018,5.7648,5.6974,5.731
1007,9.8044,9.4723,10.812,8.9026,9.1853,9.1672,8.7976,12.324,11.421,5.6865,8.4969,7.8938,10.647,2.4017,8.6986,9.998,12.355,12.374,11.075,12.454,8.6344,6.6391,7.5153,7.154,10.303,8.9198,8.5355,9.2748,9.1429
1008,5.2448,3.1169,4.5336,3.4096,2.9432,3.4825,3.1131,4.0805,3.8257,4.0617,3.3113,3.0391,4.6197,1.6011,3.4911,3.3217,3.3836,4.1592,3.9186,6.9036,2.8758,2.2433,3.3286,2.6845,2.8493,3.508,4.753,3.5422,2.9582
1009,5.2897,3.3435,4.7208,4.015,3.3716,4.2404,3.6226,5.9548,3.8947,4.4216,3.588,3.503,5.3621,1.8505,3.98,3.7322,4.5913,6.7265,5.6517,4.8146,3.4903,2.5092,4.0076,2.4192,3.6515,4.1037,4.6462,4.0351,3.4078
1010,4.7031,3.2816,3.196,3.7763,3.4018,3.82,3.6767,3.8296,3.4331,3.6281,4.038,2.8569,3.6581,2.1537,3.369,4.2541,3.7951,3.8219,3.4466,3.6094,3.3267,3.711,3.9501,3.5631,3.3267,3.7304,3.6645,3.6753,3.5665
1011,4.8515,3.7197,4.11,4.8012,3.9756,4.1504,3.531,5.1159,4.4032,3.3508,3.8876,3.702,5.3284,2.1878,4.0097,4.7607,3.8904,5.0051,3.9977,5.0777,3.8655,3.435,3.7476,3.4528,3.443,5.1987,4.2293,4.0478,3.805
1012,5.839,4.2191,5.2848,4.8019,3.7211,3.7456,4.0288,5.4454,5.0825,4.7335,3.9965,4.7308,6.3385,1.528,4.1291,4.3161,4.9188,5.4479,5.6494,8.2996,3.8527,3.1774,4.3099,2.726,3.7946,4.3743,5.4394,4.2808,3.89
1013,3.6899,2.9805,3.3217,2.2948,2.6909,3.2266,2.8669,2.4776,2.9151,3.1727,3.3606,2.3351,3.6105,0.84811,3.1488,3.449,3.138,3.8402,2.2406,3.2958,3.4538,3.4009,3.653,2.7324,3.1232,3.1791,4.4223,2.9504,2.5427
1014,5.151,3.683,4.1426,3.8287,3.2204,3.2911,3.0882,3.6758,3.9643,3.7047,3.4395,3.537,4.5072,2.0612,3.318,4.0603,3.2807,3.931,3.543,5.8377,3.2527,2.736,3.6115,2.895,2.9574,4.0164,4.4883,3.5225,3.1261
1015,4.4479,2.9071,3.1471,3.1379,2.9421,3.4458,3.0342,2.9321,2.709,2.9951,3.6596,2.6221,3.2894,2.0057,3.0091,3.8598,3.2498,3.4084,3.4557,3.6102,2.894,3.1111,3.2662,2.8954,3.0234,3.5804,3.5731,3.5066,3.0851
1016,4.6108,3.1109,3.5229,3.4682,2.9884,3.2727,2.571,3.4657,3.2764,3.2323,3.4411,3.2156,3.6195,2.0428,3.0107,3.8239,2.9725,3.4589,3.3336,4.4117,2.8299,2.6853,3.3524,2.6994,2.6748,4.0077,4.0885,3.2415,2.8296
1017,5.6524,3.8945,5.1364,4.4151,3.4884,3.5758,3.7569,5.4218,4.2447,4.5855,3.6171,4.097,6.0152,1.814,4.3289,4.1103,5.0159,6.5894,4.7994,7.0895,3.8685,2.4741,4.5001,2.5193,3.7285,3.9907,5.4653,4.0776,3.47
1018,5.0026,2.6904,3.0013,2.9682,3.1106,3.8043,3.3107,3.1328,3.3505,3.4275,4.3569,2.7146,3.2142,1.1985,3.0998,4.0225,3.4379,4.2705,2.9544,3.7287,3.2569,4.128,3.9777,3.1882,3.3167,4.5338,3.8955,3.4462,3.6994
1019,5.4559,3.7492,4.6447,4.2596,3.499,3.3399,3.3437,4.2899,4.0914,4.1092,3.5802,4.3352,5.0298,1.826,3.3524,4.2681,3.7308,4.2956,4.1813,7.7508,3.617,2.816,3.929,3.0134,3.2285,4.4824,4.9955,3.7318,3.4617
1020,7.2338,6.1657,7.8119,5.7703,5.8027,5.9656,5.3598,7.7012,6.9075,5.3354,5.209,5.6651,7.8943,1.7491,5.8291,7.226,7.8653,7.8666,7.1111,10.609,6.1469,4.2278,4.9955,4.6661,5.845,5.7666,6.486,5.4712,5.6347
1101,5.0806,6.8228,4.3624,5.9012,4.4843,7.9244,5.6662,2.9304,6.0986,5.2042,5.262,5.0261,12.061,2.5598,1.8462,2.4388,2.9119,10.981,6.4959,4.7718,3.9993,9.5797,5.7431,9.311,5.4797,3.8628,5.1556,6.8785,6.9059
1102,8.6424,6.9734,7.3573,5.1059,7.4815,4.3038,6.4687,6.6133,3.5941,7.2434,7.0378,8.4971,5.9328,0,3.7057,2.5667,3.6235,6.9528,10.354,8.0214,7.341,6.453,6.4925,14.638,4.8951,8.9126,11.462,5.5568,6.7768
1103,3.628,3.9591,3.4017,3.7299,4.9202,5.6552,4.5412,4.4216,4.0005,4.0582,4.6509,4.4,9.4222,3.2627,4.0645,2.7131,2.7141,8.7188,5.096,3.7604,5.7434,8.0522,4.4754,5.1127,5.9453,4.2259,4.5699,6.7625,5.9556
1104,4.7913,3.556,4.1773,2.9563,3.0558,5.3135,3.7831,3.7484,3.2746,4.0155,4.4283,2.9821,4.8419,0,3.0359,2.9248,2.704,8.9346,4.2778,3.1269,3.5681,3.0354,3.7179,2.3523,3.3179,2.988,3.4961,4.4097,4.5232
1105,4.0836,3.7446,3.5479,4.1404,2.9254,6.0122,4.0508,3.6282,4.558,3.8632,3.5951,3.5046,5.7622,1.5968,2.1701,2.259,2.8272,8.8493,5.2352,3.1061,3.4527,4.192,5.7361,3.3133,5.1231,2.9263,3.6896,4.3809,6.1921
1106,4.2386,5.6995,5.2264,4.1749,7.4616,5.314,4.9977,2.9713,3.8646,4.8509,4.7901,5.2288,7.656,3.0784,4.5503,1.5757,2.728,6.9651,5.293,5.1731,11.354,5.7574,4.6917,4.7155,4.7454,4.5486,6.0756,4.7053,5.2465
1107,5.0331,6.4188,5.3845,5.4447,5.6317,4.664,5.0229,4.0363,4.3684,5.3155,4.0784,6.0192,6.0767,2.1421,1.863,2.4542,2.1573,8.1888,5.7829,4.943,4.4579,8.9438,6.7369,4.871,4.3716,4.5924,7.6399,5.7514,4.3289
1108,4.9105,7.2043,5.3545,5.0503,7.8191,6.7111,5.9163,5.234,4.6234,5.9678,4.4491,5.9813,8.4309,3.5588,2.4695,2.0619,2.7357,6.7871,6.4262,5.2976,6.9907,6.6043,4.7029,4.9921,5.1213,5.7476,7.1421,4.9303,3.4615
1201,8.606,11.3,9.7973,7.212,7.995,11.14,10.127,10.46,9.9082,8.0245,7.8812,9.5228,9.9838,4.9002,7.8651,10.316,10.107,10.382,9.7497,10.393,7.1714,7.5375,8.3259,8.9365,9.3216,9.1514,9.0282,8.3639,9.4628
1202,4.5875,4.5177,4.252,3.7273,4.4371,4.9781,4.3227,4.9606,4.3179,4.6365,4.3847,3.9787,4.3666,2.7486,4.2982,4.7208,4.0713,3.8286,5.0958,4.5236,3.7405,3.6132,4.0848,4.8099,4.3371,4.4202,4.9329,4.5597,4.9075
1203,5.6662,6.6887,5.959,4.6015,5.2414,6.8442,5.9693,6.4414,5.8537,5.5147,5.0427,5.8076,5.8448,3.4587,5.0569,5.9595,5.9431,6.0994,6.0517,5.9339,4.5482,4.7049,5.3479,5.6646,5.1295,5.8042,5.4676,5.3681,5.5684
1204,6.2888,7.5247,6.7941,5.1958,6.4437,7.1794,6.2606,7.2899,6.2998,6.2649,5.801,6.2802,5.9794,3.6166,5.6102,6.8944,6.6753,5.826,7.6734,6.8646,5.917,5.8343,6.0945,6.7928,5.9094,6.4678,6.2484,5.4105,6.4091
1205,5.0181,4.9985,4.6747,4.2019,4.7219,4.8821,4.6142,4.9421,5.0161,4.3105,4.7652,4.5985,4.3545,2.8406,3.8562,4.7557,4.8466,4.2174,5.7425,4.8632,4.3268,4.4271,4.0131,4.8149,4.543,4.7256,5.0487,4.2849,4.9609
1206,6.9584,8.4422,8.4332,5.6097,7.0057,8.819,7.4561,8.8061,7.275,6.8816,6.4279,7.3246,7.6652,4.1475,6.4366,7.963,8.3843,7.6118,7.9169,8.0432,6.2896,6.1914,6.9303,7.2794,6.081,7.5919,7.1744,6.2325,7.6423
1207,5.0487,4.897,4.8729,4.1314,4.7149,5.4903,4.9639,5.676,4.6814,5.3121,4.4497,4.7363,4.7031,3.2038,4.5071,4.9821,4.9969,4.6986,5.3787,5.0602,4.1873,4.2285,4.7295,5.284,4.1975,5.21,5.0959,4.2651,4.8863
1208,7.687,9.7187,8.0582,6.1177,8.1801,8.7048,7.2057,9.0578,8.0028,6.9772,7.237,7.6314,6.654,3.8642,6.7332,8.696,8.0878,6.7897,9.475,9.0123,7.6498,6.578,7.1584,7.5447,7.8289,7.5776,7.9499,6.4511,7.7163
1209,7.8375,10.148,9.2917,6.5331,8.2079,10.386,8.3535,9.7291,8.271,7.5763,7.2761,8.092,8.5132,5.0117,7.1439,9.3146,9.0628,7.9813,9.752,9.0993,7.6269,6.5373,7.5839,8.7375,7.3572,8.4835,8.5458,7.3369,8.1243
1301,5.0413,5.0254,4.8187,5.1539,5.4235,5.3417,5.1549,5.8126,6.4291,4.7464,5.1199,4.7095,5.109,2.7028,4.4225,5.1618,6.0329,5.6395,6.7338,5.5359,4.9714,5.2553,4.376,4.8424,4.8795,5.1177,5.4703,4.8168,5.3419
1302,4.4967,4.8376,4.4268,4.6584,5.3183,4.9292,5.262,5.4853,5.8518,4.0783,4.9463,4.4276,5.3242,3.0023,4.2667,5.426,5.2109,5.4469,6.1501,5.2868,5.0388,4.379,4.3139,4.6475,4.7967,4.4508,5.3224,4.4248,5.3214
1303,5.5284,6.5598,5.632,5.8041,6.566,6.6356,6.0427,6.7265,7.9113,4.9715,6.0311,5.4878,6.2791,3.095,5.3343,6.3969,6.7471,6.2273,7.5747,6.8658,6.2948,5.5613,5.3529,6.1143,6.4214,6.0814,6.6402,5.4293,6.4028
1304,4.2375,3.3808,3.8205,4.0188,4.2219,4.6222,4.2605,4.1862,4.7662,3.9671,4.2034,3.6184,4.2745,2.2384,3.8738,4.4975,4.4576,4.4973,4.9664,4.1214,3.8715,3.9676,3.4425,4.3108,4.1681,3.931,4.3414,3.6589,4.2408
1305,5.1472,5.2641,5.089,4.9263,5.2442,5.184,4.7081,5.6014,6.2001,4.6851,5.247,4.9143,5.3044,3.0263,4.1839,5.115,6.1364,5.0128,6.5829,5.846,4.868,4.9509,4.5413,4.9768,5.3249,5.4097,5.3238,4.7383,4.7523
1306,3.9874,4.0381,3.9543,3.5731,4.0327,4.4735,4.1739,4.4949,4.6246,3.984,4.5862,3.6658,4.25,2.4507,3.548,4.2993,4.4113,4.0264,4.7861,4.1279,3.858,3.7382,3.5973,4.1703,4.3999,4.0109,4.702,3.9097,4.1436
1307,4.8507,4.5915,4.5645,4.6202,4.8084,4.744,4.3173,4.9138,5.3531,4.4608,4.8206,4.3314,4.9391,2.9487,3.955,4.4345,5.301,4.7337,5.5368,4.843,4.212,4.5769,3.9846,4.647,4.7015,4.4316,4.9222,4.3107,4.3144
1308,4.0616,4.1329,3.8064,3.563,3.8329,4.4312,4.0248,4.7553,4.5601,3.7963,4.7329,3.7096,4.1194,2.1179,4.0018,4.5689,4.5036,4.3254,5.1885,4.2792,4.0316,3.7751,3.9308,4.7072,4.0074,3.9904,4.4378,4.1234,4.4069
1401,7.7896,6.4062,7.0888,7.8222,5.724,7.2127,5.8474,9.1683,7.1314,5.9246,6.5362,5.7538,7.6427,2.0706,8.4017,8.201,8.8556,11.767,7.9467,9.7415,6.3866,4.7334,6.8445,5.071,6.9105,7.0087,6.4539,6.6698,5.8748
1402,7.9845,6.9006,8.1344,7.2047,5.9754,7.0966,5.9628,8.6743,7.9555,5.6002,6.5759,6.3407,8.6574,2.4991,7.7807,7.7615,8.5269,9.0192,8.4297,10.807,6.5787,4.918,6.3528,5.4,6.8226,6.9722,6.9284,6.9057,6.0111
1403,9.6606,9.6372,11.094,9.8571,7.9815,10.03,8.3077,11.478,10.395,6.9915,8.4593,7.7692,9.6708,2.7443,10.308,10.278,11.428,11.839,11.331,11.851,8.4721,6.1287,8.7324,7.6064,10.053,9.0482,8.7434,8.9443,8.2483
1404,11.071,9.6157,10.413,12.021,7.3403,12.153,9.5582,12.723,11.096,9.6262,11.091,8.1429,12.175,2.7133,13.036,11.783,11.79,14.189,10.903,12.568,9.4909,7.2477,9.3656,8.9462,10.339,10.85,8.6281,10.088,7.6798
1405,11.366,11.623,12.318,11.829,8.1756,12.602,9.9188,13.535,12.893,8.9173,11.088,9.5332,12.099,4.2511,13.09,11.813,12.741,14.171,13.542,12.665,10.441,7.6323,9.4949,9.5232,10.624,11.611,9.5329,11.061,9.4677
1406,12.41,12.915,13.59,12.047,10.33,12.98,11.296,15.79,14.103,8.306,11.006,10.018,13.569,3.1425,12.486,13.392,14.566,15.144,14.917,14.815,11.969,8.6518,9.2029,9.7597,12.272,12.09,10.188,10.805,10.821
1501,9.7946,9.9465,10.463,10.081,9.8341,9.9727,10.231,13.815,12.372,6.719,9.8304,8.5291,10.507,2.3959,9.352,11.38,11.562,11.702,11.333,11.602,10.828,8.3389,8.1385,8.6537,10.355,9.2099,8.466,9.0683,9.618
1502,6.2634,7.5895,6.5567,6.4433,7.0433,6.8354,6.837,7.9983,7.8794,5.1076,7.1955,5.6588,7.0578,3.4579,6.0259,7.6306,7.4919,7.0087,8.1806,7.2032,7.0225,5.7808,5.8965,5.7085,6.7353,5.802,6.7267,6.2215,7.0363
1503,8.7475,10.682,8.9106,9.1644,9.2285,9.6782,10.314,11.09,11.3,6.9401,9.4843,8.7006,9.423,2.5371,9.4584,10.276,10.911,9.2491,11.533,10.169,10.019,7.6871,7.4559,8.5223,8.844,8.3728,8.6089,8.5108,9.9565
1504,7.6374,9.0846,8.1896,8.6698,8.5052,8.4635,8.9403,10.634,10.044,5.399,8.6966,7.6199,9.1265,2.8636,7.579,9.1945,9.3883,9.5455,9.8536,10.044,8.829,7.4247,7.0521,7.5029,8.2069,7.4197,7.5926,8.3089,8.3518
1505,6.5966,7.2738,6.7116,6.9344,6.9016,7.717,6.3682,7.461,8.6629,5.4192,6.7137,6.4602,7.0027,2.8645,5.788,6.8688,7.708,6.3258,8.7593,7.3699,6.7011,6.0847,5.9393,6.8585,6.8759,7.3088,6.9496,5.9451,6.7696
1506,8.094,9.4844,8.0324,8.1126,8.5011,9.407,8.3441,9.7951,10.326,5.5815,7.9845,8.071,9.0809,1.9029,7.8437,8.0589,8.3365,7.5171,10.082,9.5177,7.4809,5.908,6.2639,8.2588,8.1066,8.2718,8.3082,7.3845,8.6924
1507,7.3855,7.4117,7.4304,7.4139,7.7963,6.9748,7.7344,9.7059,9.2735,4.8074,7.4496,6.5102,8.2458,2.4336,6.6406,8.2174,8.5156,8.7021,8.3407,9.07,7.5939,6.8936,6.3279,6.4219,7.1916,6.5518,6.5293,7.1487,7.823
1508,6.8796,7.9592,7.2808,6.51,7.5355,8.0522,6.948,7.9182,8.7835,5.3884,7.5559,6.5793,7.2515,2.6408,6.5874,7.5641,7.7592,6.826,9.23,7.6929,7.2459,6.079,6.1717,6.8824,7.3367,6.7094,7.1388,6.2882,7.6883
1509,9.1709,11.412,9.8729,9.1591,9.3427,9.9828,10.712,11.995,11.798,6.7945,10.224,8.9349,9.944,2.2715,10.708,10.36,10.921,8.881,12.71,10.525,10.811,7.035,7.3903,9.1307,8.1879,7.8838,9.8024,8.9015,10.274
1601,8.5083,9.164,7.3973,7.0948,8.1694,8.5715,6.793,8.5581,8.4118,5.486,6.8012,6.6076,7.3605,3.0104,7.6223,7.5577,8.5392,7.1065,9.533,8.5018,6.5695,7.3261,5.0287,6.732,6.8021,7.1681,8.5737,6.6854,8.4625
1602,9.0905,11.16,9.872,8.9958,10.03,10.608,10.458,11.719,12.278,6.3364,9.3548,9.4018,10.276,2.0284,9.5678,9.4573,10.189,9.0739,11.918,10.613,9.0895,6.5709,6.8446,8.9603,8.5263,9.0084,10.38,8.6576,10.193
1603,7.9565,8.5763,8.4279,7.6992,6.869,9.8943,8.7468,10.163,10.435,5.6207,8.4387,8.4448,7.5666,1.3845,8.5341,7.928,7.5914,8.0944,9.872,8.0811,8.3599,6.2617,5.8164,6.6662,5.8853,8.3961,9.4924,8.4951,9.4663
1604,8.2746,9.0135,7.6388,7.2483,8.6455,9.4517,7.5562,9.3538,9.363,5.9954,7.2105,7.1818,8.015,2.3451,7.2739,7.8234,8.452,6.8764,9.7522,9.3907,6.3679,6.9798,5.4894,7.8365,7.6546,8.1883,8.2054,7.1075,7.7058
1605,7.6386,8.3365,8.2758,7.0822,7.7706,8.6305,6.6343,8.2482,8.6945,5.089,7.1042,7.1723,7.7304,2.2208,7.4333,7.0981,8.2145,7.0729,9.2169,8.0744,6.2351,6.8284,5.2332,7.0379,6.083,8.0357,9.0994,6.6185,8.1005
1606,8.694,11.185,10.385,8.9865,9.2913,10.95,10.853,11.308,12.927,6.7569,10.149,10.629,9.6245,2.0232,10.408,9.5204,10.099,9.752,11.861,10.67,9.5874,6.0832,7.1658,8.5783,7.733,8.9548,10.232,9.4053,10.372
1607,9.1912,9.4958,7.263,7.2193,9.0978,10.128,7.4453,9.3329,8.4197,5.9244,6.7026,6.819,7.4999,2.7115,7.6288,8.1204,7.8377,6.2773,9.5529,9.0621,6.8368,7.0529,5.1522,7.5767,8.0955,7.6108,8.1076,6.803,7.6221
1701,11.78,10.021,11.621,12.279,8.5427,14.286,11.45,14.608,10.107,11.072,12.679,9.7065,13.845,2.1763,13.108,14.361,13.197,17.525,11.516,12.425,11.745,8.2258,11.71,8.1995,11.994,13.237,8.4343,11.717,7.7496
1702,11.416,9.8851,11.148,11.668,8.7831,13.72,10.652,13.279,11.021,10.152,13.665,10.141,14.561,2.3949,13.338,14.161,13.302,16.266,12.873,13.298,10.705,8.228,11.139,8.2637,11.355,12.479,8.4849,13.017,8.472
1703,9.8995,8.1459,9.8348,11.337,7.9193,13.865,10.105,10.696,9.068,10.644,12.157,10.991,14.486,1.6752,10.746,13.282,9.5711,18.013,12.74,10.814,9.8,6.9797,14.133,5.8704,11.371,13.984,8.8379,11.015,7.7477
1704,11.947,10.206,11.098,12.854,8.9285,13.891,11.455,14.85,10.912,10.181,11.413,9.3473,12.899,2.2006,13.43,14.214,12.768,17.061,11.821,12.109,11.278,7.7001,11.388,9.1667,12.132,12.033,9.1282,11.151,8.1359
1801,13.01,6.3437,10.16,7.8636,5.2703,11.432,6.786,6.0529,9.5673,12.999,10.702,11.794,9.2191,0,8.9066,11.281,7.2706,14.232,9.5901,8.489,5.4621,7.5488,7.9072,3.6148,7.3805,6.3686,8.1372,11.883,9.6762
1802,11.157,6.0694,8.5905,7.1207,5.0719,10.086,6.4421,5.2038,7.6244,13.457,9.5672,8.6333,8.9435,0,7.4443,9.6363,7.7687,14.955,7.4345,7.0421,5.9699,8.0972,6.1898,5.343,6.7394,5.7158,7.2143,9.7206,7.6791
1803,11.042,6.2792,10.968,8.0275,5.153,10.005,7.4676,5.9801,7.1598,11.626,9.0268,9.7893,8.9784,1.148,6.1407,9.1925,7.2466,16.69,10.756,7.0751,6.9433,7.0727,8.5757,2.9619,7.4961,7.2783,7.8026,9.3281,7.2948
1804,12.26,5.1637,9.6443,7.4443,5.0849,10.613,7.1928,6.5505,6.5889,14.118,10.031,8.9495,9.7315,0,6.1312,7.9072,8.0945,13.186,6.3552,7.979,5.3379,8.946,6.1588,5.3126,8.2388,5.7943,7.0548,9.3247,6.3518
1805,13.042,4.6088,10.233,9.4119,4.7588,11.367,8.2602,7.2656,5.7759,13.814,9.5737,9.9873,9.7011,0,5.6246,7.4875,7.0916,11.962,6.9062,10.603,5.5197,9.5415,7.2115,6.7876,8.3876,5.1796,6.3642,9.5511,5.5574
1806,11.736,5.1869,11.363,11.459,3.8967,11.519,10.554,11.678,6.2388,9.7942,9.6365,8.794,12.55,0,6.1754,6.077,7.2663,8.4428,6.8461,10.764,4.971,8.7833,7.5905,6.6497,7.6292,4.6135,6.3723,7.4342,6.7935
1807,9.396,7.4877,8.8147,11.259,5.5552,10.499,8.4088,6.8595,7.8684,9.8644,10.269,13.346,10.166,0,9.7724,9.6242,6.877,14.939,10.89,7.8828,6.4789,6.7758,12.264,4.1237,8.1003,10.088,9.2117,11.962,8.3386
1808,9.0117,6.9264,6.9159,10.793,6.3153,10.05,8.1467,7.9068,7.8998,8.3221,10.614,11.487,10.469,0,9.3058,8.6969,9.1975,15.492,8.5631,8.0026,6.4209,8.8856,14.512,4.9818,8.8461,12.714,10.543,12.491,10.145
1809,12.009,5.8601,11.696,9.6948,4.3895,11.106,10.156,9.6021,6.2312,11.287,9.3341,9.01,12.239,1.3425,5.1676,6.517,8.6896,11.159,7.0544,10.648,5.3927,9.2422,7.8616,5.5978,9.7916,4.5142,5.6973,8.0377,5.9374
1901,4.4674,5.4158,4.9299,4.0235,4.9843,4.832,4.8616,6.1312,5.3463,4.3475,5.5153,3.9931,4.7104,2.8534,5.0245,5.1663,5.4588,5.2099,5.641,4.8964,4.6388,3.6215,4.8968,5.3553,5.1422,4.3525,5.2993,5.1697,5.5235
1903,4.2973,4.9926,4.3009,3.3777,4.2343,4.7822,4.539,5.5482,4.8779,4.1316,4.8703,3.897,4.2533,2.6133,4.089,4.5852,4.3509,4.1534,5.7238,4.4217,4.1484,3.5614,4.4191,4.6714,4.7138,4.3357,4.7773,4.3722,4.9116
1904,3.9191,4.0712,3.8893,3.7818,4.7211,4.0924,4.0812,4.9498,4.5326,3.736,4.1415,3.5655,3.8766,2.8169,4.1898,4.2666,4.2683,4.5523,4.5806,4.2665,4.4187,3.1753,4.1785,4.6946,3.9381,3.7261,4.4043,4.2723,4.564
1906,4.8251,5.8036,5.2387,4.4762,5.0792,4.9826,5.1327,6.4434,5.6337,4.754,5.9209,4.1907,4.9108,3.2705,5.466,5.0863,5.963,5.4797,5.9842,5.1943,5.037,3.6225,5.4334,5.6227,5.509,4.6255,5.2884,4.976,5.9017
1907,4.4534,4.5217,4.2933,3.9564,4.6751,4.5719,4.5384,5.1908,4.5115,4.6643,4.1936,4.1187,4.0517,3.2127,4.5191,4.6418,4.5373,5.0354,4.7417,5.0005,4.1929,3.651,4.6002,5.0704,4.2713,4.8137,4.7531,3.9589,5.0682
1908,4.576,5.1074,4.9476,4.5565,5.3955,4.3462,4.7708,5.8423,5.1116,4.0107,4.9982,4.1246,4.3058,3.401,4.8667,5.002,4.7961,5.0985,4.74,4.7533,5.5694,3.6972,4.3193,4.5992,5.1496,4.0956,4.9354,4.8671,5.9131
1909,4.2883,4.4378,3.8684,3.4127,4.5223,4.9799,4.2465,5.6362,4.7303,4.0704,4.2984,3.8149,4.4226,2.582,4.516,4.8242,4.1029,4.0044,5.3238,4.4294,3.9917,3.2303,4.5261,4.4022,4.1086,4.3255,4.8787,4.197,4.9817
2001,3.5138,2.4626,2.8075,2.9825,2.6946,3.0679,2.7183,2.8271,2.7857,4.1687,3.072,2.3231,3.1968,1.6972,2.5679,3.029,2.7124,3.2059,2.4254,2.5441,3.1235,2.7611,2.5433,2.6715,3.1735,2.569,2.4226,2.1179,2.6084
2002,3.6021,2.7196,2.8155,3.2736,2.9888,3.1678,2.8484,2.7411,3.0482,3.137,3.5928,2.6442,4.2226,1.7841,2.6062,3.3987,2.7212,3.8099,2.6553,3.0467,3.3613,3.5359,3.2059,3.1564,3.3627,3.1035,2.6556,2.7811,3.0957
2003,3.9347,3.1913,3.109,3.1012,2.2455,3.1259,2.4536,3.182,2.7428,4.0671,3.1848,2.6588,3.2737,1.3513,2.579,3.8029,2.5028,3.3527,3.013,3.2611,3.541,2.8148,2.9138,2.5205,3.1098,2.8093,2.8044,2.294,2.7348
2004,4.2901,2.8869,3.0678,3.2084,3.3501,3.8409,3.0431,3.216,3.735,3.0746,4.381,2.6733,4.1761,1.4634,3.4468,3.7449,3.6534,4.7085,3.1348,3.4055,3.6182,3.8711,3.3661,3.5334,3.6286,3.5306,3.771,2.7092,3.6041
2101,4.1286,3.1695,4.6288,2.2112,2.6422,3.7067,2.5519,2.8152,2.6277,3.1235,3.0283,2.819,3.5021,1.1245,3.8586,3.658,3.1159,3.7975,2.1137,3.5945,3.7221,3.3299,3.2901,2.1052,2.6425,3.1976,3.0675,2.8477,2.3229
2102,4.755,2.7759,4.6602,2.4113,3.1849,3.5381,2.962,3.5644,2.6322,4.3058,3.2322,3.0389,3.626,0.75928,4.3049,3.9456,3.1711,4.3782,2.4607,3.3891,2.8893,3.0637,3.3483,2.2265,3.1301,4.0716,3.0144,2.9005,3.973
2103,4.4087,2.8574,4.414,2.9507,2.7009,3.2255,2.2247,4.1688,2.5606,4.2687,2.7193,3.0925,2.8611,1.7932,3.9067,3.9963,2.8324,5.2281,2.4483,3.3362,3.5039,2.5017,3.7091,1.9019,3.2407,3.5697,2.7706,2.7807,3.6484
2104,5.5072,2.5998,3.8242,2.8003,3.328,3.0874,2.6258,3.7111,2.7344,4.7004,3.0638,2.7144,2.9499,1.3478,3.9032,3.8133,3.5513,5.3003,2.3942,4.0193,3.2517,3.3863,3.7299,1.8052,3.9505,3.4767,3.4697,2.8724,4.1533
2105,5.0669,3.3243,4.3167,3.1672,3.1789,3.6681,3.1079,3.2689,3.3189,3.9911,3.1135,3.4147,3.2738,1.2298,5.0135,4.6715,4.09,4.7219,2.5631,3.6096,4.0245,3.7978,3.4839,2.3762,3.4277,3.7864,3.8292,3.3098,4.3713
2106,4.2503,3.168,4.7259,2.9925,3.1908,4.1036,2.9051,3.8842,2.608,4.0287,2.9963,3.3253,3.2528,1.4731,4.2106,3.2847,3.0922,4.2887,2.683,3.4498,4.3821,3.1152,4.0098,2.6952,2.8368,3.6801,3.5262,3.1506,2.858
2107,5.1851,2.9747,4.7948,3.2946,3.608,4.1475,3.4152,3.676,3.0022,4.3146,3.4035,3.763,3.7636,1.2923,5.3293,4.4189,3.7227,4.7735,2.6273,3.5913,3.5934,3.7378,4.6733,2.6115,3.571,3.7671,3.7856,3.0541,3.5858
2108,4.7029,2.9162,5.135,2.6831,1.82,3.2159,1.8737,4.1656,2.5825,4.609,2.8361,2.7966,2.8202,1.2502,3.5201,3.9316,3.7264,6.5349,3.5766,3.1738,2.996,2.4071,3.3266,1.732,3.3717,3.2448,3.3949,2.1871,3.4045
2109,5.9579,2.9366,5.8594,2.1179,2.3469,3.4869,2.7043,4.352,3.1574,5.6624,3.5807,3.1744,3.8522,1.3368,3.0537,3.3683,5.1036,5.4211,2.7777,4.1483,3.5421,3.23,3.0484,2.1767,4.0013,3.3074,3.8727,2.7747,4.0263
2110,3.8901,2.4899,4.5858,2.5784,2.7658,3.7752,3.0079,3.3072,2.3776,3.7436,3.6077,2.4938,3.6356,0,2.9832,3.3265,2.5578,3.8131,2.2823,3.0254,3.1296,3.2154,3.2115,2.1107,2.4311,3.1533,2.4251,2.5976,2.6185
2202,5.5678,7.2252,8.3905,6.8,4.6232,8.4531,9.0864,14.756,3.4867,7.3078,8.9941,8.1161,10.691,1.3403,3.0979,5.4046,2.7512,9.4906,6.881,5.7668,5.3694,6.7068,8.6445,7.7015,7.9887,5.0799,5.1013,7.7658,6.048
2203,5.6462,14.28,11.593,6.286,4.9666,8.203,9.6918,18.851,3.1831,10.059,10.722,10.426,10.793,0,2.9052,4.5885,3.2542,8.041,8.4026,7.1509,4.987,7.7283,7.1991,3.9643,6.8129,4.6642,6.5649,7.1798,6.8634
2205,5.5831,9.9707,8.141,8.9772,6.9099,6.9747,9.9219,7.4979,5.5319,9.7458,7.2591,7.6039,18.064,0.76909,5.9403,4.1629,4.5229,8.564,7.5735,5.724,13.157,9.9181,6.9173,7.48,5.4974,4.4987,6.7593,7.3548,9.318
2206,5.757,6.0184,6.7088,7.2789,5.7911,4.2343,5.9428,3.3345,6.7457,8.4787,5.8937,6.9876,9.1404,0.88635,6.6337,3.5791,2.7868,7.3627,8.2063,6.7294,15.561,9.2671,6.9832,6.8574,3.2033,4.5493,6.948,6.2833,6.7533
2207,5.2023,6.2052,10.966,6.3368,5.0306,8.3445,9.2916,10.354,3.899,7.499,8.7075,7.3701,14.127,2.1014,2.6346,4.4158,3.7303,8.0553,7.502,4.7206,10.037,7.4533,8.1868,9.435,6.603,4.4695,6.3392,6.976,6.4157
2208,6.0744,6.7106,6.414,4.5701,4.1968,7.7167,8.0167,15.122,4.025,5.7374,6.3295,5.3937,8.1663,1.5441,1.8941,4.1235,3.613,5.3384,4.1577,4.8152,4.4433,4.4376,6.6538,4.4946,5.7089,4.598,5.2001,6.8175,8.2786
2209,4.88,6.4185,12.391,6.1052,4.0098,9.5659,11.521,19.225,4.8109,9.8351,11.272,10.497,9.2368,1.3804,1.922,4.7418,3.7354,8.3396,7.2923,7.9882,3.7054,7.8802,9.7404,5.3799,5.8055,3.5832,6.5709,7.0564,6.378
2301,5.3336,5.1856,4.6704,4.4081,4.7228,5.1977,4.7123,5.385,4.987,4.0146,5.4228,3.9609,5.2593,2.7714,4.3235,5.5302,4.7761,5.4736,5.6438,5.0421,5.4548,3.8834,4.1807,4.7298,5.3192,4.4185,4.9316,3.7197,5.1778
2302,4.5582,4.5638,4.0035,3.7523,4.1995,4.5977,4.1945,4.2845,4.4376,3.8343,4.4129,3.4641,4.6173,3.2261,3.7001,4.2912,4.405,4.9609,4.1855,3.9587,4.1679,3.2785,3.433,4.1364,5.0339,3.2423,4.4902,3.4013,4.1167
2303,5.2796,3.8372,3.713,3.8517,4.1305,5.1712,4.1258,4.4741,3.9877,3.1767,5.1141,3.3104,3.8156,1.4226,3.9625,4.745,3.9569,5.3178,4.6573,4.0732,4,3.8236,3.7585,4.0512,4.4882,4.2048,4.4644,2.8146,4.0454
2304,5.1712,5.5281,4.8606,4.3944,4.5198,4.7338,4.8858,5.6119,5.5246,4.066,5.2693,4.0584,4.8971,2.9963,4.5166,4.9334,4.923,5.0745,4.8604,4.8872,4.9118,3.3158,4.3827,4.6416,5.4391,4.1533,4.5424,3.7787,4.6886
2305,5.358,5.3395,5.0188,4.3521,4.4379,4.5747,4.887,5.4199,5.3251,3.8172,5.0478,3.7625,4.6319,2.5166,4.707,5.5703,4.6831,5.1514,5.0738,4.9792,4.7862,3.5704,4.6278,4.9576,5.2568,4.2363,4.638,3.8764,4.8323
2306,5.2785,3.6213,3.4723,3.8292,4.4625,4.606,4.0261,3.7868,3.9491,2.8991,4.8821,3.4443,4.3758,1.6155,3.6888,4.0423,4.0865,5.1421,3.816,3.8695,3.7926,4.3211,3.511,3.5116,4.1724,4.4392,4.1874,2.6005,3.831
2308,4.8095,5.2189,4.4264,3.8446,4.1278,4.1381,4.3592,4.718,5.0869,3.7713,4.5711,3.6343,4.1836,2.0992,3.9357,4.7153,4.4531,4.6503,4.8582,4.3741,4.4183,3.1486,3.8233,4.3774,4.6663,3.9217,4.2127,3.8525,4.451
2309,5.3952,4.3326,4.1369,4.037,4.1042,4.7795,4.443,4.8743,4.6197,3.6272,4.94,3.3817,4.4284,1.8629,4.1304,5.3852,4.3442,5.0684,5.0943,4.2507,4.4304,3.7961,4.3295,4.9546,4.9104,4.0713,4.2044,3.6326,4.4587
2310,5.4142,4.788,4.4052,4.4395,4.5331,5.1416,4.7174,5.2154,4.7386,3.6534,5.446,3.8006,4.8539,1.9825,4.0298,5.6402,4.4168,5.5247,5.5265,4.8423,4.9526,4.221,4.2031,4.7659,5.0836,4.289,5.0641,3.5241,4.8349
2311,4.0943,4.2807,3.7986,3.5519,3.5399,3.9805,3.8437,3.7309,3.9401,3.7211,4.1979,3.2281,3.9804,2.9076,4.0103,3.6823,4.0308,4.5823,3.5709,3.9533,3.8515,2.7785,3.5426,3.9928,4.4233,3.2108,4.2385,2.9455,3.4555
2312,4.8849,4.1158,3.7622,3.9603,4.6242,4.917,3.9499,4.5385,4.388,3.2365,5.3624,3.7767,5.0131,1.6,3.9417,4.8378,4.124,4.9732,4.843,4.5254,4.884,3.9116,3.8317,3.849,4.6955,3.9814,4.2292,3.0524,4.5761
2313,5.663,3.9915,4.1126,4.0892,4.232,5.246,4.381,4.9856,4.3691,3.5885,5.175,3.5916,4.1589,1.6316,4.1819,5.408,4.1826,5.2176,5.2471,4.4501,4.4439,3.8536,4.142,4.5941,4.9279,4.3814,4.2966,3.079,4.4741
2315,5.4938,5.2401,4.4675,4.5527,4.6198,4.7405,4.5804,5.3582,5.5539,3.4655,5.0546,3.7122,4.7633,2.2482,4.3208,5.701,4.7366,5.6054,5.598,4.6184,4.9942,3.9297,4.6699,5.6149,5.244,4.3206,4.3651,4.1591,4.8493
2401,5.8169,5.4364,5.5543,5.4891,4.853,4.8451,5.3086,4.3659,5.1947,6.8659,5.9768,6.2106,5.0132,5.5033,4.6877,5.9946,5.2427,6.2682,5.7682,4.0686,5.7884,4.4025,5.3191,4.9429,5.9356,5.4271,5.308,5.2343,5.1631
2402,5.3861,6.1053,5.8437,5.0119,4.7392,5.4199,5.8213,5.4413,5.4483,6.2422,5.7481,5.8592,6.0506,5.2396,5.5076,5.918,5.4532,5.9333,5.4584,4.9588,5.4987,5.5407,5.6168,5.9009,5.7892,5.713,6.2619,4.993,5.4365
2403,5.1723,5.5335,5.337,4.9817,4.6391,5.2716,5.9069,5.2452,5.3082,6.1801,6.0565,5.6587,5.5372,4.8455,5.055,5.4429,5.5954,5.9182,6.0981,4.2941,5.2055,4.7281,5.3098,5.5818,5.4182,5.7713,5.8214,4.9206,5.1666
2404,5.2065,5.8047,5.5595,4.8442,4.7612,5.2102,5.6421,5.3582,5.2644,6.1105,5.9653,5.6519,5.8811,5.3468,5.2207,5.45,5.3539,5.7856,5.502,4.6379,5.2987,5.2295,5.4478,5.9268,5.6404,5.6435,6.1223,4.8382,5.1782
2405,4.8214,5.1735,5.0247,4.9205,3.7795,4.6392,4.7815,4.5442,4.6504,6.2059,5.1713,5.2367,5.0259,5.6955,5.5727,5.2693,4.9095,5.3567,5.4385,4.2653,4.9008,3.4511,4.8365,4.9854,4.4651,4.6856,5.1423,5.0028,4.963
2406,5.2696,5.5405,6.695,5.7389,4.5347,5.5886,6.0719,5.0948,5.404,6.2167,5.7993,5.5152,5.0942,5.3422,5.536,6.0061,6.001,6.0568,6.4304,4.4931,5.1595,4.4456,5.762,5.9217,5.3244,6.2875,5.6475,5.1009,5.376
2407,5.4368,5.9654,5.7663,4.9134,4.6775,5.7251,6.3354,5.6264,5.6705,6.2666,6.2716,6.152,5.7835,5.2247,5.4866,6.2751,5.9212,6.436,6.482,4.3952,5.6343,5.1584,5.7772,5.8209,5.6891,6.346,6.4027,5.1792,6.0301
2408,5.0667,4.7537,4.6681,4.9424,4.3331,4.7665,4.5773,4.0696,4.4702,5.9619,5.3999,4.8128,4.4735,4.3756,5.0014,5.5739,4.6636,5.5161,5.3759,3.5465,4.7559,3.6233,4.289,4.2279,4.4696,5.0761,4.4782,4.5294,4.759
2409,4.7928,5.2972,5.8102,5.0515,4.1821,5.1212,5.6959,5.1222,4.6305,6.169,5.4781,5.3238,5.1373,5.2739,5.2369,5.3838,5.8605,5.5804,5.1667,4.3371,5.0513,3.899,5.8283,5.2814,4.7965,5.269,5.4669,4.95,4.7369
2410,5.5978,6.6512,5.9601,5.8839,4.7543,5.7864,6.2371,5.3791,5.8448,6.8837,6.0564,5.7651,5.2756,4.7054,5.5313,6.9509,5.8417,6.426,6.3053,4.7486,5.4246,5.0086,5.4737,5.7737,4.9282,6.0054,5.9312,5.2515,5.5477
2411,4.9857,5.7124,5.9693,5.2772,4.3431,5.1034,5.4322,4.8506,5.2119,5.8751,5.5226,5.3971,4.5611,4.3936,4.8413,5.8931,5.3844,5.6457,5.8141,4.366,4.6605,4.1348,5.0615,5.3741,4.8163,5.2529,5.1343,4.7028,5.2716
2501,4.2365,4.7804,4.0792,4.0161,4.2099,4.6189,4.516,5.2018,4.7843,3.7283,5.194,3.5029,4.2787,2.4477,4.561,5.0556,4.9728,5.251,5.0597,4.905,4.1612,3.3992,4.2177,5.1176,4.7769,4.2896,4.456,4.1263,4.8537
2502,4.6547,5.2361,4.4957,4.1529,4.8883,4.3245,4.7582,5.15,5.3,3.5559,4.9978,3.6685,4.1107,2.326,4.523,5.015,4.7836,5.1771,4.8563,4.5896,4.8793,3.2098,4.3399,4.5898,5.2068,4.1945,4.3763,4.519,5.2005
2503,4.4079,4.5376,4.136,3.8117,4.1764,4.5102,4.3864,5.0366,5.0023,3.9679,5.1434,3.4437,4.2334,2.5053,4.55,4.8528,4.8079,4.9965,5.2095,4.6214,4.218,3.7406,4.2701,4.9881,4.536,4.2039,4.4775,3.9696,4.7061
2504,5.3817,5.3965,4.1947,4.3973,4.2896,4.9433,4.708,5.1531,5.5958,3.2269,5.0144,3.536,4.7643,1.9644,4.0633,5.4782,4.9199,5.1585,5.5393,4.67,4.9915,3.5971,4.5185,5.181,4.8372,4.1529,4.4,3.9746,4.5766
2601,4.8724,4.0122,5.6373,4.5219,3.5379,6.0012,5.716,8.5727,3.573,4.443,5.982,4.4527,5.7072,2.9203,2.4184,3.4338,3.055,6.2862,3.8298,4.8322,4.1344,4.9165,4.931,5.4083,4.7286,3.983,4.8903,4.9263,6.3465
2602,5.1831,7.1872,6.6124,6.2496,4.819,7.0224,6.2077,6.3372,5.2926,5.986,6.5045,5.6791,12.236,1.6282,3.8653,3.241,2.146,7.7737,6.1999,5.5877,4.8636,7.4565,6.273,7.368,5.6255,3.4995,5.6668,7.6886,7.4227
2603,6.0876,5.4577,9.2969,5.378,4.745,7.8828,6.3525,8.2291,3.4026,5.1657,6.4237,4.8759,11.376,3.8882,2.8665,3.9024,2.4892,8.5583,5.0846,4.3637,4.1685,6.7227,6.9117,4.868,5.9978,5.2147,4.9531,6.6821,7.095
2604,5.0094,5.6958,7.425,6.9086,6.689,7.6164,9.1114,7.5789,5.0265,9.0058,7.9662,6.3274,14.637,1.6807,3.8299,3.4928,3.8801,6.6672,6.1803,4.8287,10.202,8.7847,7.2922,6.7312,5.4342,3.9503,6.239,6.981,5.7665
2701,4.1623,4.6634,4.297,4.3679,4.7761,4.2531,4.7552,4.9078,4.5674,4.3329,3.8493,4.3672,4.1091,3.5669,4.2236,4.3367,4.7292,5.1557,4.1272,4.2944,4.5587,3.7794,4.1052,4.5546,4.1469,4.2248,4.5458,4.7418,4.9328
2702,4.083,5.3787,4.7668,4.674,4.7667,5.4026,5.2866,4.7631,4.9401,4.9322,3.3654,4.8728,3.7372,4.0905,4.9697,4.3644,5.3319,5.103,4.5192,4.4668,4.3659,4.1083,4.3806,4.6333,4.8626,4.3204,4.3922,4.6058,5.623
2703,4.3473,4.9708,4.4874,4.566,5.2857,4.0481,4.3863,5.4668,4.8992,4.1315,4.2499,4.2561,4.0089,3.3317,4.4838,4.6007,4.781,5.2276,4.6909,4.536,5.0792,3.6894,3.987,4.2602,4.7193,3.9241,4.5667,4.7065,5.6658
2704,3.7082,4.4724,4.106,3.7413,4.6181,4.0439,4.5153,4.3337,4.2891,4.0189,3.4228,4.0241,3.7168,3.1936,4.0136,3.9065,4.4335,4.8205,3.7106,3.9532,3.9519,3.5286,3.9639,4.3982,3.69,3.943,3.9284,4.4253,4.7866
2706,4.07,4.9904,4.2843,4.2391,4.5608,5.0549,5.2802,4.5693,4.8326,5.1374,3.2388,4.6183,3.3489,4.0823,4.887,4.3595,5.5129,4.9446,4.2521,4.77,4.3856,3.9588,4.5693,4.8531,4.802,4.2797,4.4121,4.3309,5.5586
2707,9.2659,7.3764,12.599,6.3479,10.059,9.7481,9.5697,10.277,9.4392,12.564,10.494,7.5582,10.797,4.3973,6.0724,8.9797,10.694,13.4,8.4062,10.484,8.1646,6.522,8.1451,4.3634,8.8756,9.5688,7.7659,9.1527,8.2911
2708,5.0039,5.5923,5.2367,4.9973,5.7493,4.651,5.5361,6.0541,5.2706,4.7484,4.6368,5.4684,4.8779,4.4154,4.9355,5.2287,5.1532,6.0738,4.2562,5.036,4.7114,4.4698,4.471,4.8976,5.3448,4.8352,4.9976,5.0936,5.6853
2709,4.1278,4.6226,4.3286,4.373,4.9175,4.5076,4.7257,5.1268,4.8237,4.3887,4.0453,4.4354,4.0282,3.7186,4.1078,4.6551,4.8766,5.2395,4.4502,4.621,4.9278,3.775,3.9695,4.8127,4.1158,4.3583,4.7403,4.7303,4.9094
2710,3.8451,4.9409,4.4109,4.2542,4.9909,4.8974,4.8495,4.7934,4.4422,4.8068,3.5635,4.5355,3.5884,3.7714,4.5456,4.0604,4.9484,5.2881,4.0913,4.318,4.1911,3.9548,4.2641,4.4871,4.2898,4.0696,4.436,4.43,5.2952
2801,4.7259,2.756,2.9739,3.3827,3.4592,3.8173,3.5152,3.6274,3.8571,3.3699,4.3598,2.7755,3.4729,1.625,3.7625,3.9433,3.8038,4.7338,3.7595,3.3258,3.5002,3.8629,3.9423,2.9018,3.5581,3.7303,3.7313,3.1136,3.8204
2903,5.1848,2.9273,4.8671,3.2617,3.7078,4.6592,4.0844,4.6594,3.1825,4.4634,4.3141,3.6787,4.4304,2.1581,2.7606,3.932,3.6291,4.1767,3.4753,3.5291,3.5952,3.3287,4.2884,2.9576,2.9157,4.4727,3.1209,3.7036,3.4703
2911,5.0072,3.8244,5.254,3.5282,3.4476,5.5001,3.1278,3.2932,3.3315,4.7438,3.8343,3.3375,4.4373,1.7162,4.1494,4.1421,3.7128,4.6081,3.3067,3.9061,3.8443,3.3668,3.4428,2.9953,3.1776,3.2675,2.6957,3.0068,2.3803
2912,5.0923,3.4628,4.7457,3.7572,3.9428,5.1809,4.6418,4.5278,3.1796,4.6022,4.4373,4.0903,5.4236,2.5822,3.1054,4.921,3.6433,4.2693,4.0476,4.0715,4.5159,3.7491,4.1654,3.7619,3.3287,4.0735,3.6269,3.445,3.7643
2921,5.1403,4.2283,4.9384,3.0811,3.9814,5.987,5.2249,4.1346,4.058,4.1034,5.7732,3.3465,5.2135,1.9393,3.5958,3.5295,3.1003,5.5233,3.9126,3.2666,2.7337,3.8663,3.2785,2.0094,3.515,3.955,3.2127,4.8018,3.8885
2926,5.4107,2.595,5.0333,3.1486,4.0809,5.0483,4.6149,4.2026,3.5208,4.4287,5.3006,3.9758,4.5293,1.3422,2.7877,3.2703,2.974,4.2451,4.1692,3.6797,3.7274,3.3298,3.3892,2.8854,3.0428,4.0571,4.1187,3.2894,3.6086
2930,5.2767,3.8721,5.5301,3.59,4.0748,4.8864,3.8497,4.7496,2.7718,4.6543,4.2829,3.2117,4.9893,2.5674,3.2589,5.4579,3.7474,4.6731,3.7465,3.4284,3.8708,3.6308,4.1066,3.0336,2.9414,4.3371,3.2118,3.8469,3.4594
3004,6.0728,5.4285,6.1955,4.1272,5.3654,5.2594,5.5211,4.6599,4.3725,4.7759,4.7617,4.5289,7.4248,2.3509,4.9872,4.4784,4.7538,5.3315,4.6851,4.8857,4.3121,3.5676,4.9786,3.7723,4.2073,4.3173,4.3947,4.336,4.2064
3005,5.3959,5.1288,5.3076,4.1988,3.5618,4.8726,4.5731,5.129,4.0557,4.6852,4.6528,4.2175,6.4429,2.0442,4.1177,3.9946,5.0297,5.0055,4.565,4.3793,4.8067,3.4855,4.4739,4.0389,3.7174,4.2866,3.7186,4.2651,3.7338
3006,5.4954,5.4914,5.2089,3.5767,3.8697,4.5114,4.7855,4.5144,3.6892,4.3899,3.6438,4.7104,5.8712,1.9826,5.3728,3.6675,4.3618,5.1288,4.4413,3.9043,4.7815,4.4049,4.7236,3.0185,3.0202,3.941,4.0222,3.4748,4.1095
3007,4.3575,4.692,4.3662,3.761,4.5927,5.1572,4.8544,4.8878,4.6017,4.0566,5.0089,5.1789,5.3395,3.1849,3.9943,5.6999,5.4888,5.704,4.7835,4.132,5.6441,3.0535,5.0399,5.4038,5.4846,4.135,4.4901,4.4175,4.284
3008,5.1583,4.3127,4.5703,3.9205,3.2289,4.1076,3.9912,4.5376,3.3478,4.6929,4.0128,3.2459,5.0739,2.0235,3.3716,3.5867,4.0766,4.6118,4.3359,4.1942,4.1821,2.9447,3.8457,3.695,4.3521,4.3804,4.0549,3.4318,3.5372
3013,4.6651,4.4066,4.6865,3.9291,3.8514,4.8516,5.0081,4.9473,4.0923,4.3593,4.8448,4.7326,5.6586,3.0753,3.9539,4.987,5.062,5.6327,4.9642,4.0566,5.5128,2.9638,4.4565,4.8983,5.2166,4.5822,4.655,4.6119,4.5421
3014,5.2935,4.7841,4.4239,3.7753,3.3446,4.1831,4.2011,4.6893,3.6917,4.4566,4.3786,3.4511,5.2594,2.2087,3.7197,3.2253,4.1576,4.7977,4.5895,3.899,4.415,3.4719,3.6866,3.5989,3.606,4.4944,3.6049,3.8438,3.3181
3015,5.4633,4.9801,5.7308,4.1427,3.7864,5.6875,4.111,3.9357,4.1332,5.0563,4.4874,3.5699,5.683,1.6472,4.6381,4.2043,4.4102,5.0586,3.8146,4.752,4.7965,3.3952,4.0696,3.5831,3.6243,3.9336,3.584,3.6488,3.09
3016,4.096,4.7426,4.6243,3.8374,3.571,4.493,4.1234,4.4382,4.0516,3.8575,4.2078,4.3691,4.7426,2.6329,4.1555,3.9195,4.7134,4.7443,4.164,3.8482,4.8962,4.0373,4.2055,3.6359,3.8093,4.5448,3.7838,3.5962,4.0309
3017,5.1492,5.1399,4.7636,3.9439,3.2284,3.9573,4.0182,5.1009,3.6684,4.6456,4.4433,4.1233,5.4021,2.1943,3.4297,3.6658,4.5829,4.8369,4.984,3.7219,4.6796,3.3152,3.7606,3.7824,4.3155,4.3846,3.7698,3.7397,3.7279
3018,4.8335,4.7595,5.0987,4.5251,4.0645,5.1478,4.7871,5.4659,4.7474,5.2578,5.6624,4.8217,5.7561,3.2906,4.2406,4.7582,5.1235,5.5987,5.2311,4.3152,5.3885,3.6866,4.8036,4.6096,5.0853,5.155,4.7602,4.4165,4.6696
3019,6.5694,4.6933,5.2049,4.3951,5.0494,5.3886,4.8058,4.2722,3.8433,4.4378,4.3311,3.8773,6.3473,1.6614,4.813,5.4207,4.2072,4.7186,4.5179,5.0127,4.0672,3.0678,5.0955,4.0017,3.8383,4.1768,3.5008,4.1036,3.829
3020,4.8542,5.4415,5.4791,3.9294,4.2596,4.9297,4.5483,4.2571,4.3407,3.5736,4.292,4.9023,5.9366,2.5886,6.1085,4.444,5.0617,6.1218,5.4861,4.5573,5.075,4.0069,4.6652,3.3684,3.6936,5.3848,3.8897,3.6824,4.2669
3022,4.8358,5.3039,4.9552,4.0206,3.5188,4.4781,4.745,4.6731,3.7709,4.1476,4.1505,4.551,6.3866,2.6239,4.3094,4.0108,5.0074,5.161,4.0242,4.0826,5.3118,3.8573,4.5962,3.7229,3.7185,4.7077,3.708,3.8872,4.7361
3023,5.2421,3.651,4.4467,3.2469,2.7068,4.4783,3.3379,4.8152,3.0325,4.8216,4.0172,3.4456,4.1327,1.4556,3.8004,3.5819,4.0029,4.5543,3.966,4.609,4.2564,4.0031,3.0484,3.158,3.8655,4.1424,4.0303,3.2209,4.0405
3027,6.2171,5.7232,5.2372,4.6318,4.6828,5.2742,4.9344,4.3815,4.0713,4.9784,5.2364,3.8677,5.9001,1.4297,4.6744,4.7078,5.2849,5.2947,4.1638,4.033,4.2642,3.2843,5.4368,4.0934,3.9422,4.1256,3.8856,4.3877,3.6666
3028,4.2087,4.4282,4.3123,3.9447,4.243,4.5917,4.3804,4.4408,4.4214,3.465,4.8766,4.6442,4.8518,2.804,4.2267,4.3961,4.8007,5.453,4.2361,3.8519,5.0244,3.279,4.1257,4.4005,4.7794,4.743,3.8945,4.1907,4.0087
3031,5.6791,4.3931,4.5,3.4334,2.8253,4.6817,3.8836,4.6078,3.3523,4.8755,4.2039,3.5678,5.4928,1.5298,4.064,3.5342,4.025,4.4248,4.7133,4.3744,4.3645,3.3543,3.3139,3.732,3.7836,4.2182,3.739,3.4111,3.5201
3101,4.113,3.8052,4.5113,3.6569,3.2971,4.1682,4.11,4.176,3.5283,3.6357,4.389,3.5999,4.7212,2.4751,2.9755,4.3173,4.2794,4.4205,4.2926,3.7342,4.46,2.16,3.871,3.7695,4.2065,3.9282,3.8302,3.3835,3.7327
3102,4.0329,4.1016,4.6288,3.7109,3.2961,4.5423,4.8321,4.6451,4.1369,4.0811,5.1228,4.5846,4.6138,3.4637,3.7578,4.9441,4.6905,4.7591,4.7212,3.8779,4.6558,3.0837,4.5256,4.5341,4.3207,4.15,4.2756,3.8331,3.9941
3109,3.8894,3.9305,4.2969,3.3082,3.2727,4.5789,4.5032,4.536,4.2564,3.6953,4.737,4.346,4.737,3.0794,3.8445,4.8334,4.6533,4.3464,4.651,3.9291,4.6119,2.6478,3.8557,4.8398,4.156,4.2139,4.2168,4.1891,3.9118
3124,3.8806,3.9411,3.9911,3.5247,2.5899,3.8787,3.6972,4.095,3.4976,4.1736,4.609,3.3663,3.6553,2.3431,3.0313,4.1375,4.0744,3.9884,3.8061,3.2404,4.011,2.5702,3.8485,3.7999,3.8846,3.5313,3.367,2.8512,3.6329
3125,3.8936,4.2227,4.3208,3.9796,3.2397,4.5485,4.9705,4.4528,3.9806,4.6035,4.7231,4.4691,4.3957,3.4962,3.7653,4.6478,4.5389,4.5946,4.1102,3.8218,4.2677,3.2998,4.6734,4.3805,4.4469,4.2011,4.4911,3.785,3.8358
3129,4.124,4.3138,4.4658,3.5191,3.7847,4.6617,4.8055,4.5695,4.1038,3.9036,4.6769,4.2568,4.996,2.9466,3.9509,4.8824,4.9557,4.761,4.722,4.3091,5.0238,2.6969,4.1566,5.2001,4.5363,4.1219,4.4849,4.3381,4.5058
