1,120.5,130.25,130,122,133,117.75,101.25,120.75,109,114.51,128.25,123.75,133.5,133.51,135.5,129.75,141.25,116,115.76,123.25,134.75,130.75,139,115,138.5,131.5,133,125.5,133,138.25
2,125,134,128,125,134,123,104,124,110,116,128,126,136,136,141,132,148,121,121,122,138,127,142,117,137,133,132,128,138,142
3,123.32,130.79,128.18,125,134.93,121.46,100.25,123.46,110.32,114.86,129.46,128.86,135.32,136.86,137.32,132.46,145.86,123.65,120.65,122.04,135.39,128.25,140.32,115.32,138.18,129.79,133.04,128.46,134.86,139.46
4,121,134,136,123,133,118,102,118,110,112,130,122,134,135,131,130,140,119,119,122,136,128,137,114,141,134,131,127,129,136
5,129,143,138,128,138,125,108,132,113,120,130,134,145,139,149,137,153,125,129,131,145,132,152,121,142,139,136,133,139,143
6,138,145,140,138,143,138,122,141,130,129,134,148,151,158,159,150,155,139,139,149,151,138,162,134,157,148,152,138,158,156
7,101,111,117,101,125,110,75,109,99,99,114,107,116,123,116,110,121,108,102,110,111,120,119,103,122,118,119,111,116,122
8,131,140,140,129,136,124,113,128,114,122,131,132,143,141,146,136,151,128,131,130,144,134,147,122,148,138,139,132,138,141
9,134,140,135,138,140,129,118,141,124,125,131,147,148,152,153,143,151,135,135,144,149,138,159,127,155,141,148,138,153,154
10,120,131,129,124,134,121,102,122,111,118,127,129,138,139,137,132,146,122,126,122,133,131,139,117,143,132,136,126,131,141
101,62,59,36,70,40,52,16,32,22,57,52,43,63,49,54,53,45,40,46,49,80,65,46,40,86,51,45,34,73,74
102,113,85,93,114,95,90,80,81,82,111,87,92,107,95,99,106,105,85,89,105,113,102,100,73,122,94,119,101,132,114
103,95,73,82,99,69,73,57,62,53,85,70,72,85,78,84,86,91,67,78,83,100,93,84,66,109,78,96,86,112,104
104,17,21,7,24,12,24,1,6,0,8,19,9,18,21,23,18,14,10,9,18,35,20,16,14,43,21,19,3,31,36
105,104,86,90,115,98,84,73,78,67,103,82,86,99,87,93,99,104,81,86,101,111,95,92,68,118,88,109,92,129,110
106,66,69,47,88,58,64,29,53,22,45,53,59,68,67,64,61,74,49,55,52,82,53,57,34,102,60,64,51,97,89
107,11,17,8,25,9,19,5,7,1,9,16,16,15,19,21,13,19,8,7,15,29,7,10,9,29,16,8,7,24,29
108,92,75,72,106,72,67,52,55,48,82,71,71,83,75,84,82,92,66,77,76,99,84,76,55,106,77,84,76,114,104
109,63,65,36,82,50,56,18,38,20,48,48,50,65,51,54,51,52,43,46,53,75,50,45,33,92,48,53,39,77,75
110,85,69,74,100,63,67,45,53,38,76,66,69,81,67,72,71,76,55,68,71,99,78,62,48,107,66,75,68,96,93
111,109,82,88,110,88,86,75,76,62,101,77,82,97,84,90,100,103,74,83,96,114,91,94,65,118,87,111,89,128,112
112,63,66,46,91,52,57,23,41,18,47,49,50,63,50,57,53,56,43,50,51,75,53,50,34,93,53,57,41,83,80
113,55,55,30,64,34,42,10,29,9,31,42,34,53,38,42,45,45,32,35,40,62,43,33,27,83,41,39,23,58,69
114,37,39,16,52,23,30,8,16,4,19,30,22,40,29,35,32,30,18,21,32,52,32,22,22,66,31,28,12,50,49
115,47,52,35,66,37,50,14,28,11,35,34,44,53,45,48,41,48,31,34,36,63,36,35,25,86,39,41,24,71,65
116,46,52,31,61,30,44,14,27,6,34,33,41,50,37,42,38,44,28,31,36,62,34,28,23,82,37,36,24,58,64
201,5,2,3,2,5,5,0,1,0,7,3,10,6,1,4,4,2,5,3,5,4,0,1,8,13,10,0,1,9,11
202,64,56,42,70,49,56,23,41,24,52,58,58,59,46,57,49,63,42,48,51,67,60,58,27,97,52,55,41,71,70
203,85.136,72.454,62.363,91.999,75.454,71.227,41.408,64.136,53.272,77.136,73.908,80.772,83.726,77.227,80.454,69.272,93.999,66.681,75.454,84.999,102.82,94.227,92.136,59.408,112.04,85.59,94.544,78.318,101.36,101.04
204,8.6466,6.251,5.1879,5.5428,6.6045,8.3548,1.021,2.8962,0.58345,7.3128,5.3759,7.7714,9.6466,6.209,7.9383,7.23,3.9383,5.4797,5.6466,5.7924,11.689,5.5217,4.6466,5.3338,15.043,8.7924,4.9593,1.7503,7.9593,13.272
205,3,0,3,1,5,7,0,1,0,6,3,4,6,5,7,3,1,3,2,2,9,2,2,4,10,8,0,0,6,10
206,83.037,73.158,61.003,87.795,79.486,72.641,37.176,60.399,49.538,74.969,72.554,79.727,80.607,71.761,75.641,73.089,88.882,67.089,70.882,78.089,96.124,81.037,82.641,54.418,112.55,80.365,88.78,67.935,95.882,93.882
207,29.493,31.404,21.216,43.691,25.979,37.791,13.415,20.117,10.128,28.216,30.879,33.266,27.681,29.266,30.879,27.454,35.067,21.503,24.166,27.691,47.354,24.493,31.305,19.128,51.344,35.315,27.78,21.741,44.354,48.305
208,123.87,116.28,113.92,134.08,123.92,114.51,98.309,106.51,102.62,136.49,107.49,134.75,131.1,116.1,119.51,120.33,137.26,115.57,124.69,131.49,142.46,121.1,127.69,112.51,156.23,128.1,156.08,128.1,143.46,140.44
209,1,0,0,0,1,1,0,0,0,1,0,3,1,0,1,0,0,1,1,0,0,0,0,1,4,1,0,0,0,1
210,5,2,3,2,5,3,0,1,0,5,3,4,6,2,3,2,0,3,2,1,8,1,3,0,7,6,1,0,4,7
211,125.83,117.97,123.68,135.54,131.82,124.25,108.4,113.1,121.95,135.4,117.12,139.39,139.69,122.26,126.12,132.25,137.7,132.95,125.83,135.4,146.83,130.4,128.83,121.68,148.13,133.54,154.83,134.69,145.98,141.55
212,99,80,84,101,79,86,65,75,66,97,84,99,106,91,92,91,101,75,89,93,113,99,93,70,123,91,111,86,115,117
213,137,132,134,146,146,134,115,130,138,151,126,160,146,135,138,145,148,148,143,147,155,143,145,136,161,147,172,145,158,148
214,88,77,68,94,82,78,37,65,51,76,78,83,85,78,84,70,96,72,82,87,109,91,91,57,113,92,91,74,100,107
215,3.5022,2.8018,3.5022,3.5022,4.2027,5.2027,0.70045,1.4009,0.70045,6.304,3.5022,6.304,4.9031,1.4009,5.6036,2.1013,3.5022,2.8018,2.8018,5.6036,7.0045,1.4009,1.4009,4.2027,9.8063,5.6036,0.70045,2.1013,7.0045,9.1058
302,54,57,18,66,53,44,21,43,22,55,64,45,65,58,64,55,51,33,43,46,69,39,39,28,68,41,39,27,65,69
303,77,77,54,79,84,83,52,77,73,77,81,82,104,95,92,96,99,84,83,85,102,80,87,67,97,83,84,82,94,93
305,45,41,17,64,51,51,26,41,42,55,53,48,58,63,64,53,52,40,42,48,66,32,49,28,60,46,42,43,57,64
306,80,81,68,84,91,87,58,84,85,79,88,84,108,102,98,98,106,88,89,91,103,93,100,81,100,86,96,94,100,101
307,90,93,71,95,98,87,66,82,86,90,99,91,109,109,102,113,110,89,95,98,110,95,105,81,109,88,96,97,107,106
310,90,93,85,101,98,92,70,95,93,95,105,106,124,121,110,121,131,99,103,107,116,98,121,95,117,102,110,114,120,117
311,79,73,63,83,80,84,57,80,82,79,92,90,107,108,99,104,105,86,91,93,102,86,103,77,99,87,95,92,99,102
312,106,125,108,122,128,109,96,111,113,114,121,113,125,132,129,127,136,123,121,129,125,130,137,111,133,118,137,121,132,138
313,54,59,35,75,66,64,37,64,64,73,72,67,83,82,80,80,80,65,65,69,90,54,69,51,83,72,66,72,81,81
314,92,96,78,98,99,92,70,87,93,93,100,94,112,115,108,113,113,95,100,101,107,107,114,98,113,102,111,97,106,112
315,66.784,66.205,38.36,87.047,68.205,59.784,37.835,56.151,41.148,71.784,71.364,61.677,81.784,71.151,75.31,68.939,63.939,44.784,57.414,56.205,80.047,59.414,52.784,44.835,80.047,49.417,56.623,47.885,76.993,76.993
316,59,57,31,74,60,59,34,57,51,73,73,67,83,83,81,79,74,57,62,69,81,50,62,45,78,63,61,59,76,79
317,87,90,67,94,85,77,59,77,76,87,90,87,106,100,102,107,99,74,89,86,108,87,90,69,104,78,90,88,101,103
318,94,100,85,104,112,98,76,92,95,93,104,96,113,115,113,117,124,100,104,114,111,114,119,98,117,109,116,104,116,118
319,86,88,67,94,97,90,64,85,86,83,94,85,107,98,100,106,108,93,94,96,105,96,101,78,100,90,97,93,101,105
320,105,126,114,124,123,113,100,115,117,111,123,122,133,137,130,130,138,121,124,132,124,133,139,115,137,119,139,126,134,143
321,65,72,53,83,78,83,50,78,76,79,88,78,99,100,95,95,105,83,82,82,96,67,91,74,92,80,78,87,94,94
322,90,85,72,97,98,91,63,85,84,84,93,88,110,102,102,107,111,95,96,97,105,108,105,86,104,95,103,95,105,110
323,30,36,12,39,33,32,18,22,13,44,39,29,38,37,48,34,32,19,15,34,53,22,32,11,39,20,23,19,41,41
401,75,70,43,80,68,72,49,69,63,77,80,73,99,89,92,94,95,74,84,80,101,72,82,64,91,83,83,75,91,93
402,82,79,66,83,92,87,58,79,78,77,88,75,104,98,102,93,100,88,87,88,101,88,91,79,100,89,88,89,97,101
403,68.322,69.201,30.019,78.261,67.456,67.886,41.825,62.073,59.637,78.322,77.825,66.449,93.449,86.577,88.886,92.261,76.516,67.073,69.637,71.577,97.382,60.771,73.892,46.268,87.013,64.637,65.019,68.577,84.577,84.449
404,108,128,120,118,133,112,105,113,126,113,124,119,130,143,128,134,137,121,123,124,125,137,131,117,133,117,134,117,118,138
405,52,56,16,74,54,64,30,51,52,69,68,58,87,77,79,76,76,55,64,68,91,45,69,42,82,70,64,65,82,81
406,92.359,103.79,72.111,97.017,105.09,94.762,71.994,87.492,91.827,100.42,98.56,94.723,113.56,104.89,109.87,114.46,101.08,88.858,96.795,92.788,109.77,104.82,105.24,84.693,115.81,94.65,107.34,100.36,108.9,111.32
407,98,111,95,110,122,103,86,100,108,102,114,103,119,129,122,122,129,108,109,115,121,117,125,105,126,111,119,110,113,128
408,99,120,103,121,123,108,96,110,113,110,119,115,128,133,127,128,136,116,118,126,122,128,137,108,133,115,135,120,126,135
409,96,106,87,110,119,98,80,94,100,100,112,102,121,127,119,122,128,107,104,114,120,115,127,101,125,104,118,112,117,122
410,103,122,119,122,125,116,102,119,119,114,128,122,132,140,130,133,141,118,123,128,125,136,137,117,138,117,135,120,128,142
411,95,100,83,96,114,101,78,102,97,92,103,99,115,123,117,117,124,101,104,109,114,116,119,99,119,110,114,107,112,122
412,70,70,55,83,94,88,57,89,75,75,77,70,94,97,93,83,93,82,84,84,94,79,88,73,93,84,82,88,92,95
413,68,63,43,78,74,72,47,67,64,73,70,67,90,78,88,79,86,72,78,71,90,65,72,60,88,73,75,73,88,85
414,21,25,3,33,23,17,4,8,3,22,31,25,29,26,46,27,10,9,10,19,40,8,26,2,28,20,14,12,26,41
501,129.19,144.1,137.29,126.72,142.14,126.14,115.14,122.67,131.62,127.14,133.67,139.24,142.24,153.1,141.34,149.29,147.72,143.86,140.24,137.24,135.67,147.24,152.91,132.86,148.34,133.24,144.76,122.76,130.24,148.67
502,127,141,139,126,143,125,115,123,129,124,135,135,141,154,141,148,149,144,138,137,134,143,156,134,151,133,144,127,134,151
503,119,136,127,123,138,119,109,117,125,124,128,127,135,147,132,138,141,130,133,129,128,141,135,122,139,125,137,118,119,141
504,171,168,176,190,174,175,168,168,182,171,176,172,190,189,186,189,176,190,180,184,181,184,199,179,183,171,187,172,177,184
505,105,114,111,101,127,111,94,109,111,100,117,112,125,131,128,124,132,110,115,117,118,119,132,109,129,118,122,115,117,129
506,199,185,208,206,205,202,204,182,210,197,189,189,221,212,214,219,200,210,218,210,205,204,223,211,240,200,218,210,203,200
507,117,126,128,120,132,118,105,116,120,118,127,119,133,139,137,139,143,121,131,126,128,127,139,117,141,126,132,125,127,145
508,170,170,173,182,173,171,163,167,181,165,174,172,183,186,180,188,176,186,179,183,180,184,192,172,182,169,186,164,175,185
509,122.93,137.5,130.93,126.26,138.54,122.32,110.97,122.32,126.93,122.97,130.36,130.29,137.93,148.93,133.54,141.15,141.79,131.9,134.57,129.75,131.36,142.11,141.32,125.11,141.11,127.15,137.54,120.72,126.15,142.75
510,119,133,131,122,136,120,111,120,125,121,130,128,136,147,140,143,146,129,133,130,129,131,143,120,144,128,138,126,131,146
511,123,137,133,125,139,120,113,120,126,123,131,132,136,152,141,144,148,137,134,134,133,140,150,123,147,132,141,127,131,148
512,148,154,156,157,156,148,140,150,153,136,157,163,163,171,161,167,160,166,155,164,157,165,170,157,162,148,163,143,158,161
601,221,233,246,237,254,242,233,235,235,243,233,216,258,246,241,258,247,243,261,241,248,242,256,250,277,241,239,247,245,245
602,196,191,210,205,209,202,195,181,210,208,196,188,220,214,219,216,195,202,217,212,202,213,221,203,226,199,211,211,199,199
603,220.07,234.16,239.54,244.84,267.38,246.11,234.26,239.36,245.1,244.67,238.2,218.73,261.17,244.17,249,258.15,249.03,248.45,260.16,242.52,248.93,243.75,262.42,255.74,286.01,244.05,245.87,254.39,249.26,259.32
604,157,164,172,156,166,155,143,148,152,152,154,158,160,173,170,166,164,164,159,167,165,170,168,157,165,161,165,155,163,164
605,221,233,239,243,269,246,234,241,247,246,237,217,258,242,249,259,249,248,261,240,251,243,259,254,283,245,246,253,250,263
606,215.59,224.27,226.91,230.14,249.37,233.78,223.91,222.42,231.46,233.5,223.78,210.5,253.41,232.46,236.42,247.23,229.37,238.82,250.5,228.55,236.82,237.59,245.74,246.82,271.23,232.82,234.19,240.05,228.69,236.28
607,225,242,248,248,269,247,239,248,249,249,240,221,265,247,252,265,256,249,262,252,253,251,265,254,288,250,247,258,258,259
608,176,182,198,188,191,186,175,170,191,180,180,173,193,191,203,200,185,188,180,189,188,191,207,185,192,183,190,183,181,190
609,219.58,235.06,240.97,241.64,261.9,244.74,233.16,237.97,244.48,246.9,238.74,221.32,261.06,248.32,247.16,260.06,252.48,248.32,262.16,250.64,249.9,246.74,262.06,252.48,285.16,244.48,246,250.48,250.06,247.64
610,216.6,222.17,228.88,228.92,245.69,232.67,222.62,223.32,232.66,234.82,222.33,211.55,248.99,232.41,237.5,243.92,231.16,240.44,251.61,227.55,237.82,235.81,250.83,248.53,269.63,230.56,240.17,242.83,233.96,241.69
611,223,241,245,253,273,251,240,250,251,251,240,220,267,248,251,262,256,250,263,250,252,252,265,258,293,250,247,260,261,268
612,218,219,225.86,231.29,245.44,239.58,218.15,218.01,231.15,236.72,230.29,214,246.14,237.86,238.72,240.29,232.01,232.72,252.43,226.72,236.01,233.43,250.87,245.15,266.43,228.29,237.72,242.58,226.72,236.72
613,183.61,187.25,200.85,191.05,197.69,190.57,176.93,180.85,189.05,188.73,186.65,182.73,206.21,200.29,208.25,201.49,191.25,198.17,199.17,196.29,197.17,199.09,209.69,193.33,208.98,189.65,196.49,193.73,188.81,194.93
614,218,225,228,234,255,243,227,219,235,239,235,216,249,243,242,250,240,241,256,235,241,237,250,246,277,234,242,246,232,239
615,173,184,199,186,197,186,173,170,185,169,182,175,194,194,205,210,186,191,182,189,191,191,207,184,189,187,189,183,188,191
616,219,228,237,238,261,240,233,232,242,241,226,216,259,238,242,253,238,247,253,231,243,241,258,255,281,240,244,246,244,258
617,187,185,208,199,202,192,186,177,200,192,187,178,212,206,213,213,192,196,199,201,197,201,211,186,207,193,200,194,191,194
618,223,240,240,246,271,247,237,240,249,246,236,220,261,243,247,258,246,252,260,236,253,245,259,256,286,246,247,254,250,262
701,120,143,141,125,146,129,109,132,107,114,132,132,144,138,147,133,143,129,128,134,148,126,146,135,138,145,132,138,139,133
702,162,178,172,161,166,158,145,150,147,161,154,154,167,178,178,178,172,168,168,164,177,164,174,166,178,174,166,158,171,175
703,87,117,125,118,125,113,80,103,99,99,111,97,112,118,121,120,127,111,107,105,104,102,120,107,119,125,114,114,116,102
704,184,197,205,195,198,194,178,189,188,183,195,175,202,212,215,218,195,199,197,208,203,198,220,188,222,194,192,192,202,207
705,193,196,207,193,199,194,180,191,179,181,190,173,208,212,215,219,195,203,200,204,206,198,219,180,222,191,190,186,199,204
706,132,143,138,122,140,121,112,123,114,108,129,129,138,136,140,136,138,121,117,121,132,124,135,130,140,142,130,132,135,140
707,157.78,171.66,170.58,156.42,163.08,152.24,141.85,146.5,149.3,154.24,151.99,152.2,162.45,173.4,173.3,176.85,166.77,158.41,162.79,163.75,171.14,156.39,173.39,161.65,174.78,167.91,165.15,155.46,166.74,176.14
708,172,186,193,182,190,177,162,176,168,172,181,169,192,194,204,215,186,194,181,189,194,188,205,179,208,186,179,169,195,195
709,165,179,188,174,180,171,152,165,165,167,167,160,177,189,192,199,180,181,177,180,187,176,191,177,189,179,173,163,182,187
710,187,205,209,202,210,203,193,189,207,197,197,178,218,211,218,219,194,204,206,213,209,213,217,201,228,202,205,201,203,209
711,223.52,237.6,237.65,229.22,242.56,224.35,218.6,228.91,229.52,225.39,218.69,199.95,256.25,239.87,238.08,245.99,233.08,233,258.52,237.91,243.78,239.56,255.13,243.99,263.21,249.3,240.48,240.56,223.17,233.6
712,155,166,165,146,156,142,135,143,137,140,143,145,157,163,168,162,159,151,153,160,163,146,167,158,166,164,162,155,161,171
713,175.62,190.19,198.99,182.04,197.72,186.04,173.93,179.4,191.29,172.3,186.08,170.46,195.24,197.67,211.15,210.24,189.51,193.72,187.04,198.24,194.72,195.72,206.24,187.51,199.24,189.67,186.15,180.35,196.4,197.62
714,166,178,175,163,168,159,144,152,150,159,157,156,171,181,177,176,172,171,167,167,178,161,176,167,184,176,166,158,175,177
715,233,251,244,235,254,234,226,241,245,234,225,213,271,246,249,262,241,246,269,250,259,251,266,255,279,256,248,250,238,251
716,159,174,169,150,158,154,139,145,145,148,151,151,159,169,174,167,167,162,162,160,169,156,171,161,172,170,162,155,168,175
717,129,151,146,127,150,136,113,133,115,114,133,136,149,144,155,142,150,133,129,136,150,128,147,141,144,149,138,141,141,144
718,123.01,147.27,142.13,127.74,142.53,128.31,109.92,128.92,113.7,110.7,128.31,129.66,144.7,141.13,148.49,137.53,143.05,129.88,127.7,129.88,147.13,126.88,143.31,139.66,139.66,147.74,133.27,138.13,141.49,134.93
719,211,221,227,216,220,214,203,214,213,213,211,186,238,226,227,230,222,217,237,227,222,226,242,223,243,237,222,224,209,221
720,218,228,231,223,230,219,220,224,225,226,216,193,256,234,229,246,233,223,249,232,242,236,248,238,261,242,231,235,219,229
721,225,245,240,231,249,230,225,236,240,231,226,209,270,243,241,253,236,238,262,244,248,245,257,252,275,249,244,242,234,243
722,212,227,229,221,227,217,219,214,221,223,214,192,248,232,228,241,224,224,244,229,235,234,244,237,260,239,226,230,217,224
801,162.2,169.5,172.61,164.23,172.75,161.98,146.45,158.98,145.73,149.58,156.69,151.15,174.11,174.71,185.35,179.08,172.51,168.47,168.96,165.3,175.36,165.96,180.32,163.38,181.16,166.26,156.62,160.53,165.98,175.32
802,220.89,235.62,239.69,224.72,233.07,226.33,219.94,224.07,239.3,227.71,221.25,218.43,241.77,239.42,236.67,250.99,247,242.34,258.42,234.59,251.4,243.66,251.74,238.04,251.24,237.57,233.23,239.93,223.92,244.3
804,173.83,179.45,184.66,168.66,176.45,160.66,160.9,163.62,152.87,163.9,176.11,163.49,183.04,192.9,196.83,205.62,184.73,178.32,175.49,188.66,194.45,177.28,201.32,172.49,205.83,183.7,167.49,167.87,182.66,192.24
805,146.5,154.52,146.5,142.17,148.42,134.98,116.5,139.83,127.29,138.86,140.78,138.45,158.19,155.15,163.22,164.41,159.42,142.87,141.59,155.32,162.58,140.91,163.83,143.59,167.27,156.27,143.58,140.26,152.53,159.64
806,163,175,170,158,168,155,138,154,143,153,154,152,164,171,177,172,170,163,160,168,178,161,175,164,179,174,160,157,163,175
807,160,175,168,152,160,152,135,154,144,155,152,151,166,165,176,169,171,161,156,168,176,156,178,163,179,173,156,155,161,173
808,220,225,239,214,227,218,213,219,228,215,218,213,236,229,228,243,235,239,254,223,245,237,246,236,248,233,232,226,221,232
810,96,128,132,122,123,117,95,111,104,102,105,102,130,128,135,130,137,117,124,111,122,101,126,120,105,127,110,130,120,105
812,199,196,220,204,209,202,191,200,203,199,203,197,217,218,219,230,224,223,219,210,230,211,231,216,234,215,210,215,207,212
1001,166,175,182,165,177,162,153,156,163,164,165,176,180,181,185,199,180,189,173,192,191,171,199,170,195,182,169,169,179,186
1002,159,174,175,152,165,152,144,153,153,158,161,160,169,174,179,186,177,170,163,179,180,164,186,157,181,173,160,156,170,177
1003,160,173,178,154,161,154,144,149,154,156,162,168,168,175,181,188,177,175,165,178,180,162,191,160,183,171,165,160,173,181
1004,82,100,113,108,120,108,67,100,93,90,109,92,101,113,114,104,114,107,101,104,106,105,108,87,110,109,105,105,107,92
1005,73,96,96,99,110,101,65,92,92,88,99,80,86,110,103,97,98,99,92,97,84,87,95,80,96,107,95,100,99,88
1006,68.517,89.483,91.585,95.449,106.1,97.483,63.517,89.034,87,82.483,91,76.483,87.034,104.52,104.48,92.966,91.034,95.483,91.483,93,91.517,87.068,95,73.483,93.551,102,87.068,101,95.517,87.517
1007,58,72,68,73,88,82,51,56,68,65,62,59,65,79,76,66,64,74,54,71,69,64,68,66,57,70,55,76,70,71
1008,160,173,180,153,162,155,149,150,155,158,164,168,167,178,184,190,178,176,165,180,181,161,190,161,186,169,167,158,174,183
1009,123,141,139,123,136,123,109,130,110,112,132,128,138,137,142,129,143,121,123,127,144,124,141,128,138,140,131,137,134,133
1010,135,145,140,133,147,132,112,136,123,128,131,140,149,145,160,144,154,137,134,144,146,137,159,125,155,148,144,137,141,152
1011,117,133,136,121,133,117,99,120,108,105,129,119,134,133,131,128,143,119,117,121,134,126,133,116,139,133,129,128,127,132
1012,144,153,153,136,145,138,121,139,120,134,139,139,151,151,157,145,156,143,143,147,153,138,158,143,155,153,146,145,146,151
1013,179.97,180.33,205,190.31,200.66,191.98,174.33,173.64,184.64,186.97,190.64,192.63,191.64,203,200.31,215.98,205.97,199.98,196.97,202.33,216.31,194.64,216.95,191.63,217,200.97,192.64,190.31,192.66,203.66
1014,127,143,142,129,140,127,115,133,114,119,132,132,144,142,146,136,149,131,132,134,143,132,149,128,143,143,137,135,139,140
1015,141,156,147,136,152,136,118,139,126,135,132,143,153,152,160,152,157,144,143,151,155,143,168,136,156,155,149,141,147,155
1016,131.89,145.33,144.76,127.51,139.64,127.61,117.48,133.51,116.61,119.74,135.51,134.64,147.07,143.33,147.33,137.17,150.64,135.02,130.02,135.58,146.76,132.07,152.15,128.02,147.74,141.92,139.79,137.36,138.89,142.46
1017,151,161,155,138,152,147,124,140,132,137,144,145,155,158,161,156,158,154,146,161,159,142,168,147,163,158,151,148,153,158
1018,169,177,193,186,186,177,159,158,174,171,177,185,182,190,190,204,192,193,183,193,206,189,204,178,206,187,184,187,185,192
1019,110,128,131,119,132,118,96,119,105,104,129,119,131,130,131,124,134,118,116,118,130,121,131,117,128,132,126,124,130,125
1020,79,99,106,104,119,106,67,99,92,93,105,90,100,113,110,104,107,106,98,102,98,101,106,85,107,109,103,104,105,93
1101,241.75,248.79,253.48,247.42,251.13,239.13,233.5,251.77,263.94,242.5,226.48,224.86,263.5,254.77,252.67,267.32,251.48,262.4,281.13,251.58,267.04,257.38,265.02,252.06,255.58,259.02,252.21,256.5,239.21,258.4
1102,280.64,319.01,308,291.75,303.65,305.72,279.03,329.49,319.09,300.33,296.46,270.1,307.97,318.66,323.54,332.19,316.74,321.2,327.65,299.43,306.6,322.3,307.87,310.55,328.61,314.06,306.05,315.14,304.59,316.54
1103,205,195,217,194,206,193,191,192,194,203,201,190,204,222,216,216,221,222,223,207,222,208,237,210,233,215,210,208,201,216
1104,214.58,217.38,228.86,208.53,223.36,206.38,203.57,211.21,228.77,217.17,205.07,211.73,226.59,223.11,229.32,240.71,237.47,232.16,246.67,214.73,243.99,224.71,238.65,230.21,243.26,222.89,228.05,220.6,214.59,224.25
1105,207.18,196.18,221.88,196.03,205.67,197.86,189.7,197.19,194.7,200.16,200.01,192.01,214.38,221.36,218.86,223.86,223.01,221.36,226.86,208.18,226.34,210.36,238.52,210.36,231.85,217.52,211.68,207.18,202.85,218.51
1106,229.39,217.34,240.96,219.62,225.63,220.22,211.36,214.95,234.36,218.41,215.94,203.71,229.6,233.4,233.2,236.6,235.7,238.13,252,227.58,242.57,234.32,251.17,231.99,244.45,243.89,235.59,228.41,216.83,242.7
1107,251.6,272.49,263.2,261.13,269.26,263.2,245.43,274.79,278.83,250.96,248.56,233.43,284.03,272.96,281.09,295.03,272.92,276.6,299.43,266.36,279.07,274.66,280.66,273.96,282.09,267.13,267.66,271.96,257.03,275.66
1108,246,262,259,255,264,242,242,270,275,247,244,211,278,267,270,286,263,272,292,263,274,268,281,272,275,263,257,262,248,267
1201,103,116,114,111,126,107,91,105,119,104,114,110,121,134,121,126,129,114,117,118,118,119,124,105,127,113,126,109,112,134
1202,99,110,105,104,120,110,85,107,98,98,118,112,123,129,127,123,133,108,111,116,120,120,130,107,125,115,120,119,123,131
1203,98,104,95,101,120,103,79,101,105,94,106,103,117,126,119,119,127,107,109,113,114,116,119,100,119,109,116,109,108,125
1204,98,109,103,102,126,105,85,104,101,95,113,107,120,126,123,119,123,107,108,114,116,117,120,102,121,110,119,109,110,125
1205,101.04,110.43,108.26,102.43,125.61,109.82,88.217,110.22,105.22,99.65,117.61,110.65,122.43,128.22,123.22,122.82,130.65,107.82,114.22,117.43,118.43,119.22,129.65,108,122.22,117.04,121.61,115.04,118.87,128.82
1206,102,113,111,107,128,104,93,106,120,99,117,110,119,133,123,130,125,113,115,119,118,119,121,104,123,113,127,109,111,133
1207,86,94,79,90,109,95,69,96,90,86,98,89,106,110,109,104,110,100,96,103,106,104,107,90,109,100,102,101,103,110
1208,104,117,114,104,127,109,96,108,114,100,118,111,124,131,127,124,129,111,116,118,118,119,126,110,126,115,127,109,112,128
1209,110,126,121,114,130,112,102,111,123,114,126,118,128,141,126,132,135,117,126,124,124,124,128,114,132,116,129,114,116,137
1301,115,125,125,116,134,117,101,113,119,114,126,118,132,138,131,130,142,117,122,122,126,125,134,116,141,125,129,123,127,140
1302,114,122,127,115,132,116,98,113,110,112,125,117,131,136,129,126,136,115,116,119,123,126,132,112,137,125,125,121,125,136
1303,117,128,132,121,134,118,106,116,120,116,127,119,132,137,131,137,142,120,123,123,128,126,137,116,142,126,130,122,127,139
1304,117.66,128.99,128.33,122.66,134.66,118.66,105,124.32,113.33,118.66,127,128,137.66,138.66,139.66,133.33,145.33,125.66,126.33,124.33,134,131,142.66,116.66,141.66,131.66,135.99,126,132.99,142
1305,112,122,124,119,131,118,101,116,117,115,126,119,132,139,137,134,143,121,128,125,126,130,140,117,141,127,134,124,130,144
1306,108,118,116,116,132,115,94,116,106,112,123,119,135,134,133,131,142,114,122,121,128,130,133,112,135,121,126,123,129,138
1307,108,120,116,110,131,115,95,112,108,111,123,119,132,134,131,128,141,111,120,120,124,127,132,112,135,120,125,120,127,136
1308,100,104,103,109,127,114,81,107,94,94,117,113,122,128,125,123,133,107,107,111,116,123,128,102,121,118,114,119,122,127
1401,79,100,102,104,120,106,69,98,94,95,105,85,94,113,113,108,112,104,101,100,98,94,106,87,106,109,106,103,107,93
1402,86.549,106.19,112.59,107.91,124.16,108.66,72.85,103.68,94.574,98.526,112.65,93.211,108.93,116.17,115.04,111.49,117.4,106.84,104.13,106.01,104.44,106.19,110.6,95.759,117.05,113.49,112.26,108.01,112.22,99.874
1403,69,95,92,96,113,99,63,94,90,84,96,81,90,108,99,93,92,99,94,93,91,87,95,75,95,102,94,98,98,88
1404,127,136,137,124,138,121,109,119,113,105,126,120,133,135,132,131,137,117,117,118,128,126,130,119,136,135,123,122,127,131
1405,100,118,117,111,129,111,82,112,101,102,117,104,119,121,114,116,123,110,103,109,109,113,116,104,121,117,116,108,111,118
1406,68,83,81,88,102,93,57,91,81,78,88,71,87,94,84,84,78,83,83,86,88,82,82,69,72,89,72,85,86,81
1501,108,113,119,111,130,111,88,111,102,101,119,108,119,122,117,113,122,108,105,112,110,122,115,103,120,114,115,107,111,122
1502,112,120,124,107,131,115,97,111,113,104,122,112,127,135,124,124,131,114,111,117,117,123,127,110,131,123,122,118,121,132
1503,139.2,145.76,148.64,134.32,144.32,128.3,120.98,124.42,131.98,127.76,134.88,134.96,140.2,153.3,143.76,148.42,147.54,135.18,138.42,139.18,140.52,139.08,147.74,124.94,154.2,137.3,148.42,129.98,138.96,146.64
1504,114,126,131,115,133,115,104,111,115,104,124,113,129,136,122,124,131,113,111,116,118,126,129,108,131,124,121,116,118,128
1505,116,128,127,115,133,117,106,115,119,112,127,118,128,139,131,137,142,116,125,122,126,126,135,116,138,125,133,120,121,141
1506,153.54,157.96,167.82,151.38,156.08,158.24,140.66,150.52,157.24,143.8,156.68,163.4,162.1,176.68,167.38,164.94,161.24,165.08,155.24,167.54,162.54,165.66,178.5,159.38,166.26,155.1,164.82,141.94,159.1,163.08
1507,105,116,116,103,127,109,82,110,101,100,117,107,119,122,115,112,121,109,104,112,112,122,117,101,123,118,119,112,116,122
1508,111,118,121,105,131,112,94,110,113,102,120,109,123,132,123,123,126,112,110,115,114,121,124,109,126,118,123,115,116,133
1509,159,166,174,162,172,168,149,164,166,152,163,167,172,183,176,170,170,176,163,172,171,173,192,167,172,166,173,156,167,174
1601,160,168,171,170,168,165,158,166,170,156,165,171,172,178,174,180,172,183,173,175,178,178,187,170,179,164,175,153,173,179
1602,165.21,168.81,181.42,169.81,173.01,176.41,159.61,166,174.01,165.22,168.81,171,180.41,187.41,185.61,183.82,175.01,181.01,173.01,178.61,176.01,179.61,199.81,172.81,178.41,168.21,180.61,160.02,172.41,181.41
1603,204,198,214,211,221,208,207,193,212,219,201,198,223,220,225,224,207,210,227,215,211,218,227,216,246,210,220,221,205,205
1604,150.3,154.4,160.11,146.3,153.7,150.11,135.4,147.21,150.4,137.6,151,161.4,157.4,172.4,161.11,160.7,158.81,164.21,151.4,163.7,155.81,161.3,173.11,155.51,163.7,150.7,161.11,136.51,153.51,157.4
1605,188.57,182.29,196.79,191.41,198.16,190.6,187.76,178.88,194.38,192.54,183.66,186.85,204.35,201.04,201.38,204.98,193.23,198.66,201.32,197.6,194.82,197.85,213.01,192.79,208.51,192.19,201.38,187.51,192.82,193.5
1606,184,183,198,191,188,189,177,173,192,182,182,176,198,198,203,201,185,192,194,192,185,191,210,185,200,185,192,186,187,192
1607,156,161,167,161,161,153,147,160,158,146,161,168,167,173,166,167,163,175,166,167,168,171,178,162,168,154,167,143,162,167
1701,122,127,131,120,132,116,95,116,105,102,122,109,126,124,122,125,132,113,110,112,113,122,127,113,130,130,118,114,121,124
1702,165.01,172.28,180.69,163.88,175.22,162.1,154.54,156.18,164.25,160.8,163,160.34,174.1,181.04,184.41,181.07,172.69,172.41,168.34,175.6,176.1,174.28,183.06,169.53,176.63,170.59,174.06,163.12,173.39,177.69
1703,190.87,204.34,210.14,199.09,212.34,199.11,191.04,189.61,204.31,200.29,197.85,178.41,222.52,211.36,216.66,218.63,198.66,207.34,209.04,207.6,206.87,212.57,219.61,208.57,230.74,205.34,205.84,205.04,202.9,206.66
1704,123,129,133,121,132,117,95,116,106,102,123,113,125,125,125,127,134,116,111,113,117,123,129,116,130,131,119,118,124,129
1801,222,239,235,244,259,238,230,243,244,231,229,217,264,246,233,254,242,246,257,234,251,249,261,247,287,245,239,253,249,262
1802,221,240,234,242,255,230,229,241,242,229,227,212,270,243,235,251,240,245,257,238,251,246,259,249,282,243,238,254,246,257
1803,216,227,230,230,245,224,223,231,227,226,220,209,256,236,229,245,228,235,249,230,241,242,244,243,273,240,235,241,226,236
1804,226,246,241,246,261,241,230,246,250,235,232,216,282,249,244,262,241,243,265,246,258,253,266,255,292,247,245,258,252,258
1805,229,250,242,250,265,249,232,247,253,239,237,218,283,253,248,267,248,252,267,250,263,258,264,256,296,250,249,261,259,268
1806,229.68,244.63,241.86,240.4,255.36,238.86,225.32,241.4,246.27,233.5,231.68,211.27,276.09,249.5,248.54,261.31,245.4,247.36,261.86,249.77,249.36,249.09,258.81,249.45,280,247.86,245,248.77,241.08,254.63
1807,220,233,232,237,255,237,229,234,240,232,225,215,261,245,232,244,234,244,255,232,242,246,255,242,279,241,237,245,246,255
1808,220,236,237,245,262,243,236,240,244,241,231,218,264,245,242,259,239,251,256,237,251,245,257,254,282,243,240,248,249,260
1809,219,236,237,228,246,228,224,231,235,228,224,205,267,240,237,246,234,231,259,235,244,242,252,250,270,244,240,238,229,238
1901,67.431,63.003,52.289,90.646,78.717,75.145,37.646,65.36,44.36,66.933,72.145,76.717,76.862,87.576,81.431,76.646,90.717,57.576,65.36,66.36,79.933,51.148,76.646,52.36,92.717,72.576,71.862,64.36,93.933,95.074
1903,100,106,105,112,118,110,84,106,97,98,115,116,128,133,127,124,139,108,111,116,119,117,129,108,126,112,115,121,124,133
1904,81,82,76,98,89,87,53,82,73,86,93,95,99,112,100,105,117,84,87,94,106,77,106,74,110,91,90,98,109,107
1906,68,67,55,92,79,74,37,62,43,63,70,72,76,88,80,79,93,56,65,66,79,52,75,50,91,72,65,63,92,94
1907,73,83,66,90,97,89,57,91,78,82,91,89,102,106,103,101,114,88,90,98,105,84,106,80,102,90,89,95,104,100
1908,71,73,49,85,59,66,36,60,37,61,66,67,81,78,66,64,76,52,69,55,82,47,61,40,114,63,67,57,93,94
1909,99,105,103,112,115,108,82,107,99,100,115,115,126,130,128,125,137,108,111,117,123,117,132,107,126,111,119,122,129,134
2001,152,156,155,151,152,137,132,151,141,143,140,154,166,155,168,169,161,151,158,179,172,155,180,147,168,166,158,160,161,167
2002,153.44,161.08,165.05,160.15,166.08,147.82,139.9,148.95,154.41,158.33,155.17,170.54,162.73,168.34,171.82,181.61,173.52,174.54,163.52,177.22,182.93,159.32,183.97,160.96,185.21,169.86,163.07,167.48,170.47,173.96
2003,163.25,166.94,171.47,168.8,170.45,152.94,148.47,159.25,161.94,167.49,164.12,176.3,175.42,174.63,181.11,184.61,180.8,174.63,173.11,185.96,194.47,170.92,200.63,168.63,188.49,178.61,170.25,175.94,177.92,185.45
2004,166.37,174.46,179.37,176.91,178.82,170.54,153.46,158.28,167,167.46,171.37,183.46,178.46,185.91,185.82,199.91,185.82,190.46,176.91,191.46,197.91,170.65,200.46,173.54,200.19,185.37,180.91,181.37,182.37,184.46
2101,179,181,205,188,196,185,175,176,181,184,196,188,193,205,202,213,208,205,198,202,218,196,221,190,216,202,193,188,193,205
2102,175.79,181.56,195.03,177.23,185.23,165.47,168.35,168.23,164.79,172.79,184.26,176.03,185.35,196.91,199.23,208.47,198.23,197.73,192.14,195.56,205.47,184.47,211.58,180.35,207.91,195.91,181.14,177.23,186.79,197.79
2103,146,164,155,139,157,142,122,143,134,138,138,143,161,151,168,156,158,151,145,149,160,138,161,149,162,159,148,147,147,160
2104,161,176,180,164,167,154,140,158,150,157,164,158,173,180,184,193,178,172,165,182,186,158,190,163,191,177,165,162,177,187
2105,167,177,185,165,171,155,153,160,156,160,169,162,178,185,187,198,184,181,173,187,189,169,194,169,196,180,166,162,180,188
2106,155,171,166,145,163,146,129,149,142,151,149,150,166,164,171,174,173,158,158,173,171,155,181,151,172,167,156,153,165,171
2107,164,174,186,166,171,152,148,159,155,158,166,162,175,182,187,200,185,184,173,188,190,168,196,164,194,180,167,162,181,188
2108,169,180,189,169,174,164,161,161,157,165,180,167,184,190,188,207,184,187,178,190,188,176,199,172,203,182,174,165,188,194
2109,168,178,182,166,173,157,152,159,153,160,171,160,179,187,186,199,179,177,171,181,186,171,189,168,193,179,166,162,182,185
2110,199,186,214,197,208,196,182,188,197,197,199,197,209,213,215,225,218,212,214,206,225,208,229,204,224,212,207,204,201,211
2202,241.66,259.78,257.97,254.97,268.53,242.25,230.22,253.81,260.78,240.38,233.69,221.53,277.25,257.35,265.63,277.6,260.81,265.5,280.22,264.66,262.78,263.66,275.5,260.78,282.47,258.81,253.07,268.78,246.6,261.78
2203,247.52,264.34,258.87,258.94,275.4,253.7,240.05,260.05,268.34,246.11,238.29,229.34,284.47,268.81,278.81,298.04,266.7,275.99,289.99,274.16,274.7,272.81,281.23,269.23,296.52,267.4,265.7,274.28,268.52,282.16
2205,250.56,279.19,275.19,262.81,276.07,269.26,242.13,275.19,276.94,252.13,250.38,236.5,289.25,280,286.56,309.07,283.57,290.75,305,286.5,278,282.51,285.31,273.56,303.13,281.32,272.38,286.32,275.75,285
2206,261.42,290.74,280.41,269.98,279.64,277.74,250.31,295.51,291.86,270.84,265.62,243.41,289.2,291.73,291.18,303.96,280.07,293.96,309.31,282.97,287.41,294.18,290.98,283.19,304.06,288.08,280.74,290.85,276.28,292.96
2207,244,271,260,257,270,246,237,259,268,244,233,227,280,260,272,286,262,273,283,266,264,267,274,264,284,263,253,269,251,264
2208,210,212,225,205,217,212,197,206,207,202,207,183,221,225,221,228,216,215,226,217,220,223,237,218,238,228,210,215,205,215
2209,237,252,248,245,259,232,228,240,249,234,224,211,270,246,256,265,246,252,278,253,257,257,270,257,276,254,252,259,238,254
2301,109.64,115.27,116.82,120.64,134.64,115.64,87.456,114.82,103.64,108.09,122.46,121.73,122.91,122.46,130.27,122.46,138.64,114,112.46,119.82,131.82,126.18,139.27,112,129.64,120.91,119.82,121.82,131.64,131.46
2302,61,79,84,99,105,89,57,85,83,79,88,87,77,97,101,87,100,87,89,89,94,92,98,72,93,91,78,94,99,85
2303,159,172,177,171,174,167,146,152,166,163,163,178,175,182,185,191,174,186,173,188,184,167,199,169,185,173,176,177,178,181
2304,18,16,25,39,42,45,22,13,43,49,13,46,33,21,31,36,30,44,33,33,45,30,27,40,37,45,19,33,40,43
2305,83.232,87.866,83.42,102.82,104.57,92.665,71.228,88.952,88.176,90.057,87.163,98.721,95.984,101.51,105.69,98.576,98.473,97.485,90.399,99.114,103.06,92.604,102.08,86.9,97.079,99.62,92.262,96.927,102.02,109.54
2306,165.4,175.67,189.62,187.44,186.76,182.66,158.85,164.67,177.08,179.71,175.17,187.31,184.58,193.81,190.41,207.76,187.76,193.54,187.58,193.58,204.67,185.16,214.49,180.13,205.49,189.35,185.26,189.26,187.22,188.27
2308,59.16,66.312,64.312,85.965,89.225,77.009,52.944,67.758,73.433,74.944,72.333,80.541,78.182,81.268,76.736,76.268,79.866,75.584,70.182,72.247,83.074,70.887,77.996,70.671,74.736,75.139,74.801,76.29,83.203,84.693
2309,142.51,150.86,153.47,144.4,151.18,141.64,124.32,144.48,139.1,138.1,138.21,162.12,156.1,165.75,168.69,163.34,157.84,159.03,149.86,171.99,160.51,143.91,179.42,143.58,168.56,156.64,160.21,157.04,161.91,168.21
2310,156,160,169,160,168,160,135,146,156,156,157,178,172,178,178,186,167,180,161,183,179,160,196,163,179,169,172,172,172,178
2311,29,27,29,52,71,55,28,38,46,52,33,53,30,42,41,42,49,45,43,36,54,31,35,43,47,47,26,38,53,58
2312,152,158,167,151,161,150,133,146,151,147,149,172,165,169,174,177,164,171,159,180,175,155,191,156,177,165,171,167,172,174
2313,156.83,163,172.83,163.83,169.83,164.32,137.83,148.83,156.17,154,156.66,177,171.83,179.49,180,186.49,167.83,182.66,166.32,183,177.83,161.15,196.66,164,179.17,169.66,172,170.83,173,179.17
2315,138,146,142,140,144,132,118,144,129,130,133,156,149,155,160,153,155,149,145,159,151,141,170,135,162,146,157,148,158,164
2401,144.65,134.65,142.03,153.85,149.95,140.75,133.11,132.95,131.03,150.65,138.21,161.11,158.75,139.29,149.93,154.49,154.38,159.95,152.13,155.65,168.11,143.11,157.03,153.95,169.29,152.11,176.74,150.01,161.47,159.38
2402,90,85,71,103,83,77,43,73,51,82,85,90,90,88,95,77,102,73,85,95,118,100,95,74,122,94,112,92,115,111
2403,54,54,32,68,37,49,19,36,20,44,52,50,53,47,59,45,59,38,41,55,72,48,53,28,89,53,54,35,72,62
2404,80,73,57,86,69,70,34,57,40,68,75,79,82,76,82,65,89,60,74,83,100,84,84,56,112,77,90,75,100,101
2405,161,158,167,181,179,164,149,165,163,176,161,184,188,165,174,178,175,176,183,182,197,167,202,189,186,179,190,174,184,178
2406,104.7,100.8,83.399,113.1,102.8,92.266,64.897,95.232,71.365,103.97,100.23,116.97,111.4,113.83,117.53,110.23,116.1,102.1,112.23,112.67,136.13,115.23,128.67,100.8,135,119.13,125.53,117.67,131.4,127.97
2407,84,71,53,87,65,73,33,61,40,68,79,74,85,69,78,66,84,59,66,82,101,82,82,49,116,77,90,61,95,105
2408,151,151,164,175,174,159,148,160,155,167,155,181,180,164,170,173,172,176,176,180,190,162,189,187,188,176,187,172,183,172
2409,146.89,141.13,143.27,150.64,154.01,138.78,125.64,136.89,136.4,155.15,140.4,169.01,167.15,148.01,158.15,161.65,158.01,159.39,160.89,160.28,171.02,150.39,172.01,155.52,167.64,163.64,173.27,151.76,167.27,164.01
2410,104,99,84,115,96,95,68,90,66,103,99,110,111,112,114,99,118,96,107,109,134,112,120,102,140,115,130,111,128,130
2411,85,85,68,101,80,78,44,74,53,87,87,97,96,97,103,88,103,81,93,98,123,104,113,83,125,101,112,97,120,113
2501,105,118,110,123,115,108,86,113,90,101,113,127,133,135,133,125,137,114,110,114,124,116,135,105,141,118,125,118,133,136
2502,72.161,71.885,63.215,95.437,80.688,78.095,40.478,65.346,42.939,67.359,71.49,79.017,81.215,89.885,82.754,80.622,88.149,57.544,68.819,71.149,89.359,57.466,83.544,54.28,102.36,73.215,74.807,71.149,96.227,98.556
2503,108.6,114.24,113.13,120.44,125.81,114.81,87.762,118.55,100.33,106.49,112.86,124.71,128.13,134.07,133.07,126.49,136.28,121.65,114.07,121.18,123.65,118.13,139.82,108.39,135.29,121.55,127.82,123.28,135.97,137.82
2504,120,129,127,129,137,125,105,128,117,119,123,134,141,148,139,135,146,123,127,129,136,135,147,119,145,133,143,131,141,148
2601,172,180,196,173,184,161,162,164,157,164,170,155,185,193,199,205,181,181,184,186,192,180,198,172,205,178,169,170,174,188
2602,244.12,263.52,255.44,255.57,259.91,246.67,240.19,253.26,270.99,250.5,227.47,232.13,272.44,256.48,258.58,280.68,253.51,269.87,289.17,260.12,268.32,262.53,268.65,266.7,265.57,260.01,256.83,266.82,244.98,263.96
2603,214,204,223,206,219,210,205,209,205,205,207,183,220,225,221,224,222,221,237,215,224,224,241,216,236,225,212,216,205,218
2604,245,261,255,256,258,239,227,254,269,246,229,224,276,256,257,274,251,265,283,262,262,263,268,260,262,262,252,265,239,258
2701,25.617,34.188,11.57,31.617,21.094,25.729,10.682,17.3,7.1588,29.094,35.664,24.047,26.776,28.094,34.57,31.141,31.188,19.729,17.094,25.982,42.664,22.347,23.3,12.094,29.982,20.935,15.935,10.159,36.664,40.094
2702,123,108,104,130,132,116,96,108,127,125,120,125,133,126,122,120,118,96,116,120,120,114,114,105,119,99,129,120,135,127
2703,50,49,32,64,42,52,19,43,21,49,56,50,47,57,53,49,60,32,44,42,61,36,44,33,74,45,45,34,66,66
2704,55,62,26,74,57,54,22,45,34,58,66,53,75,63,67,68,62,46,56,52,75,44,48,36,80,45,41,42,69,74
2706,132,127,119,147,139,133,110,123,145,134,133,136,151,139,137,136,132,119,129,144,135,128,132,122,132,116,148,136,144,137
2707,157,174,176,160,168,158,141,147,156,159,156,156,164,181,182,180,172,160,168,167,172,166,177,170,178,172,170,159,169,180
2708,27,33,11,33,19,27,7,17,2,28,35,25,31,29,33,30,30,13,15,23,42,27,24,17,38,21,18,7,32,43
2709,42,43,22,44,41,38,19,39,24,43,52,48,41,48,51,46,57,31,36,49,55,30,37,25,50,35,38,33,49,56
2710,81,77,58,100,80,67,53,65,65,85,80,75,94,87,87,84,87,61,78,71,93,82,61,57,95,60,71,60,94,93
2801,161,175,180,175,177,170,152,152,168,166,170,183,176,186,185,196,181,187,176,189,188,170,200,169,188,180,177,179,181,186
2903,172.3,175.25,187.28,168.02,179.95,167.27,156.71,169.65,166.97,173.43,173.12,169.16,189.02,185.2,198.01,201.13,194.8,186.43,187.27,182.63,201.1,178.7,202.81,176.14,197.51,187.97,179.24,184.43,181.78,186.63
2911,181.44,179.18,194.98,178.7,187.7,169.79,164.53,171.16,173.98,181.53,182.53,181.34,185.44,196.9,196.72,205.44,200.07,189.07,185.44,195.81,212.16,184.72,209.62,181.98,204.26,191.72,185.62,184.44,185.25,194.81
2912,158.28,161.32,154.37,150.41,162.94,136.23,122.55,146.8,138.89,152.46,150.98,147.71,162.8,157.03,178.71,180.66,174.98,156.32,159.94,167.41,188.07,156.37,180.94,151.41,170.41,173.07,159.94,163.94,168.41,171.8
2921,197,191,216,187,205,193,184,186,190,197,194,193,213,218,215,222,219,217,214,203,220,207,231,204,228,209,210,206,200,207
2926,158,169,164,145,155,140,128,155,141,155,151,154,169,168,184,188,180,163,161,172,187,161,187,152,181,174,159,163,172,171
2930,177,179,189,165,182,160,159,168,168,176,185,171,183,194,198,205,195,191,186,194,212,183,202,176,207,193,181,182,178,192
3004,152.84,145.22,145.12,146.26,156.18,133.22,114.28,142.26,134.78,147.32,144.84,147.64,152.5,143.4,165.36,170.46,168.32,143.74,151.46,157.18,181,146.5,173.8,140.32,161.84,161.94,153.86,158.26,162.7,159.94
3005,127.86,135.91,139.03,136.35,142.27,125.41,101.73,131.41,129.87,131.79,131.81,140.77,138.95,142.73,156.16,156.75,151.05,135.52,135.51,138.24,159.06,139.11,161.51,133.17,145.98,149.22,130.98,149.36,146.08,146.87
3006,152,135,139,139,149,126,109,134,130,139,139,139,146,137,159,164,160,139,143,158,174,140,163,131,155,151,149,152,160,153
3007,96,97,97,111,112,93,65,97,88,102,93,111,103,106,120,119,106,98,96,107,117,113,125,91,112,108,101,118,115,108
3008,154.51,155.95,148.16,146.42,153.67,133.1,126.34,143.42,139.3,148.64,142.9,149.44,161.31,156.95,171.55,174.04,164.18,148.63,158.61,164.71,172.81,153.9,178.57,146.22,167.38,162.76,152.77,160.47,163.82,167.09
3013,55,65,70,81,82,69,40,57,62,74,68,77,63,74,81,82,74,59,67,64,82,70,85,63,77,83,63,82,89,81
3014,140,143,137,133,146,122,107,135,122,127,131,135,148,134,158,157,151,128,134,130,154,134,153,130,145,147,126,144,146,147
3015,171.24,171.24,176.95,168.07,177.65,154.89,149.48,162.71,161.54,175.95,172.01,170.59,178.3,185.12,188.77,197.71,187.71,173.89,176.71,187.65,208.07,173.18,204.71,171.59,194.59,186.3,176.01,178.65,179.36,187.59
3016,117.24,115.5,112.18,122.77,124.57,108.28,79.185,109.09,109.28,117.41,112.99,122.99,121.44,119.8,138.18,140.6,131.02,117.31,115.6,119.31,134.5,124.48,139.48,108.28,123.48,128.8,111.41,129.57,131.28,122.18
3017,119.72,127.37,123.04,127.35,128.21,114.69,87.226,119.2,116.37,117.21,120.86,130.02,129.05,127.87,149.37,145.88,140.53,122.53,125.71,126.89,150.2,129.03,146.38,115.71,132.23,137.7,117.89,138.36,135.71,138.88
3018,65,79,82,95,96,81,50,74,80,85,81,87,73,86,107,103,86,81,81,81,99,96,114,76,97,100,75,101,105,92
3019,168,169,167,162,177,151,144,160,157,174,167,160,171,179,188,192,188,170,177,185,206,170,204,169,192,185,182,178,182,184
3020,168,155,159,158,172,153,148,149,153,171,160,166,175,149,173,184,179,159,168,181,198,159,188,161,173,175,184,172,171,172
3022,95,95,108,114,107,94,71,94,99,103,99,112,110,110,132,132,116,109,106,108,120,114,131,103,116,121,100,122,117,114
3023,176,175,185,176,178,164,160,165,171,179,175,184,185,188,193,200,190,184,182,194,207,178,207,177,203,183,183,181,181,191
3027,167,166,164,157,169,145,138,158,157,169,164,164,172,178,185,192,181,166,172,183,200,170,197,161,190,181,174,173,175,181
3028,131,119,114,126,135,113,85,113,115,120,118,125,125,118,138,137,134,118,123,128,141,130,144,112,128,132,117,130,132,127
3031,172,172,176,170,174,155,152,164,164,172,170,175,181,185,189,196,186,176,178,189,205,176,202,173,194,183,176,178,178,185
3101,121,124,116,124,134,115,86,113,114,118,115,126,125,125,143,135,134,114,122,123,146,129,143,114,128,135,120,136,139,135
3102,92.454,101.27,85.582,111.93,113.51,91.836,63.018,94.164,87.673,103.93,98.091,113.09,96.436,104.09,123.25,113.67,117.67,93.182,100.35,111.02,126.42,116.76,123.42,93.182,118.09,115.16,107.02,116.42,121.02,118.25
3109,58,72,65,90,89,70,44,66,67,80,75,84,65,75,95,82,85,75,78,73,89,86,91,69,94,86,73,88,99,88
3124,123.52,122.58,118.75,124.95,129.35,111.43,92.75,118.58,116.75,121.73,118.65,131.65,132.6,126.97,143.27,141.35,135.12,122.43,129.82,141.67,145.42,135.65,150.9,119.65,137.03,137.73,130.58,138.2,143.57,142.5
3125,123,123,102,126,127,107,89,112,109,120,116,131,125,128,134,130,140,121,123,139,146,134,143,119,139,131,135,130,137,140
3129,57,70,68,86,85,68,40,61,66,76,73,76,63,76,91,85,81,68,70,70,88,80,92,66,84,86,68,89,95,83
