1,-16.152,-14.56,-17.188,-22.281,-18.702,-15.285,-21.626,-20.967,-15.225,-8.5461,-19.102,-14.328,-19.317,-14.118,-21.62,-17.592,-16.238,-11.419,-14.07,-21.247,-20.524,-14.196,-27.105,-11.822,-9.7058,-13.312,-11.768,-12.579,-18.698,-10.391
2,-12.64,-8.31,-13.97,-19.06,-19.09,-15.45,-22.13,-18.42,-11.4,-6.99,-14.73,-10.79,-15.25,-10.05,-14.34,-17.61,-15.78,-8.63,-11.29,-18.05,-19.6,-10.49,-24.31,-9.26,-8.11,-13.98,-13.63,-10.04,-15.47,-13.94
3,-16.188,-12.46,-15.513,-20.95,-21.376,-15.31,-22.533,-19.155,-13.165,-7.4513,-16.896,-11.874,-16.155,-13.235,-18.534,-16.656,-16.926,-10.664,-11.004,-18.705,-19.425,-14.262,-24.749,-9.0866,-8.5571,-16.075,-12.482,-11.047,-15.566,-14.853
4,-17.55,-16.59,-18.91,-24.66,-16.37,-14.91,-22.71,-22.24,-19.81,-9.79,-16.9,-17.84,-21.53,-16.36,-21.89,-17.31,-18.08,-12.09,-17.57,-22.08,-23.7,-18.56,-26.28,-11.09,-10.16,-12.92,-12.7,-13.56,-22.5,-12.04
5,-12.37,-8.2,-11.78,-18.51,-17.69,-13.71,-16.5,-16.11,-11.1,-6.85,-11.28,-10.57,-13.51,-9.5,-9.98,-15.22,-13.47,-8.68,-12.57,-15.95,-17.6,-11.78,-21.38,-8.8,-8.9,-12.72,-9.9,-9.98,-18.26,-9.77
6,-13.79,-8.87,-13.02,-18.17,-17.99,-14.84,-17.94,-16.21,-13.97,-7.7,-15.17,-10.45,-13.84,-8.96,-14.78,-15.58,-13.85,-11.83,-9.4,-16.42,-15.95,-13.59,-20.97,-7.46,-6.99,-14.2,-11.63,-8.57,-15.29,-10.71
7,-19.04,-17.21,-24.96,-21.78,-21.06,-19.89,-23.51,-20.72,-19.15,-12.13,-22.04,-15.95,-21.91,-16.43,-20.4,-20.78,-21.43,-17.42,-17.2,-18.89,-19.21,-18.45,-26.1,-12.16,-10.48,-16.7,-13.14,-17.08,-20.99,-12.43
8,-14.17,-9.13,-13.15,-23.62,-18.88,-12.86,-20.51,-21,-11.33,-8.65,-13.2,-11.61,-13.21,-11.85,-14.45,-16.41,-15.49,-7.89,-13.69,-20.73,-20.19,-14.84,-24.23,-8.98,-8.97,-11.06,-10.37,-10.98,-19.89,-7.89
9,-13.84,-7.82,-12.38,-17.7,-16.47,-13.05,-17.9,-14.73,-14.79,-9.65,-14.66,-12.57,-14.25,-8.63,-11.45,-15.09,-13.33,-11.53,-9.51,-16.66,-14.72,-13,-20.34,-7.47,-7.13,-13.89,-12.83,-8.41,-14.24,-9.08
10,-18.82,-14.69,-19.09,-24.71,-23.57,-20.2,-24.82,-23.4,-13.03,-8.33,-20.17,-12.95,-19.79,-17.12,-23.42,-15.11,-21.06,-13.26,-11.03,-23.21,-22.62,-17.15,-29.03,-10.73,-9.65,-19.96,-11.39,-11.92,-21.1,-12.79
101,-11.68,-9.51,-8.31,-9.25,-11.68,-9.48,-12.25,-8.58,-7.44,-6.34,-7.85,-12.95,-8.81,-5.48,-7.57,-8.65,-8.88,-8.63,-9.69,-9.21,-9.63,-7.69,-11.81,-7.64,-5.98,-9.63,-9.1,-10.61,-9.73,-7.04
102,-4.33,-1.65,-5.16,-5.32,-5.13,-5.16,-4.7,-5.41,-6.43,0.76,-3.29,-5.86,-4.26,0.67,-3.47,-6.12,-2.72,-1.73,-0.81,-5.06,-4.5,-3.72,-6.35,-2.69,-2.58,-4.23,-4.52,-3.75,-5.32,0.32
103,-1.9,1.3,-0.96,-2.2,-1.64,-1.89,-3.27,-5.09,-1.59,2.46,-0.66,-3.43,-2.5,1.85,-0.46,-2.71,0.65,-0.43,1.34,-2.24,-0.5,1.69,-3.23,1.53,0.31,-0.06,-0.43,-0.45,-2.93,2.06
104,-11.55,-9.85,-8.48,-9.73,-10.78,-10.17,-12.13,-11.03,-7.64,-7.54,-7.44,-11.71,-8.74,-8.96,-7.31,-9.17,-10.36,-9.08,-9.55,-9.94,-9.05,-7.93,-13.57,-8.55,-9.08,-9.42,-10.27,-11.91,-10.55,-7.66
105,-5.82,-3.94,-7.18,-6.82,-5.65,-6.12,-7.54,-8.9,-7.98,-1.42,-6.52,-8.25,-6.46,-2.12,-5.11,-8.52,-5.63,-5.08,-2.19,-5.34,-6.87,-3.43,-10.25,-3.51,-4.92,-5.98,-6.4,-5.36,-8.34,-1.36
106,-15.2,-13.65,-17.41,-14.66,-14.17,-14.46,-15.16,-16.13,-13.25,-8.45,-12.64,-20.29,-16.13,-9.87,-13.56,-17.18,-16.38,-13.52,-10.2,-11.85,-13.91,-11.51,-19.01,-10.24,-10.57,-14.74,-17.01,-14.22,-13.88,-8.83
107,-10.51,-7.67,-14.09,-13.45,-10.53,-11.8,-11.41,-10.71,-11.47,-7.21,-7.71,-15.73,-12.08,-9.74,-11.42,-11.99,-8.53,-8.35,-8.33,-9.2,-10.32,-10.41,-15.92,-8.95,-10.81,-10.91,-9.58,-11.4,-11.95,-8.92
108,-6.43,-2.76,-5.82,-5.97,-5.88,-7.19,-8.28,-9.53,-6.93,-2.74,-6.93,-8.51,-6.81,-2.67,-5.04,-6.87,-5.19,-5.34,-3.34,-5.22,-5.45,-3.9,-10.05,-4.51,-4.97,-4.47,-6.64,-6.76,-6.88,-3.75
109,-13.15,-10.41,-14.16,-13.86,-13.67,-15.5,-16.19,-15.35,-15.33,-10.86,-14.12,-15.96,-13.45,-10.65,-12.77,-14.47,-13.93,-13.48,-10.11,-12.73,-14.1,-12.74,-20.58,-12.67,-12.68,-11.44,-15.07,-14.36,-13.74,-9.2
110,-6.25,-5.77,-11.2,-10.31,-6.69,-7.35,-8.27,-6.67,-7.7,-2.34,-3.92,-9.19,-8.05,-4.25,-5.68,-9.22,-6.95,-4.5,-4.84,-7.56,-8.97,-7.32,-10.37,-5.32,-6.97,-7.87,-8.98,-7.56,-7.38,-3.87
111,-5.59,-2.92,-7.12,-6.7,-5.11,-6.33,-6.3,-6.48,-7.33,0.37,-3.65,-6.77,-5.46,-0.94,-4.27,-6.97,-4.68,-2.92,-2.68,-6.38,-6.79,-4.96,-7.76,-3.42,-4.38,-5.41,-6.43,-5.27,-5.51,-1.77
112,-13.8,-13.48,-17.13,-14.6,-14.75,-18.54,-17.05,-16.25,-14.63,-12.45,-14.97,-17.34,-14.24,-12.33,-14.7,-15.85,-15.67,-13.75,-9.5,-13.4,-15.5,-11.53,-20.78,-10.64,-12.34,-12.31,-16.51,-14.49,-13.6,-8.16
113,-12.02,-8.66,-10.12,-11.2,-10.34,-10.92,-12.67,-11.44,-14.32,-9.07,-10.49,-13.31,-10.92,-9.93,-9.2,-10.4,-11.43,-10.92,-9.12,-9.73,-11.4,-9.55,-15.87,-10.6,-10.3,-10.1,-12.11,-12.01,-11.22,-7.79
114,-11,-7.99,-9.31,-10.29,-9.66,-10.15,-12.01,-10.96,-12,-7.8,-8.94,-12.47,-10.35,-9.32,-8.55,-9.63,-10.03,-10.04,-8.2,-9.82,-10.73,-9.27,-14.54,-10.65,-9.96,-9.73,-10.79,-11.44,-10.71,-6.95
115,-14.76,-14.37,-18.62,-16.16,-13.87,-14.84,-14.32,-16.57,-18.22,-10.62,-11.45,-18.68,-14.87,-14.28,-14.29,-16.62,-15.99,-13.42,-11.59,-12.47,-15.9,-14.99,-20.04,-13.15,-16.23,-14.88,-17.07,-16.83,-13.63,-11.74
116,-9.54,-8.16,-15.17,-13.02,-9.96,-11.31,-10.22,-11.6,-10.9,-6.72,-7.4,-15.79,-12.02,-9.62,-10.22,-12.28,-9.36,-8.72,-8.11,-8.41,-10.66,-11.52,-15.96,-9.81,-12.26,-11.23,-11.98,-11.96,-10,-7.84
201,-14.25,-14.71,-17.95,-18.91,-15.84,-17.65,-19.67,-14.17,-18.38,-14.63,-14.46,-18.82,-17.54,-13.55,-15.22,-15.41,-14.16,-16.36,-15.44,-16.03,-14.56,-16.66,-21.41,-14.83,-17.01,-15.64,-15.73,-18.78,-17.18,-12.82
202,-10.62,-9.77,-10.4,-11.61,-8.97,-12.37,-12.65,-12.06,-11.65,-7.74,-7.94,-11.45,-10.88,-8.36,-10.86,-12.25,-8.5,-10.09,-6.84,-9.66,-10.11,-9.53,-14.68,-9.9,-8.74,-8.92,-11.08,-12.43,-14.19,-7.96
203,-9.7419,-7.8492,-10.238,-10.935,-9.7454,-13.076,-12.134,-11.561,-11.05,-6.2756,-8.0618,-10.332,-8.5437,-5.8642,-9.0186,-11.657,-7.9146,-8.9855,-6.4314,-7.5364,-8.4769,-7.0228,-12.506,-8.8287,-8.48,-8.2473,-13.451,-8.6596,-12.257,-5.6864
204,-9.3729,-6.8646,-14.966,-14.293,-9.1212,-11.578,-12.142,-10.042,-10.465,-9.5607,-7.3217,-11.8,-11.144,-10.067,-10.069,-10.381,-8.1142,-8.1585,-8.4569,-9.1721,-10.322,-10.701,-15.407,-8.8494,-9.1596,-10.306,-9.1696,-10.327,-12.797,-9.7646
205,-7.96,-5.9,-12.67,-12.68,-8.95,-9.85,-10.28,-8.83,-9.34,-7.11,-5.95,-12.59,-10.01,-8.42,-10.51,-9.41,-6.69,-7.06,-6.19,-8.77,-9.21,-8.49,-13.57,-8.08,-9.35,-8.92,-8.17,-8.94,-11.56,-8.86
206,-11.302,-9.612,-10.571,-11.835,-11.006,-14.778,-12.755,-13.439,-11.81,-8.5922,-10.586,-12.337,-9.8933,-9.8239,-9.9508,-13.23,-10.963,-11.671,-7.3172,-11.531,-10.867,-11.047,-16.203,-10.165,-9.3491,-10.517,-12.999,-11.662,-16.005,-7.5905
207,-15.261,-14.865,-13.901,-16.629,-15.456,-18.627,-17.914,-16.392,-16.909,-13.08,-15.225,-16.754,-14.357,-14.113,-15.294,-17.142,-14.462,-16.771,-12.148,-14.161,-14.583,-15.519,-17.513,-13.807,-11.688,-14.862,-17.864,-16.696,-17.618,-13.181
208,-8.3242,-3.8752,-5.4957,-7.3074,-5.1762,-8.3451,-8.5068,-9.4004,-10.064,-3.314,-3.7734,-9.1632,-7.4222,-4.6095,-5.0121,-8.6923,-4.3749,-6.0922,-2.6521,-4.8275,-5.2444,-4.5739,-11.178,-4.7718,-3.1511,-3.3016,-8.4404,-8.6573,-11.835,-3.9872
209,-16.89,-15.42,-20.94,-20.75,-17.32,-18.85,-21.84,-17.11,-20.88,-16.31,-16.51,-20.53,-18.55,-16.12,-17.84,-18.09,-15.57,-18.9,-17.3,-17.95,-17.26,-19.05,-23.35,-16.9,-18.86,-18.43,-18.59,-19.9,-19.77,-14.73
210,-13.88,-12.75,-15.66,-17.39,-13.98,-16.68,-17.4,-14.6,-17.51,-13.47,-13.32,-18.11,-14.79,-15.49,-15.71,-15.24,-13.07,-15.51,-12.75,-12.94,-13.88,-15.04,-18.98,-12.37,-15.96,-14.58,-14.16,-15.06,-16.5,-13.71
211,0.1431,2.0225,1.4613,-1.5894,0.46138,0.0077062,-0.64828,-0.97035,-0.47863,2.0353,1.2264,-0.68862,0.19724,1.7015,1.1365,0.54149,1.563,1.5825,3.3103,0.54252,0.013102,0.51632,-3.5168,1.0348,1.7097,1.2914,-0.42805,-0.5138,-4.192,2.9337
212,-0.82,1.15,0.51,-2.64,-0.3,-1.21,-1.94,-1.1,0.2,2.34,1,-1.31,-0.8,1.36,0.76,-0.47,0.14,0.34,2.2,-1,0.15,-0.38,-5.44,-0.4,-0.71,0.05,-1.05,-1.46,-5.6,2.09
213,-3.36,-0.31,-1.34,-3.64,-1.89,-2.97,-3.58,-3.93,-4.99,-0.21,-1.53,-3.9,-2.19,-1.28,-2.13,-2.36,-1.59,-1.68,-0.07,-2.33,-2.21,-2.21,-8.95,-1.55,-0.6,-0.9,-3.1,-2.74,-7.47,-0.01
214,-12.24,-10.09,-11.58,-13.15,-12.03,-15.87,-13.97,-13.97,-14.57,-8.59,-10.56,-13.08,-10.75,-9.28,-10.66,-14.96,-11.2,-11.97,-7.87,-11.53,-10.8,-10.68,-17.34,-11.97,-10.43,-10.9,-15.52,-12.01,-16.42,-7.94
215,-16.881,-12.986,-19.215,-19.608,-15.94,-16.484,-19.172,-16.141,-19.359,-15.259,-15.059,-18.008,-16.319,-16.866,-16.225,-17.081,-14.598,-16.029,-15.162,-14.305,-15.524,-16.819,-19.694,-13.675,-16.887,-17.758,-15.771,-15.967,-17.369,-13.81
302,-20.06,-19.68,-18.8,-21.06,-22.29,-20.49,-17.98,-19.34,-22.04,-13.63,-22.45,-22.01,-23.16,-15.29,-22.02,-16.6,-20.64,-18.62,-19.06,-15.3,-18.01,-16.04,-17.48,-15.94,-12.47,-14.06,-19.54,-16.04,-17.08,-14.1
303,-18.69,-17.77,-15.43,-19.12,-21.29,-15.78,-18.18,-19.22,-15.8,-10.83,-14.91,-18.19,-17.34,-12.76,-18.19,-15.91,-14.8,-13.18,-15.89,-14.63,-14.74,-16.56,-18.9,-13.74,-14.38,-12.02,-17,-15.89,-17.32,-12.36
305,-17.57,-17.49,-17.34,-18.1,-19.59,-19.55,-19.9,-19.41,-15.95,-10.84,-17.45,-21.36,-19.51,-12.25,-20.09,-14.99,-18.11,-17.38,-19.11,-15.72,-18.22,-13.44,-17.41,-14.4,-12.49,-12.9,-18.68,-12.85,-21.13,-12.67
306,-19.88,-19.25,-16.89,-21.68,-23.03,-20.58,-21.24,-18.19,-16.39,-10.28,-17.19,-20.35,-18.65,-10.8,-19.03,-18.53,-16.64,-17.44,-16.64,-20.57,-21.27,-22.47,-20.37,-14.54,-14.66,-19.61,-19.41,-20.01,-16.05,-17.68
307,-16.66,-18.63,-16.26,-18.99,-19.7,-14.6,-16.47,-16.88,-17.85,-8.98,-15.52,-15.14,-15.2,-11.9,-18.72,-12.83,-18.21,-14.28,-20.6,-15.13,-19.27,-17.05,-18.65,-14.3,-15.42,-13.18,-16.69,-16.06,-15.61,-17.14
310,-18.26,-16.69,-17.04,-19.82,-20.14,-17.78,-20.78,-17.97,-11.1,-7.34,-14.16,-19.04,-18.64,-7.98,-16.7,-11.38,-13.41,-17.21,-13.53,-10.75,-13.79,-13.72,-15.36,-11.73,-10.09,-15.83,-17.43,-10.33,-16.52,-10.23
311,-21.97,-21.46,-20.52,-22.47,-23.5,-21.17,-23.05,-19.34,-16.4,-12.78,-17.18,-25.68,-20.56,-12.86,-21.08,-15.44,-20.28,-17.22,-19.03,-16.01,-21.3,-22.78,-16.54,-18.12,-11.31,-18.96,-19.01,-16.15,-17.41,-15.66
312,-18.09,-16.64,-17.04,-19.94,-17.48,-12.26,-15.68,-12.29,-9.35,-7.08,-11.91,-14.78,-14.48,-7.01,-13.29,-17.89,-15.13,-10.17,-10.82,-12.03,-14.14,-16.98,-13.45,-8.09,-6.92,-15.36,-13.88,-14.54,-10.8,-10.14
313,-20.43,-20.86,-20.34,-20.02,-19.93,-19.46,-20.83,-18.89,-16.49,-16,-18.1,-25.98,-19.58,-14.12,-22.16,-17.08,-22.35,-15.46,-20.42,-18.35,-19.46,-19.6,-17.96,-18.28,-14.4,-17.21,-17.57,-15.18,-19.4,-12.34
314,-14.91,-14.77,-14.28,-18.24,-20.61,-14.77,-15.63,-15.02,-16.41,-8.19,-15.77,-15.87,-14.81,-10.04,-15.82,-11.72,-14.99,-12.66,-15.55,-12.72,-14.53,-14.22,-19.29,-15.69,-13.33,-8.83,-14.6,-11.97,-15.5,-15.44
315,-17.721,-16.469,-15.792,-18.249,-20.525,-17.67,-16.143,-16.54,-19.06,-14.189,-16.666,-19.619,-19.783,-12.044,-18.995,-19.224,-18.453,-15.305,-15.479,-11.298,-16.143,-13.087,-16.59,-15.265,-8.6327,-13.202,-16.272,-13.955,-14.216,-15.625
316,-19.16,-18.8,-18.48,-20.43,-23.25,-19.59,-22.26,-20.25,-17.88,-11.3,-19.66,-22.07,-20.31,-15.07,-19.82,-15.84,-20.53,-17.41,-20.93,-17.67,-17.65,-15.87,-16.9,-14.05,-14.45,-14.18,-19.44,-15.03,-19.73,-10.26
317,-13.63,-17.2,-15.35,-16.52,-17.87,-12.64,-13.51,-14.77,-14.85,-8.28,-14.28,-14.09,-14.65,-11.16,-14.46,-11.97,-16.65,-12.63,-17.68,-14.76,-15.82,-13.28,-16.12,-13.3,-12.91,-12.35,-13.26,-14.01,-15.13,-14.97
318,-14.16,-16.7,-16.01,-17.58,-16.9,-12.74,-15.07,-12.46,-11.48,-7.92,-9.53,-15.78,-10.53,-6.36,-15.22,-13.21,-11.03,-9.45,-11.35,-11.43,-12.13,-14.01,-17.76,-8.32,-7.76,-9.57,-13.27,-12.44,-11.55,-10.3
319,-13.28,-13.06,-13.46,-16.23,-16.96,-11.11,-13.44,-13,-12.88,-8.59,-10.54,-14.58,-11.5,-7.72,-13.8,-12.05,-10.8,-10.61,-11.98,-11.72,-10.63,-11.99,-17.16,-10.19,-9.49,-9.75,-12.15,-11.32,-13.39,-10.79
320,-21.31,-20.62,-19.26,-22.82,-21.81,-14.63,-19.68,-14.9,-12.35,-7.78,-12.28,-18.87,-17.77,-7.14,-16.88,-20.81,-19.48,-15.87,-11.02,-15.22,-18.31,-21.17,-14.91,-7.88,-7.56,-18.96,-17.86,-16.92,-11.09,-14.07
321,-19.68,-19.94,-19.25,-19.53,-19.4,-17.76,-18.43,-18.44,-13.93,-11.88,-13.81,-21.78,-17.84,-13.52,-19.07,-14.54,-14.46,-17.26,-17.99,-17.3,-21.01,-20.68,-17.44,-15.1,-12.74,-17.47,-16.38,-15.19,-17.56,-13.77
322,-16.93,-18.63,-16.71,-18.94,-19.14,-14.5,-15.17,-13.42,-12.6,-7.39,-11.84,-17.19,-12.47,-8.75,-15.3,-15.72,-14.44,-10.95,-15.03,-14.11,-14.34,-16.45,-17.79,-10.55,-9.8,-14.35,-13.51,-15.14,-13.52,-14.18
323,-18.47,-22.29,-17.45,-19.78,-22.27,-22.34,-22.94,-20.17,-23.73,-15.42,-21.62,-21.15,-23.13,-16.17,-22.85,-16.12,-20.18,-19.13,-22.34,-20.66,-22.65,-21.01,-22.92,-19.55,-18.91,-18.09,-20.9,-18.44,-20.25,-18.42
401,-16.29,-18.13,-17.49,-18.22,-18.92,-15.71,-19.6,-16.17,-20.15,-15.91,-16.9,-21.42,-17.72,-12.91,-19.95,-14.3,-18.18,-13.46,-19.05,-19.15,-17.95,-18.41,-23.34,-16.57,-13.92,-15.25,-15.23,-16.67,-13.24,-12.92
402,-18.49,-16.75,-17.64,-19.81,-21.46,-18.93,-18.95,-16.74,-20.53,-16.22,-16.49,-20.83,-17.1,-16.02,-21.58,-15.99,-21.04,-14.57,-20.31,-19.31,-19.92,-23.34,-28.53,-20.43,-14.01,-15.67,-15.04,-16.92,-16.48,-14.98
403,-21.771,-18.157,-21.936,-25.295,-23.259,-18.934,-21.613,-22.524,-23.231,-11.524,-17.867,-25.054,-17.489,-13.531,-22.631,-20.261,-23.895,-17.45,-23.893,-23.318,-22.763,-18.886,-23.54,-20.4,-15.319,-15.475,-19.728,-20.214,-18.435,-19.766
404,-18.83,-14.44,-15.87,-17.81,-19.36,-18.51,-18.13,-17.26,-22.26,-8.61,-15.51,-22.59,-19.91,-15.51,-20.66,-18.7,-18,-14.55,-18.3,-17.31,-21.49,-23.08,-20.76,-16.38,-11.84,-16.86,-17.33,-16.6,-14.21,-13.68
405,-22.7,-21.72,-22.34,-26.27,-24.22,-23.13,-25.2,-22.55,-23.5,-19.64,-22.18,-25.17,-23.07,-16.35,-23.94,-21.12,-24.96,-20.55,-24.72,-24.76,-23.89,-22.15,-27.36,-24.95,-18.18,-19.73,-22.93,-22.41,-21.21,-21.39
406,-18.558,-14.079,-20.061,-21.998,-21.889,-16.512,-19.843,-18.524,-21.841,-11.078,-11.069,-22.948,-14.898,-7.2103,-16.84,-14.704,-22.729,-16.739,-18.147,-21.104,-20.089,-16.935,-22.28,-20.428,-13.445,-14.552,-15.605,-16.448,-15.66,-15.322
407,-19.34,-18.33,-18.42,-20.11,-21.22,-14.38,-19.33,-15.69,-15.06,-8.72,-15.75,-21.89,-20.79,-13.98,-21.51,-18.28,-16.18,-13.95,-17.49,-21.27,-19.91,-21.66,-19.77,-14.69,-9.73,-17.11,-15.78,-15.9,-18.53,-15.01
408,-19.73,-18.93,-18.86,-20.01,-19.89,-13.94,-15.89,-14.33,-10.29,-7.54,-10.07,-19.25,-17.84,-8.36,-16.51,-19.76,-16.45,-11.73,-12.76,-15.13,-16.87,-20.05,-16.1,-9.02,-7.76,-15.92,-15.53,-15.9,-11.6,-13.24
409,-19.37,-18.38,-19.05,-20.08,-21.52,-17.04,-18.28,-16.55,-14.01,-12.13,-15.7,-21.29,-18.84,-12.95,-21.07,-16.21,-18.48,-14.33,-18.88,-20.69,-20.69,-21.97,-23.93,-17.5,-9.16,-16.07,-14.47,-16.73,-15.86,-13.63
410,-19.2,-20.52,-20.98,-21.46,-22.17,-16.32,-17.14,-15.1,-10.85,-7.37,-14.5,-22.41,-20.78,-10.51,-17.83,-19.04,-14.43,-16.98,-15.46,-20,-20.03,-22.68,-22.53,-9.97,-8.6,-21.41,-18.28,-19.34,-16.81,-16.85
411,-21.54,-20.47,-18.55,-21.66,-25.79,-21.72,-22.3,-15.05,-16.3,-10.26,-13.22,-25.45,-19.03,-14.29,-17.89,-22.67,-14.8,-16.48,-13.46,-20.53,-21.31,-23.92,-25.72,-11.24,-10.89,-22.87,-18.38,-22.47,-14.52,-15.12
412,-17.98,-17.87,-16.59,-18.68,-23.74,-19.07,-20.69,-17.58,-18.27,-17.55,-18.18,-24.03,-16.26,-15.74,-17.9,-18.08,-16.83,-18.64,-16.75,-18.1,-18.74,-20.37,-23.61,-15.06,-17.26,-19.52,-19.39,-18.7,-19.34,-16.86
413,-19.31,-18.38,-18.31,-20.48,-22.85,-19.17,-20.31,-18.33,-20.53,-18.49,-17.71,-22.78,-19.15,-15.58,-21.5,-18.28,-22.93,-16.35,-17.9,-18.85,-22.18,-22.16,-29.03,-18.2,-13.74,-16.89,-16,-19.19,-15.92,-14.52
414,-25.5,-24.95,-23.89,-29.7,-28.9,-24.38,-27.17,-25.07,-29.8,-20.7,-22.01,-29.81,-24.7,-20.22,-27.5,-24.41,-29.37,-22.55,-26.75,-27.77,-28.51,-25.69,-31.56,-25.11,-20.6,-26.89,-24.78,-27.73,-25.42,-24.1
501,-13.7,-8.705,-22.067,-20.079,-21.545,-14.045,-23.773,-10.755,-16.507,-5.1498,-15.769,-18.04,-17.006,-8.3576,-10.513,-14.954,-12.247,-9.223,-8.246,-13.128,-11.913,-11.447,-19.548,-15.483,-10.441,-10.465,-11.637,-9.6622,-13.482,-9.7392
502,-16.48,-9.29,-24.09,-21.95,-22.96,-13.95,-21.65,-11.52,-13.88,-5.58,-17.62,-13.07,-14.64,-7.52,-13.19,-11.89,-12.26,-9.38,-8.82,-16.26,-14.24,-11.96,-21.42,-19.22,-12.77,-11.99,-14.19,-12.43,-19.47,-7.73
503,-18.53,-13.25,-19.3,-17.38,-20.77,-14.86,-19.02,-15.48,-20.76,-12.23,-15.69,-21.64,-13.72,-10.98,-16.03,-16.51,-14.77,-13.42,-17.06,-17.96,-19.07,-21.85,-20.6,-14.06,-15.97,-16.43,-20.24,-14.7,-13.38,-15.94
504,-6.56,-6.21,-14.28,-11.3,-9.74,-5.36,-15.12,-6.16,-14.75,-3.15,-5.29,-15.79,-11.98,-3.29,-5.35,-8.29,-8.11,-3.18,-4.15,-6.65,-7.44,-4.76,-9.26,-6.61,-4,-4.78,-6.64,-4.73,-5,-5.15
505,-22.92,-17.81,-21.29,-22.55,-22.63,-20.73,-21.95,-15.72,-18.28,-13.79,-18.47,-20.88,-19.44,-14.1,-16.17,-19.28,-19.06,-16.54,-11.45,-20.77,-19.92,-22.57,-26.37,-15.88,-15.25,-17.59,-21.67,-19.16,-16.87,-10.8
506,-2.87,-2.04,-5.96,-3.99,-4.03,-1.92,-7.35,-3.12,-7.12,-0.73,-0.43,-6.62,-4.05,-0.62,-1.84,-2.83,-1.77,-0.27,-2.67,-1.42,-2.66,-2.37,-4.44,-2.53,-1.46,-0.23,-4.16,-1.54,-1.45,-1.12
507,-17.75,-10.14,-24.61,-23.37,-19.17,-17.01,-19.06,-12.63,-14.11,-8.23,-15.81,-12.43,-19.1,-14.56,-14.3,-11.36,-16.18,-14.01,-10.67,-17.04,-14.96,-12.25,-22.67,-14.78,-11.05,-17.22,-16.07,-13.1,-16.44,-8.5
508,-6.49,-4.82,-14.86,-12.38,-11.47,-5.82,-16.05,-5.55,-14.81,-2.88,-7.84,-15.12,-11.59,-3.06,-5.37,-10.77,-8.48,-3.14,-4.58,-7.36,-7.43,-5.14,-11.94,-7.41,-6.04,-4.89,-7.19,-5.18,-6.21,-6.48
509,-20.985,-14.168,-21.132,-19.011,-21.49,-16.767,-20.272,-17.189,-20.866,-8.4835,-16.136,-22.399,-16.682,-11.861,-16.919,-19.278,-15.513,-11.275,-10.46,-18.628,-20.092,-22.583,-22.37,-17.659,-17.221,-15.95,-18.58,-17.503,-16.945,-12.756
510,-19.86,-13.48,-22.61,-22.35,-20.71,-16.1,-20.21,-15.34,-20.18,-11.03,-15.83,-17.11,-20.79,-12.91,-16.21,-16.11,-18.02,-14.28,-10.17,-20.37,-19.08,-17.26,-24.67,-17.49,-14.16,-19.52,-24.34,-20,-16.6,-9.35
511,-17.37,-12.48,-24.34,-23.26,-22.15,-15.95,-20.02,-13.65,-17.85,-8.05,-17.47,-14.79,-19.32,-12.69,-16.51,-14.46,-16.3,-12.82,-11.56,-21.19,-20.85,-13.46,-23.48,-20.04,-18.64,-18.41,-24.09,-19.07,-18.85,-9.1
512,-15.92,-11.44,-19.73,-16.71,-14.51,-9.85,-19.23,-10.28,-20.53,-5.66,-10.2,-21.71,-16.13,-6.56,-9.5,-15.59,-12.23,-7.49,-6.84,-9.85,-11.45,-12.49,-14.24,-12.66,-10.12,-9.61,-9.94,-10.29,-10.29,-9.72
601,3.64,4.73,2.6,1.11,4.02,3.38,1.25,3.34,2.23,5.69,6.07,2.76,3.61,6.34,3.12,3.89,4.85,6.31,2.74,4.07,2.81,2.8,2.13,2.92,4.62,4.92,2.56,3.69,3.96,4.7
602,-4.06,0.26,-5.76,-4.27,-3.19,-1.34,-6.14,-2.1,-4.55,0.63,-3.41,-4.25,-5.26,-1.1,-1.23,-6.47,-1.4,-0.26,-1.28,-5.11,-5.42,-4.68,-6.04,-0.6,-3.38,-0.28,-2.29,-3.57,-2.79,-2.24
603,1.0528,3.1822,1.2654,0.45625,1.6354,1.7099,-0.47256,1.6171,0.69578,3.2306,4.0375,0.62209,1.3099,4.1663,2.0198,1.6831,3.1229,4.3776,1.2354,1.8906,1.2294,1.1175,-0.013202,0.13926,2.5431,3.4209,0.55816,1.8194,2.3929,2.658
604,-15.46,-9.28,-15.8,-13.93,-14.97,-9.59,-17.04,-11.89,-13.95,-9.3,-13.47,-11.06,-15.25,-11.12,-13.14,-13.23,-13.51,-10.33,-13.32,-11.94,-14.08,-16.82,-17.93,-8.45,-13,-12.15,-12.28,-11.88,-11.67,-9.41
605,2.17,3.99,2.26,1.57,3.01,3.03,0.67,2.8,1.6,4.52,4.9,1.65,2.83,5.14,3.34,3.04,5.01,5.16,2.81,3.31,2.09,2.01,1.48,1.19,3.73,4.58,1.83,3.09,3.49,4.14
606,-0.26085,2.3095,-0.31261,-0.69041,-0.45561,1.2349,-2.3583,0.48978,-0.77384,2.8852,1.1759,-0.42868,-3.033,2.6238,0.76203,-0.74113,1.3816,2.2256,0.38111,1.2645,-0.85277,-0.86179,-1.9376,0.29113,0.71032,1.8653,-0.66741,0.19105,1.7298,1.6339
607,1.42,3.16,0.86,0.37,2.1,1.3,0.25,1.51,1.06,4.17,4.64,1.66,1.91,4.35,1.43,1.9,3.7,4.95,1.19,1.74,1.64,1.62,0.25,1.1,3.25,3.54,0.93,1.68,2.81,3.06
608,-7.72,-3.27,-9.47,-7.47,-7.08,-4.84,-8.66,-6.67,-7.87,-2.34,-5.42,-5.85,-6.94,-4.98,-6.18,-7.7,-5.97,-3.76,-4.28,-6.4,-5.85,-7.21,-10.11,-4.6,-7,-4.41,-7.09,-6.55,-5.9,-5.3
609,1.4587,3.1718,0.9612,0.39315,1.5362,1.4699,-0.53474,1.4094,0.65372,3.0894,4.2207,0.78561,0.92596,4.4343,1.2919,1.5443,2.5439,4.4369,0.52848,1.4089,1.2976,0.96372,-0.3518,0.31227,2.8239,3.2695,0.67883,1.6461,2.3269,2.1582
610,-0.55206,2.2593,-0.20347,-0.67936,-0.25234,1.4945,-2.1505,0.56784,-0.37682,2.8841,1.7159,-0.64904,-1.5296,2.5611,1.0479,0.12873,2.2307,2.9298,0.79123,1.3535,-0.24658,-0.42471,-1.7113,-0.064609,1.1791,2.5193,-0.82641,0.8385,1.9561,1.9798
611,1.56,3.67,1.55,0.69,2.65,2.23,0.29,1.87,0.96,4.15,4.5,1.82,1.89,4.67,2.07,2.18,4.21,5.12,1.56,2.56,1.79,1.62,0.6,1.12,3.36,3.75,1.46,2.17,2.85,3.36
612,-0.54074,2.6149,-0.24359,-0.86529,-0.7525,1.0492,-2.3582,1.3125,-0.52609,3.2293,2.1494,-0.46827,0.59378,2.6564,1.2695,-0.31318,1.9764,3.0549,0.79737,0.6292,0.42064,-0.15177,-1.6734,0.18721,2.1241,1.259,-0.36071,0.019356,1.3306,1.5605
613,-8.4749,-2.685,-8.4481,-6.093,-6.934,-3.7497,-9.6267,-6.1005,-6.9519,-2.3581,-4.1762,-3.2286,-8.2521,-3.5059,-4.9654,-5.7262,-4.0393,-2.6427,-5.5497,-5.6431,-6.1313,-7.4977,-8.8756,-3.4554,-6.4916,-4.9031,-6.522,-5.419,-4.0033,-5.2637
614,-0.32,2.78,-0.03,-0.61,0.92,1.29,-1.65,0.88,-0.71,2.35,2.78,-0.84,0.05,3.05,1.46,-0.1,1.28,3.38,-1.01,0.53,0.2,-0.09,-1.57,-0.5,1.44,2.37,-0.59,1.09,1.11,1.24
615,-9.53,-5.49,-10.18,-9.45,-8.42,-5.87,-11.39,-8.83,-6.92,-4.73,-9.01,-7.69,-12.24,-7.68,-7.91,-9.99,-8.84,-6.18,-8.27,-6.65,-9.57,-10.11,-11.86,-4.62,-7.76,-7.25,-7.69,-7.7,-7.83,-5.37
616,0.81,3.46,1.53,0,1.14,2.27,-0.75,1.65,0.52,3.71,2.79,0.15,0.27,4.2,2.14,1.87,3.88,3.58,1.42,1.84,0.94,0.93,-0.82,0.47,2.29,3.4,-0.22,2.22,2.42,2.95
617,-6.54,-2.22,-8.26,-6.52,-7.82,-2.86,-7.39,-6.34,-6.94,-1.61,-3.52,-3.78,-7.46,-3.26,-4.16,-8.41,-3.78,-1.59,-3.32,-5.44,-4.64,-5.64,-9.08,-3.84,-6.55,-4.02,-5.97,-6.32,-4.26,-4.21
618,2.38,3.99,2.23,1.69,3.05,3.15,0.56,2.84,1.87,4.64,4.21,1.46,2.35,5.4,3.87,2.72,4.9,4.84,2.75,3.58,2.1,1.95,0.74,1.56,3.65,4.73,1.29,2.9,3.52,4.32
701,-14.7,-13.61,-16.72,-17.49,-12.96,-11.63,-18.65,-19.07,-13.1,-11.86,-19.93,-13.06,-15.35,-12.4,-15.97,-12.45,-14.78,-10.95,-19.25,-15.57,-15.68,-15.59,-18.96,-10.03,-10.17,-13.11,-15.83,-12.45,-19.24,-17.33
702,-4.89,-2.67,-3.59,-4.89,-8.56,-2.95,-7.35,-5.1,-4.78,0.35,-10.34,-2.56,-6.43,-3.05,-1.65,-5.18,-2.55,-3.22,-5.56,-2.98,-4.05,-3.21,-5.77,-2.96,-1.84,-1.96,-4.53,-4.04,-3.72,-3.89
703,-18.91,-16.77,-21.93,-20.66,-15.17,-15.93,-22.9,-19.88,-15.84,-14.5,-19.83,-19.85,-18.34,-18.62,-19.56,-16.25,-18.41,-17.48,-18.24,-18.86,-18.76,-21.68,-25.61,-12.11,-13.01,-18.1,-19.86,-13.97,-19.6,-17.68
704,-2.27,-0.34,-2.32,-6.09,-10.92,-1.28,-5.45,-3.29,-1.54,0.47,-6.49,-4.14,-6.95,-0.34,-0.45,-2.09,-0.7,-2.31,-2.64,-2.37,-3.23,-2.02,-4.33,-1.4,-0.62,-1.23,-2.17,-1.73,-2.34,-1.92
705,-4.62,-1.91,-3.06,-4.45,-10.4,-3.69,-7.33,-4.83,-3.54,-0.97,-7.34,-4.64,-5.37,-3.18,-2.31,-4.17,-2.08,-2.37,-3.97,-3.04,-4.31,-3.86,-6.01,-3.16,-2.65,-1.8,-3.9,-4.64,-2.83,-4.79
706,-13.69,-13.22,-18.89,-16.42,-16.3,-14.54,-19.59,-13.3,-13.48,-9.73,-16.81,-17.5,-17.69,-16.81,-16.37,-13.82,-13.86,-17.32,-16.22,-16.11,-16.46,-19.25,-21.96,-10.85,-11.02,-17.49,-17.01,-12.55,-18.06,-12.53
707,-6.5595,-2.78,-6.8786,-7.6855,-8.739,-4.5433,-9.1596,-5.0081,-5.0075,-3.8487,-10.339,-6.9536,-11.684,-5.3199,-4.2819,-5.2912,-3.75,-7.2372,-7.2059,-5.9877,-7.8475,-6.8172,-8.5288,-4.5103,-2.6535,-4.9018,-5.2903,-4.203,-5.8658,-4.1788
708,-4.18,-2.14,-3.46,-5.76,-11.56,-3.22,-7.74,-5.08,-4.28,-1.14,-9.54,-3.89,-6.72,-2.69,-2.45,-4.52,-1.93,-2.47,-4.65,-3.73,-4.05,-3.71,-5.22,-2.88,-2.37,-2.57,-3.87,-4.42,-3.53,-3.95
709,-5.37,-2.1,-5.26,-8.46,-11.44,-2.84,-7.3,-4.63,-5.26,-4.31,-9.07,-8.1,-13.03,-3.86,-3.34,-4.41,-5.11,-5.91,-3.99,-4.54,-6.05,-5.44,-7.19,-3.85,-3.1,-5.2,-4.32,-3.61,-4.05,-4.49
710,-2.34,-0.81,-4.12,-3.36,-5.2,-3.23,-5.5,-2.35,-2.37,-0.74,-2.01,-0.93,-10.06,-1.62,-2.1,-3.53,-1.89,-4.23,-2.44,-2.18,-4.03,-3.44,-5.33,-2.75,-1.19,-1.74,-2.39,-3.27,-1.24,-2.44
711,0.6058,3.5311,1.0777,-0.0425,-2.0173,2.1602,-1.1767,0.3032,1.6363,4.4128,-0.73296,3.0932,-0.93823,3.0636,3.2603,1.3595,2.4244,2.8427,0.88339,1.6901,0.55568,1.1371,-0.25548,2.8796,2.7564,3.3652,-0.79092,0.90922,2.5843,1.4505
712,-8.53,-7.58,-13.22,-10.47,-13.26,-7.43,-16.02,-10.15,-8.72,-8.93,-18.17,-11.85,-11.77,-12.24,-13.13,-8.65,-7.98,-13.5,-13.68,-14.23,-15.07,-13.05,-15.87,-7.51,-6.4,-9.93,-11.53,-7.76,-16.49,-8.3
713,-5.6783,-4.5887,-8.2322,-7.7187,-8.4015,-5.6216,-10.291,-4.9377,-5.3826,-2.5775,-6.4295,-5.6449,-12.825,-5.3969,-6.413,-7.7379,-4.7812,-7.1319,-5.4532,-6.0326,-6.8078,-7.827,-10.217,-4.2607,-4.08,-5.2532,-5.5999,-4.793,-5.8737,-4.0025
714,-7.3,-4.27,-4.65,-6.57,-9.74,-4.63,-8.36,-6.79,-6.71,-1.57,-12.95,-4.16,-6.99,-5.31,-3.49,-7.1,-3.84,-3.48,-7.03,-4.91,-6.16,-4.33,-8.08,-4.01,-4.11,-4.07,-6.05,-6,-5.48,-7.66
715,0.78,4.01,1.86,0.67,2.49,2.17,-0.38,0.99,2.56,4.46,2.38,3.62,0.16,4.74,3.33,2.18,2.87,4.23,2.65,2.74,1.1,1.26,0.47,3.34,3.12,3.72,-0.83,1.99,4.08,3.77
716,-6.25,-4.74,-5.21,-5.65,-9.57,-4.84,-9.1,-5.45,-6.11,-4.84,-15.58,-6.2,-8.8,-5.56,-3.42,-5.87,-2.87,-6.17,-10.62,-10.15,-8.98,-4.96,-7.56,-3.85,-3.61,-3.1,-8.43,-4.82,-11.1,-5.83
717,-13.22,-7.19,-8.44,-10.02,-11.92,-8.05,-12.32,-9.34,-9.65,-9.36,-17.43,-8.44,-10.86,-8.15,-6.51,-10.17,-6.83,-7.93,-15.42,-9.71,-12.33,-7.94,-11.36,-8.72,-7.11,-7.19,-9.27,-9.2,-11.87,-11.02
718,-14.568,-9.044,-12.731,-11.097,-12.702,-10.173,-16.581,-12.011,-11.134,-11.718,-20.212,-12.556,-12.555,-13.026,-13.287,-11.714,-8.943,-12.331,-17.28,-14.968,-15.412,-12.465,-13.194,-9.9487,-8.4798,-12.224,-13.538,-10.382,-15.996,-12.77
719,-2.61,-1.09,-1.97,-3.81,-9.83,-2.6,-3.68,-3.11,-2.37,0.64,-4.29,-1.2,-4.3,-2.37,-0.5,-2.41,-2.03,-0.57,-2.86,-1.58,-3.68,-2.97,-4.24,-1.93,-2.34,-0.08,-3.21,-3.32,-1.78,-2.49
720,0.01,2.72,0.62,-0.74,-3.5,1.67,-1.76,-0.55,0.83,3.15,-0.74,1.27,-2.99,2.7,2.02,-0.24,1.31,0.79,0.36,0.56,0.32,0.62,-0.8,1.29,1.78,1.6,-1.18,0.44,1.6,0.99
721,2.54,5.04,3.24,1.7,3.82,3.46,0.63,2.44,3.04,5.44,4.07,4.49,1.65,5.89,4.03,3.28,4.34,5.46,4.66,2.78,2.86,2.8,1.78,4.37,3.77,5.14,0.01,1.44,4.71,4.56
722,-0.66,1.63,-0.2,-2.07,-4.26,0.51,-2.22,-0.73,-0.19,1.57,-0.6,0.06,-4.39,1.32,0.3,-1.11,0.18,0.02,-0.64,0.17,-0.84,-0.86,-1.4,0.85,0.59,0.63,-1.59,-0.99,1.54,0.36
801,-8.8668,-3.6303,-6.8551,-5.8553,-8.2917,-7.8519,-10.677,-8.8489,-5.7689,-2.905,-13.067,-9.6791,-8.2199,-5.4831,-4.8681,-7.435,-4.1168,-5.0354,-8.8367,-6.8582,-6.2754,-6.5858,-10.788,-5.5809,-4.7537,-4.2358,-5.8698,-6.9937,-10.469,-8.2015
802,-4.9232,-0.063898,-0.45704,-1.237,-2.7464,-2.349,-4.4435,-3.0858,-3.1669,1.7973,-5.1753,-0.96215,-0.59277,-1.738,-0.41842,-3.976,-0.43624,-4.0242,-1.3436,-0.87502,-2.7693,-2.2747,-5.1474,-0.37388,-0.45922,-1.5183,-3.6023,-2.6354,-2.5121,-1.7258
804,-13.06,-5.0424,-5.8219,-7.8781,-10.421,-6.687,-11.057,-11.414,-7.6759,-3.2564,-12.313,-6.5405,-6.2126,-7.2988,-5.2527,-8.1404,-5.142,-8.1385,-8.2444,-6.2261,-8.66,-7.8278,-10.858,-6.0044,-4.7479,-5.7398,-7.3895,-9.5515,-9.0687,-9.052
805,-12.32,-6.6318,-7.8386,-11.394,-15.119,-10.199,-12.296,-12.666,-9.6967,-5.3321,-11.535,-10.749,-7.5733,-7.5869,-8.5563,-9.7287,-6.6394,-9.6335,-9.441,-8.5886,-9.1257,-8.452,-14.544,-7.2321,-6.7945,-8.2759,-10.324,-10.308,-15.179,-11.378
806,-9.58,-5.2,-6.03,-7.63,-7.9,-7.74,-10.63,-9.43,-7.55,-3.3,-13.58,-9.06,-8.1,-6.85,-5.58,-8.79,-5.02,-6.71,-8.31,-6.82,-8.34,-7.63,-11.09,-6.15,-6.01,-5.52,-7.55,-8.55,-8.77,-11.63
807,-10.71,-6.77,-6.38,-9.75,-10.44,-7.26,-12.93,-11.64,-9.34,-4.21,-15.13,-6.99,-8.11,-8.86,-6.43,-10.12,-6.52,-7.86,-9.56,-7.9,-9.7,-7.59,-12.08,-7.13,-6.86,-7,-9.03,-9.95,-9.77,-10.35
808,-5.19,-0.78,-1.96,-2.31,-3.7,-4.76,-6.11,-4.95,-3.96,0.28,-6.41,-2.9,-2.3,-1.79,-2.65,-4.79,-0.98,-4.39,-2.33,-1.9,-3.96,-3.06,-6.51,-1.11,-0.75,-2.03,-4.2,-3.76,-4.92,-1.1
810,-14.69,-9.02,-10.52,-10.19,-13.26,-11.42,-14.58,-19.04,-9.96,-8.79,-15.2,-11.49,-10.98,-9.26,-8.4,-12.71,-7.94,-8.34,-14.9,-11.37,-11.49,-10.04,-16.19,-8.71,-8.16,-8.69,-10.1,-11.97,-13.73,-11.59
812,-7.06,-2.74,-2.34,-4.8,-8.2,-5.54,-6.39,-6.54,-5.18,-1.57,-8.14,-3.25,-2.77,-3.45,-3.67,-5.5,-2.41,-6.65,-3.82,-3.91,-5.51,-5.39,-9.51,-2.82,-3.06,-3.83,-4.47,-5.62,-6.13,-4.86
1001,-6.76,-4.61,-7.36,-8.27,-8.77,-8.56,-13.14,-8.54,-7.81,-3.41,-9.88,-6.51,-5.18,-5.54,-5.15,-11.74,-3.96,-6.54,-5.56,-7.61,-7.98,-7,-11.29,-5.91,-5.96,-6.35,-6.26,-5.41,-8.29,-3.25
1002,-8.61,-7.09,-9.2,-11.12,-13.25,-7.44,-11.25,-14.94,-7.49,-6.36,-14.88,-8.2,-9.28,-6.42,-7.65,-10.85,-7.23,-7.39,-10.6,-8.06,-10.03,-10.09,-14.24,-6.9,-6.75,-7.31,-8.34,-8.15,-12.89,-7.47
1003,-15.27,-9.64,-10.51,-17.93,-14.23,-7.5,-12.26,-19.53,-9.17,-14.27,-18.19,-12.26,-12.51,-8.03,-8.02,-18.98,-7.66,-6.79,-14.03,-15.58,-12.35,-11.95,-21.78,-6.4,-7.63,-8.54,-7.32,-9.58,-17.99,-5.9
1004,-19.69,-22.18,-23.22,-23.09,-22.91,-16.58,-27.86,-24.79,-19.46,-13.74,-18.47,-15.12,-21.31,-21.94,-21.48,-16.52,-18.42,-17.29,-24.02,-21.87,-24.91,-26.39,-27.22,-12.95,-13.53,-16.16,-15.91,-14.24,-21.2,-17.42
1005,-18.88,-18.72,-21.5,-22.94,-18.51,-18.1,-25.12,-21.52,-25.17,-18.67,-21.99,-21.06,-20.77,-19.75,-21.42,-20.33,-22.07,-17.14,-19.83,-19.77,-23.15,-24.95,-27.08,-18.12,-18.6,-19.22,-22.37,-15.87,-22.89,-19.34
1006,-22.162,-20.995,-24.642,-22.932,-23.488,-19.089,-26.708,-22.319,-20.554,-17.07,-19.194,-17.55,-22.137,-20.197,-21.277,-18.243,-22.25,-19.321,-23.627,-21.846,-24.841,-25.274,-25.692,-17.234,-17.568,-20.816,-17.929,-18.212,-20.508,-15.785
1007,-20.82,-17.96,-22.24,-22.46,-22.37,-18.94,-23.02,-18.26,-21.77,-20.49,-20.56,-20.84,-22.18,-18.53,-20.7,-24.31,-22.67,-19.86,-21.32,-21.87,-22.99,-23.12,-24.48,-23.07,-21.86,-22.18,-19.89,-21.42,-18.51,-20.22
1008,-15.68,-10.69,-10.72,-18.35,-16.77,-7.64,-12.78,-19.99,-12.41,-13.82,-19.61,-13.31,-14.25,-9.99,-9.46,-18.71,-8.65,-7.65,-16.23,-16.85,-11.85,-13.04,-22.2,-6.46,-7.63,-9.03,-7.48,-9.79,-17.8,-6.19
1009,-12.59,-14.49,-15.85,-18.42,-15.85,-12.57,-18.04,-22.5,-12.23,-11.24,-19.24,-12.51,-17.21,-12.72,-15.32,-11.6,-13.6,-11.21,-18.7,-17.09,-15.74,-15.77,-22.6,-9.67,-9.92,-13.38,-14.26,-11.09,-17.78,-14.2
1010,-8.82,-6.05,-9.66,-13.86,-14.99,-15.46,-17.54,-12.85,-12.99,-5.2,-11.9,-9.01,-10.58,-9.49,-7.79,-15.61,-9.11,-10.75,-8.36,-15.08,-13.84,-10.14,-16.7,-9.76,-10.08,-12.38,-9.14,-8.1,-15.77,-9.19
1011,-15.46,-16.43,-19.28,-24.86,-21.3,-13.82,-25.6,-23.92,-17.05,-10.79,-17.09,-15.61,-18.83,-19.51,-18.82,-14.79,-16.92,-13.62,-20.4,-22.2,-23.42,-21.77,-26.98,-10.96,-10.91,-12.42,-13.78,-12.59,-21.63,-13.88
1012,-19.88,-18.57,-18.58,-20.93,-20.06,-13.81,-20.15,-24.29,-17.49,-18.59,-21.55,-15.09,-21.23,-16.11,-18.84,-25.7,-12.37,-13.45,-22.29,-21.96,-20.18,-20.19,-26.6,-10.36,-11.06,-14.74,-14.43,-12.25,-21.68,-9.54
1013,-6.8752,-3.1735,-5.2889,-7.0482,-8.1772,-7.3288,-9.3912,-7.2768,-7.1215,-2.5781,-12.388,-5.4963,-4.2669,-5.4646,-4.3849,-10.207,-3.2453,-7.166,-4.0035,-5.062,-6.6304,-6.3839,-11.231,-4.9315,-4.767,-4.77,-5.6951,-5.0246,-8.6902,-3.4452
1014,-14.58,-15.41,-17.97,-19.88,-18.31,-12.47,-20.51,-22.35,-13.06,-13,-19.18,-12.52,-15.84,-13.69,-13.01,-18.43,-11.09,-10.83,-20.51,-19.96,-21.72,-16.44,-23.11,-10.06,-9.89,-12.54,-12.85,-11.91,-19.93,-9.89
1015,-10.42,-5.85,-11.46,-11.19,-13.88,-11.65,-16.05,-11.37,-8.74,-5.47,-10.47,-8.15,-9.65,-8.33,-7.76,-13.78,-6.38,-9.71,-7.6,-11.85,-12.31,-10.15,-14.39,-7.35,-9.56,-9.59,-8.47,-7.64,-13.21,-6.85
1016,-11.422,-8.8208,-12.146,-15.22,-15.841,-11.838,-14.042,-15.447,-10.833,-7.9211,-14.346,-10.807,-11.649,-11.063,-9.5477,-13.637,-8.4958,-8.5981,-12.892,-14.492,-15.295,-12.916,-19.804,-9.0521,-8.9397,-9.8542,-10.113,-9.5016,-15.646,-7.3965
1017,-15.77,-14.07,-16.21,-18.83,-19.49,-10.53,-16.5,-22.77,-16.16,-14.7,-19.07,-13.43,-17.42,-11.97,-14.97,-18.1,-10.09,-10.27,-19.94,-19.3,-17.6,-16.06,-24.18,-9.04,-9.84,-11.81,-11.81,-11.72,-17.55,-11.03
1018,-4.51,-2.95,-5.14,-6.69,-7.47,-8.2,-14.07,-6.22,-5.32,-1.12,-7.64,-5.15,-3.97,-2.73,-3.63,-8.22,-2.73,-4.4,-3.16,-6.23,-5.27,-4.77,-10.25,-4.61,-3.86,-4.09,-4.7,-2.94,-7.37,-2.37
1019,-16.95,-18.61,-21.61,-23.16,-19.3,-16.04,-23.3,-23.68,-15.13,-17.07,-19.83,-14.39,-20.57,-15.95,-18.44,-21.81,-13.79,-15.26,-22.44,-22.13,-24.97,-19.93,-25.48,-12.31,-11.52,-15.24,-14.86,-12.15,-20.18,-10.79
1020,-21.77,-20.33,-24.33,-24.44,-22.69,-20.76,-26.16,-22.93,-19.36,-17.76,-17.95,-17.47,-23.43,-19.02,-23.14,-17.76,-19.82,-18.29,-23.45,-22.16,-25.5,-26.68,-25.11,-16.2,-17.44,-19.88,-17.68,-16.2,-20.11,-19.26
1101,-1.7976,1.4852,1.972,0.45588,-0.77855,0.068981,-1.4764,0.92563,-1.2435,2.7551,-1.9309,1.8844,0.62367,1.0252,2.296,-1.6766,0.057062,-2.756,0.39751,-0.16751,-0.73796,-1.5329,-2.7207,1.2606,2.2643,-0.35382,-2.3454,-1.9753,-0.039101,1.1492
1102,5.4773,5.8277,7.1438,6.0883,6.096,5.1533,5.3927,7.1515,5.2758,9.7651,4.3248,6.7694,5.7075,5.5291,7.2954,5.4603,6.0585,2.6554,5.7955,5.316,3.5735,4.4243,3.5101,6.846,6.6384,4.0935,3.4837,4.1287,5.4373,5.6891
1103,-7.12,-3.13,-3.35,-4.12,-5.08,-5.33,-4.94,-2.98,-6.36,-1.45,-6.46,-2.7,-2.91,-2.93,-3.87,-7.16,-3.71,-7.35,-2.83,-4.74,-6.32,-4.93,-7.1,-2.82,-2.98,-4.15,-5.97,-6.37,-5.76,-2.9
1104,-5.8064,-1.4171,-2.0307,-2.6708,-4.9305,-4.746,-3.1636,-3.5723,-3.8045,-2.3836,-9.1952,-2.6231,-2.2974,-3.1151,-5.2993,-5.9405,-3.9654,-7.2775,-1.944,-3.3869,-4.4806,-5.068,-8.7036,-1.6425,-2.3359,-3.3093,-5.6494,-4.385,-7.0995,-1.4351
1105,-6.1065,-2.9133,-3.8851,-4.8782,-6.2002,-5.5469,-6.3063,-4.0745,-5.4595,-2.2132,-6.9309,-3.9886,-3.1091,-3.0137,-5.2279,-6.2921,-4.1619,-6.2511,-2.3002,-5.1323,-5.3931,-5.1189,-7.3408,-3.4201,-1.5663,-3.9204,-6.5051,-6.3194,-6.6262,-2.6473
1106,-7.0591,-1.9,-1.094,-3.3087,-3.5397,-4.1347,-3.4526,-1.4782,-5.1962,-0.76695,-5.0147,-1.4607,-1.4057,-1.4187,-3.0569,-5.284,-3.1152,-6.0566,-1.3174,-3.5449,-5.4226,-3.5858,-5.4757,-1.4086,-1.5004,-3.6954,-5.3398,-5.9836,-3.602,-2.4978
1107,1.3811,4.903,4.648,3.5886,3.1157,2.8869,2.3424,3.686,2.3541,7.373,1.0585,4.544,3.2197,3.6864,5.7977,2.0133,4.0914,1.6455,3.314,3.7326,1.8751,2.7406,-0.46294,3.8264,5.1194,3.1357,1.6746,2.3086,3.3194,3.8884
1108,0.57,2.17,3.06,0.83,0.33,0.49,1.38,2.94,0.63,4.63,-0.65,2.95,1.98,1.36,3,0.1,1.18,0,2.09,-0.03,0.1,1.51,-0.93,3.14,2.89,0.23,-1.09,-0.72,0.23,2.03
1201,-19.52,-15.02,-17.06,-18.81,-21.61,-18.19,-21.45,-19.57,-23.33,-11.29,-17.74,-23.15,-18.96,-19.87,-20.02,-19.46,-18.29,-17.98,-15.31,-16.9,-22.03,-22.8,-22.7,-17.99,-13.64,-19.97,-18.05,-17.69,-17.24,-16.27
1202,-21.14,-16.66,-23.05,-25.33,-22.35,-20.07,-21.33,-16.47,-11.9,-11.1,-18.72,-22.28,-21.82,-14.26,-14.36,-25.58,-16.4,-19.66,-15.33,-22.88,-23.73,-23.69,-23.4,-11.13,-11.39,-20.81,-15.7,-15.38,-16.1,-15.66
1203,-18.77,-17.56,-18.7,-21,-22.6,-18.17,-19.29,-18.29,-14.2,-12.52,-17.55,-22.31,-21.02,-16.88,-19.35,-17.89,-15.62,-16.38,-16.6,-19.48,-18.95,-22.08,-26.31,-13.85,-12.01,-22.74,-16.37,-19.23,-18.72,-16.11
1204,-22.34,-16.32,-22.11,-21.16,-22.64,-20.84,-22.14,-17.51,-18.37,-16.57,-18.16,-22.46,-20.38,-16.78,-20.3,-20.22,-18.43,-16.61,-14.78,-23.06,-24,-25.44,-24.07,-15.84,-15.8,-19.36,-21.29,-18.79,-18.42,-17.65
1205,-23.053,-17.296,-22.565,-23.473,-23.987,-22.121,-22.92,-16.799,-13.202,-12.391,-18.944,-18.875,-20.89,-15.786,-16.998,-23.974,-18.279,-18.125,-12.332,-24.185,-25.649,-27.806,-26.38,-15.88,-11.959,-21.256,-17.638,-14.431,-17.927,-13.26
1206,-19.35,-15.14,-20.38,-18.65,-21.15,-18.62,-21.23,-19.48,-25.77,-14.82,-17.07,-23.51,-17.76,-14.26,-20.09,-20.53,-19.83,-20.13,-18.54,-18.26,-22.12,-22.25,-24.06,-18.52,-17.03,-17.39,-21.05,-18.34,-17.48,-16.04
1207,-18.9,-18.08,-21.75,-19.98,-22.86,-20.07,-20.54,-19.84,-14.84,-14.62,-17.99,-23.94,-20.33,-16.92,-17.11,-19.46,-18.29,-18.06,-15.23,-21.05,-19.84,-19.4,-21.22,-13.38,-12.9,-18.88,-17.4,-17.52,-16.77,-15.2
1208,-23.75,-16.67,-23.2,-21.98,-23.72,-20.08,-22.39,-18.07,-18.37,-15.07,-18.99,-23.06,-20.3,-15.3,-20.37,-21.14,-20.36,-15.69,-12.79,-22.18,-24.96,-27.13,-26.43,-17.08,-17.8,-19.6,-23.46,-21.8,-18.06,-13
1209,-20.83,-12.89,-20.56,-18.96,-22.07,-18.13,-18.96,-17.38,-21.96,-15.73,-17.7,-21.55,-16.59,-13.68,-19.95,-17.81,-17.18,-16.35,-19.3,-20.78,-22.18,-23.97,-23.84,-15.29,-17.85,-18.44,-22.36,-16.87,-16.65,-16.67
1301,-18.23,-11.36,-24.8,-21.17,-19.8,-17.36,-18.96,-15.37,-15.15,-7.88,-16.49,-11.53,-18.24,-15.18,-16.74,-12.72,-17.38,-15.1,-11.69,-16.87,-16.11,-12.25,-22.3,-11.35,-10.13,-17.08,-16.11,-13.41,-17.38,-9.54
1302,-18.2,-15.65,-24.81,-24.52,-20.21,-17.85,-21.82,-21.38,-14.16,-9.19,-19.88,-13.73,-23.14,-18.84,-20.28,-16.81,-18.47,-15.11,-10.5,-19.4,-18.9,-15.45,-26.55,-9.85,-11.36,-18.36,-14.18,-17.64,-19.75,-12.03
1303,-20.44,-15.02,-27.77,-25.04,-18.54,-18.82,-18.86,-18.31,-15.73,-8.95,-18.84,-13.19,-21.16,-17.44,-16.64,-18.38,-16.27,-15.43,-12.26,-17.68,-17.22,-12.83,-22.19,-10.3,-13.02,-16.63,-16.19,-15.76,-18.14,-12.02
1304,-15.605,-12.817,-17.321,-21.36,-21.757,-17.187,-22.673,-21.135,-14.16,-9.5714,-18.522,-12.309,-19.905,-16.206,-18.628,-17.717,-18.896,-14.062,-10.978,-19.421,-20.182,-16.689,-25.676,-11.262,-9.5351,-19.317,-12.494,-12.138,-19.492,-12.747
1305,-19.9,-12.41,-22.17,-20.48,-21.29,-18.39,-21.21,-14.1,-15.29,-10.01,-14.22,-13.37,-18.83,-14.15,-18.12,-13.77,-20.26,-15.28,-11.81,-20.19,-14.49,-15.21,-24.72,-16.99,-10.05,-17.36,-16.63,-12.59,-17.72,-10.96
1306,-22.66,-12.59,-20.06,-22.69,-24.07,-21.41,-22.82,-17.47,-14.99,-9.16,-17.55,-14.87,-20.86,-14.59,-15.68,-22.62,-18.38,-18.73,-12.03,-22.81,-22.66,-21.95,-25.26,-15.29,-9.26,-19.83,-16.79,-13.13,-18.85,-12.84
1307,-17.31,-13.33,-19.93,-21.8,-21.37,-20.64,-21.15,-17.71,-13.81,-12.99,-18.31,-13.65,-20.29,-15.08,-15.46,-21.54,-17.63,-17.43,-11.41,-22.14,-22.36,-21.61,-22.09,-14.17,-10.63,-19.35,-16.58,-14.61,-19.01,-13.84
1308,-18.05,-13.14,-15.85,-19.85,-20.96,-18.55,-22.05,-16.39,-16.12,-8.88,-15.02,-17.24,-17.8,-13.15,-14.54,-18.57,-16.06,-13.79,-14.93,-19.99,-18.79,-15.91,-24.64,-14.71,-11.73,-16.03,-17.41,-13.81,-16.51,-15.09
1401,-18.87,-19.43,-22.2,-23.45,-18.75,-18.37,-25.8,-22.16,-19.75,-19.24,-20.82,-20.78,-21.06,-17.48,-22.19,-21.75,-17.89,-19.21,-20.91,-19.7,-24.93,-23.81,-25.16,-14.39,-20.98,-17.05,-20.34,-17.97,-19.93,-18.44
1402,-20.095,-20.656,-23.311,-24.602,-20.882,-20.338,-25.694,-22.62,-18.241,-19.932,-21.623,-19.869,-22.744,-18.177,-24.219,-23.072,-18.71,-19.803,-23.567,-20.976,-24.91,-26.933,-26.465,-15.91,-19.48,-19.632,-18.194,-18.959,-20.502,-18.362
1403,-22.35,-18.7,-22.39,-22.5,-21.29,-19.78,-25.94,-20.99,-20.39,-20.71,-21.37,-20.8,-22.35,-17.98,-23.9,-20.21,-20.03,-21.07,-23.11,-20.15,-23.87,-29.19,-26.21,-17.62,-21.63,-22.52,-19.12,-22,-21.33,-21.26
1404,-19.51,-19.38,-21.86,-23.39,-21.58,-18.54,-25.3,-21.79,-24,-20.31,-21.38,-23.81,-19.29,-20.78,-22.82,-23.55,-25.14,-18.75,-20.59,-20.29,-25.4,-26.96,-27.37,-17.43,-24.9,-22.98,-23.62,-23.83,-22.57,-18.53
1405,-20.55,-18.94,-21.23,-21.99,-21.93,-18.11,-24.18,-18.69,-19.7,-21.14,-20.66,-20.01,-20.46,-18.06,-23.03,-19.67,-21.97,-17.05,-21.19,-19.61,-22.41,-28.98,-26.77,-16.51,-22,-23.37,-19.37,-21.65,-21.97,-19.07
1406,-22.39,-19.68,-20.13,-21.71,-21.6,-16.88,-22.67,-18.53,-21.17,-19.2,-18.93,-19.06,-20.53,-17.76,-19.48,-19.95,-20.33,-18.09,-20.43,-20.32,-21.21,-26.14,-25.12,-18.73,-20.89,-22.47,-19.35,-22.16,-18.07,-22.38
1501,-18.73,-15.26,-20.01,-19.89,-19.31,-15.28,-19.2,-15.53,-20.08,-14.53,-18.09,-16.8,-19.15,-16.4,-18.66,-16.6,-19.95,-14.17,-18.67,-18.75,-17.06,-18.26,-23.35,-17.26,-15.92,-15.82,-15.12,-16.2,-17.59,-13.67
1502,-22.3,-17.5,-24.95,-22.04,-23.05,-20.54,-24.11,-19.7,-20.26,-11.36,-21.44,-19.84,-21.4,-18.16,-18.97,-21.26,-20.41,-17.24,-14.15,-20.44,-16.95,-18.91,-27.11,-12.12,-13.37,-17.47,-18.02,-20.48,-18.93,-15.56
1503,-17.471,-10.934,-21.189,-18.196,-20.058,-13.682,-21.813,-14.581,-17.454,-10.624,-16.079,-15.909,-18.276,-14.021,-17.374,-20.445,-16.02,-11.09,-13.819,-17.178,-17.268,-17.867,-23.872,-13.371,-15.349,-11.509,-16.214,-19.052,-16.797,-12.284
1504,-21.33,-16.28,-22.35,-21.66,-20.59,-20.04,-24,-17.96,-22.2,-11.84,-20.96,-22.26,-20.31,-17.21,-20.31,-20.24,-21.5,-16.78,-19.74,-18.64,-18.23,-20.64,-24.76,-12.34,-13.76,-17.09,-15.92,-19.85,-20.54,-13.99
1505,-16.52,-13.17,-26.35,-24.52,-22.08,-15.35,-20.51,-15.84,-17.94,-8.04,-18.35,-12.71,-18.22,-12.83,-16.25,-18.03,-15.08,-14.17,-14.18,-19.38,-19.2,-16.57,-23.16,-15.66,-19.41,-15.83,-16.15,-17.77,-19.55,-10.46
1506,-8.3507,-5.7542,-19.057,-18.173,-19.379,-14.338,-19.13,-5.8878,-13.881,-4.0765,-11.677,-7.0211,-17.297,-6.2659,-10.555,-16.692,-7.2413,-4.9745,-5.2916,-9.9135,-5.7982,-10.827,-16.458,-8.511,-9.8367,-5.4146,-7.5996,-5.5193,-8.8933,-6.6798
1507,-20.02,-18.7,-23.64,-23.76,-17.76,-18.84,-22.49,-19.67,-21.3,-12.12,-21.23,-18.09,-21.6,-18.18,-22.84,-18.79,-22.28,-16.15,-22.25,-19.46,-21.04,-19.49,-24.7,-16.18,-16.1,-17.12,-14.06,-18.95,-20.23,-14.55
1508,-20.3,-14.69,-25.04,-22.77,-22.48,-15.44,-23.04,-16.5,-21.28,-9.47,-19.19,-18.93,-20.76,-14.3,-17.1,-23.9,-14.6,-14.4,-16.82,-19.94,-17.46,-20.49,-24,-14.77,-18.91,-14.41,-16.22,-19.46,-18.85,-13.3
1509,-7.44,-4.02,-15.18,-12.76,-14.27,-8.52,-13.27,-5.9,-10.04,-3.29,-7.12,-7.88,-16.88,-7.84,-6.61,-16.69,-6.65,-4.73,-5.47,-7.87,-8.74,-9.48,-12.54,-7.28,-8.89,-4.01,-7.24,-9.18,-7.75,-6.6
1601,-6.21,-4.74,-16.65,-14.91,-14.07,-5.24,-17.29,-6.42,-15.77,-3.62,-9.63,-13.85,-11.65,-3.68,-6.05,-13.32,-8.54,-3.83,-5.61,-8.25,-7.06,-5.3,-13.63,-7.32,-10.23,-6.34,-8.91,-6.52,-6.15,-7.23
1602,-5.0962,-2.8684,-14.824,-13.359,-13.141,-7.003,-9.885,-4.0451,-8.6601,-2.1834,-7.23,-5.8879,-16.68,-2.3609,-4.5846,-13.076,-3.8423,-2.7763,-4.1668,-6.5153,-3.8547,-7.121,-11.175,-4.4436,-6.3335,-3.4507,-6.2376,-4.5864,-4.1648,-4.9344
1603,-1.93,0,-4.42,-3.62,-3.09,-0.09,-4.17,-1.47,-3.02,1.27,0.22,-3.53,-4.98,0.83,-0.34,-3.59,0.31,0.69,-2.56,-2.13,-1.51,-1.59,-3.6,-2.28,-1.5,0.44,-2.76,-1.08,-0.89,-1.43
1604,-9.5883,-5.7651,-22.019,-20.683,-21.123,-12.081,-22.18,-6.1853,-15.112,-4.0072,-12.441,-11.445,-14.184,-5.94,-8.8101,-13.857,-9.9289,-5.266,-5.2412,-10.416,-8.7231,-9.4067,-16.703,-10.44,-11.355,-7.7048,-9.6577,-7.6396,-10.123,-6.952
1605,-4.6206,-2.7787,-10.376,-9.2438,-9.3203,-3.6663,-10.152,-3.9919,-11.155,-1.4717,-4.8473,-7.4268,-9.0964,-1.7479,-3.3057,-8.1243,-4.7595,-1.6574,-4.6445,-4.6637,-4.6026,-3.7783,-8.7947,-4.4566,-7.6323,-2.4753,-6.342,-4.0399,-3.2985,-4.3051
1606,-3.48,-1.34,-8.92,-6.18,-6.57,-1.77,-5.29,-2.68,-4.44,-0.67,-2.16,-4.25,-10.19,-0.31,-2.29,-7.49,-1.62,-1.26,-3.45,-4.97,-2.82,-3.51,-7.87,-3.19,-3.66,-1.15,-4.54,-3,-2.31,-3.51
1607,-7.27,-6.13,-20.21,-17.25,-16.69,-6.85,-20.97,-7.11,-18.63,-4.57,-11.82,-18.84,-15.28,-6.36,-7.45,-16.67,-12.39,-4.94,-5.92,-11.29,-10.57,-7.11,-15.87,-11.14,-11.94,-8.99,-9.19,-8.63,-9.95,-9.8
1701,-16.95,-14.47,-18.34,-19.21,-18.3,-15.4,-22.64,-15.02,-22.05,-13.45,-18.58,-18.22,-17.61,-17.93,-17.27,-21.64,-20.33,-16.71,-17.95,-16.07,-19.77,-22.53,-24.12,-16.14,-18.13,-17.31,-18.65,-19.22,-20.02,-18.3
1702,-10.104,-6.4217,-12.828,-12.436,-11.526,-7.715,-14.54,-9.8557,-11.131,-6.7482,-12.794,-10.294,-15.757,-8.5669,-9.5576,-14.722,-9.5306,-8.9361,-10.061,-8.9113,-13.102,-14.928,-16.868,-6.5154,-10.233,-10.687,-8.8907,-9.7699,-9.5726,-9.2251
1703,-3.1192,-1.1013,-5.3085,-4.9731,-4.5224,-1.6181,-6.8692,-2.7896,-4.219,-0.83719,-3.9592,-3.2404,-10.359,-2.5694,-3.2139,-6.8909,-3.1733,-3.3642,-2.7642,-2.6886,-5.6072,-5.8077,-9.0029,-2.3674,-2.2711,-2.1091,-2.8105,-3.3851,-3.1309,-2.5331
1704,-17.97,-17.49,-20.23,-21.05,-18.12,-18.25,-23.51,-17.57,-28.97,-18.41,-21.11,-19.72,-17.65,-19.59,-20.36,-22.22,-24.68,-18,-19.75,-17.67,-21.4,-25.1,-25.94,-19.29,-20.75,-19.94,-20.73,-24.44,-23,-22.06
1801,5.1,7.66,5.91,5.04,6.29,6.49,3.5,5.29,6.53,7.82,7.63,5.85,3.56,8.62,6.34,5.69,7.54,5.73,6.82,6.53,5.42,4.77,3.93,6.06,7.45,7.44,3.61,6.07,7.11,7.38
1802,2.83,5.88,3.05,2.2,3.24,4.63,1.46,3.54,4.18,5.63,4.91,4.1,1.73,6.07,4.18,3.31,5.24,3.57,4.6,4.31,2.94,2.58,1.62,3.86,5.26,5.03,1.35,3.97,5.16,4.86
1803,0.64,2.59,0.74,-0.52,-0.35,1.65,-1.6,1.23,0.69,2.92,2.32,1.82,-2.03,3.16,1.46,-0.07,1.81,0.11,1.16,1.89,0.01,-0.47,-1.04,1.77,2.75,2.71,-1.07,0.77,3.2,1.7
1804,2.18,4.84,2.56,1.43,2.32,4.41,1.14,2.8,3.74,4.9,4.15,4,1.42,5.34,3.61,2.83,4.54,3.75,3.57,3.92,2.52,2.08,1.53,3.89,4.6,4.8,1.37,3.16,4.88,4.36
1805,4.06,5.98,4.49,3.29,5.84,6.04,3.25,4.61,5.53,7.36,6.54,5.99,3.86,7.58,5.77,5.05,6.29,5.74,5.51,5.39,3.68,3.84,3.48,5.13,5.11,6.06,3.36,4.55,6,6.51
1806,4.9919,7.9166,6.1565,5.2942,6.762,5.9607,3.6785,4.9593,6.6621,8.1833,7.4787,6.8601,4.2879,8.9524,7.2843,6.4446,7.5212,8.4546,8.1093,6.5573,6.1275,5.6941,5.0701,6.9516,7.0508,7.4043,3.8357,6.0349,8.0974,7.3228
1807,4.56,6.41,4.47,4.37,4.57,5.65,2.9,5.16,5.33,7.46,6.86,4.39,2.83,7.33,5.23,4.25,5.97,5.81,5.36,5.84,4.74,3.68,3.07,5.08,6.02,6.54,3.18,5.45,6.05,6.88
1808,2.65,4.62,2.7,2.01,2.41,3.7,-0.03,3.22,2.13,5.02,4.03,1.8,1.07,5.31,3.02,1.81,3.47,4.05,3.3,4.12,2.17,1.31,-0.08,2.25,4.33,4.84,0.93,2.36,3.62,4.39
1809,1.57,4.47,2.57,0.78,2.18,3.51,0.58,1.88,2.27,4.72,3.35,3.44,0.8,4.97,3.42,2.1,3.52,4.14,4.05,2.64,2.78,1.94,0.86,3.75,3.54,4.43,0.06,1.38,4.4,3.74
1901,-18.92,-16.812,-23.172,-21.113,-19.442,-18.509,-19.707,-17.831,-15.351,-12.676,-17.226,-21.44,-18.897,-13.01,-19.85,-16.614,-16.947,-18.549,-18.067,-20.346,-22.706,-20.947,-24.738,-14.475,-14.344,-18.912,-16.991,-15.607,-17.783,-15.115
1903,-18.91,-13.19,-18.07,-22.56,-20.59,-19.64,-21.84,-15.23,-15.35,-8.64,-15.22,-15.51,-18.18,-13.85,-17.7,-16.62,-16.15,-20.05,-13.2,-22.7,-21.77,-23.13,-27.53,-11.9,-10.65,-19.23,-20.17,-14.28,-14.49,-16.53
1904,-20.77,-16.9,-21.5,-23.24,-23.15,-19.47,-21.18,-16.7,-14.62,-8.56,-14.09,-21.93,-21.03,-11.05,-18.51,-14.9,-16.04,-20.11,-12.58,-17.88,-22.06,-22.14,-16.44,-9.94,-10.94,-20.44,-20.16,-13.31,-15.75,-12.32
1906,-19.5,-16.96,-23.22,-21.95,-19.81,-18.15,-19.54,-16.95,-16.19,-13.31,-18.44,-22.38,-19.33,-12.63,-20.63,-17.21,-17.29,-19.06,-20.17,-19.91,-23.21,-21.54,-26,-17.32,-16.03,-19.08,-17.62,-15.78,-17.96,-15.53
1907,-18.17,-16.54,-21.44,-19.26,-18.93,-17.95,-17.88,-16.6,-13.08,-11.12,-15.27,-21.08,-18.55,-11.61,-21.36,-14.75,-16.22,-16.69,-16.29,-18.77,-19.43,-17.91,-18.33,-11.14,-13.94,-18.14,-17.4,-15.78,-16.09,-13.86
1908,-18.07,-16.34,-21.67,-19.83,-19.08,-21.61,-18.97,-15.66,-14.45,-6.71,-17.19,-20.82,-18.87,-9.54,-18,-14.77,-14.63,-15.76,-12.14,-14.8,-19.74,-17.42,-21.63,-9.26,-9.91,-16.71,-14.68,-12.22,-14.48,-9.41
1909,-19.25,-14.29,-18.58,-23.55,-19.76,-20.81,-22.31,-12.72,-15.44,-8.38,-13.55,-15.97,-18.41,-12.32,-17.35,-12.53,-17.4,-18.73,-12.17,-21.53,-23.15,-21.35,-21.89,-9.96,-10.19,-19.55,-21.06,-12.54,-13.55,-15.03
2001,-7.58,-4.43,-7.12,-8.72,-8.91,-8.94,-10.07,-6.84,-6.97,-4.13,-6.8,-7.48,-6.97,-4.55,-5.69,-7.73,-6.02,-6.33,-4.91,-7.19,-7.36,-7.09,-13.31,-5.04,-6.61,-5.83,-8.88,-7.12,-11.34,-6.15
2002,-7.5667,-4.5547,-6.642,-8.9512,-11.081,-8.9879,-9.7647,-7.2803,-7.545,-4.7141,-7.1478,-7.8145,-6.465,-4.5791,-5.9141,-8.2097,-5.0672,-6.6358,-5.4357,-6.8748,-8.4888,-7.968,-12.171,-5.274,-5.6802,-5.8861,-7.6973,-6.0517,-9.6231,-5.6004
2003,-7.3347,-4.7995,-7.3886,-9.1203,-10.135,-8.953,-8.5807,-7.363,-6.9362,-4.3006,-6.7791,-6.5369,-5.7154,-5.4754,-6.5309,-7.2551,-6.8335,-7.6189,-4.5982,-6.2562,-6.5317,-7.0992,-12.265,-5.01,-5.5741,-5.374,-9.1461,-6.2414,-11.973,-4.7463
2004,-5.9118,-3.0684,-5.9912,-9.3976,-9.5479,-8.156,-7.9766,-6.4383,-6.555,-3.3552,-5.7496,-5.8344,-5.1124,-2.6696,-4.7527,-5.6115,-4.2562,-5.0015,-3.4181,-7.9588,-6.1391,-5.2939,-11.364,-4.2402,-3.7629,-4.8104,-5.9697,-4.4615,-7.0971,-2.9341
2101,-6.64,-2.95,-5.57,-6.13,-7.05,-6.34,-8.26,-8.09,-6.2,-3.26,-12.19,-6.35,-3.75,-5.38,-4.7,-8.99,-3.53,-7.83,-5.34,-5.07,-5.97,-5.83,-10.23,-3.29,-4.62,-5.14,-6.44,-5.84,-8.63,-4.11
2102,-7.8153,-3.778,-5.4725,-7.073,-9.8977,-7.2297,-8.6108,-10.202,-7.6695,-4.0545,-11.139,-7.4571,-5.055,-6.6909,-5.0061,-7.9534,-4.7568,-8.445,-6.3108,-4.9679,-6.7375,-6.2663,-12.344,-4.7686,-5.1892,-6.2215,-7.0301,-7.7965,-8.9505,-6.1532
2103,-7.89,-6.38,-7.22,-10.11,-12.08,-9.74,-10.76,-11.1,-9.65,-5.33,-14.52,-8.44,-9.34,-7.48,-7.32,-10.73,-6.6,-8.15,-10.25,-8.39,-8.55,-8.55,-12.9,-8.45,-7.86,-7.21,-9.8,-8.85,-11.9,-7.34
2104,-8.81,-4.81,-6.2,-9.05,-12.33,-7.69,-9.93,-14.5,-7.39,-3.63,-14.91,-5.33,-6.96,-7.14,-5.67,-10.14,-5.37,-8.13,-8.33,-7.41,-7.87,-7.84,-16.36,-6.74,-5.97,-6.74,-7.39,-9.25,-13.63,-8.96
2105,-7.73,-3.88,-6.26,-7.03,-9.83,-6.14,-8.02,-11.32,-8.2,-4.49,-9.07,-6.8,-5.17,-5.25,-6.35,-9.46,-5,-8.05,-8.1,-6.13,-8.21,-6.75,-13.58,-4,-5.09,-5.43,-7.71,-7.38,-11.67,-5.38
2106,-8.16,-5.03,-7.95,-8.94,-12.57,-9.24,-11.16,-14.46,-8.76,-4.73,-11.59,-8.15,-7.47,-6.56,-6.67,-10.69,-5.83,-7.9,-9.89,-7.98,-8.14,-7.79,-13.24,-6.48,-6.83,-6.38,-8.47,-7.86,-10.93,-5.71
2107,-6.63,-3.24,-5.68,-7.4,-13.96,-6.28,-9.42,-13.91,-7.26,-3.03,-9.45,-6.23,-4.64,-5.13,-5.85,-8.94,-4.28,-7.18,-11.22,-5.25,-6.27,-5.71,-12.95,-5.57,-4.68,-3.56,-6.29,-6.79,-10.96,-4.05
2108,-9.5,-5.92,-7.04,-8.77,-8.88,-6.58,-10.78,-8.69,-8.09,-4.13,-16.74,-6,-7.64,-6.15,-6.51,-8.57,-6.02,-6.12,-13.31,-7.01,-7.78,-8.02,-11.23,-6.88,-5.85,-6.38,-7.56,-8.53,-9.91,-8.97
2109,-8.8,-6.19,-6.23,-9.15,-9.88,-7.15,-10.02,-8.97,-9.57,-3.8,-15.41,-6.56,-7.91,-8.5,-5.57,-8.95,-5.55,-7.37,-9.29,-6.81,-8.46,-6.7,-11.03,-7.45,-6.63,-7.06,-8.68,-8.46,-7.72,-7.08
2110,-6.35,-2.51,-4.91,-5.85,-5.88,-6.15,-7.09,-6.07,-6.14,-2.86,-9.35,-5.1,-3.24,-4.98,-4.74,-7.14,-4.67,-7.05,-3.26,-3.85,-5.52,-5.84,-11.1,-3.1,-4.17,-4.14,-6.81,-4.71,-7.55,-4.19
2202,4.382,7.591,5.5678,5.2473,5.486,5.2139,2.6543,4.1066,4.9601,8.1197,3.0972,5.2097,3.3021,6.3275,7.2762,4.3645,6.6813,5.7193,4.8173,5.2867,4.2397,4.5359,1.9714,5.702,5.8662,7.2772,5.5349,4.5907,6.152,4.9528
2203,6.3446,9.2528,6.6566,6.362,7.2892,7.2277,4.1112,6.3394,8.3315,9.0378,6.9629,8.2283,4.8961,8.9974,8.2574,6.7312,7.7161,8.8136,7.5207,6.9759,5.2417,7.0228,4.7474,8.5437,8.4517,8.2317,5.8297,6.9429,8.562,7.1558
2205,4.6172,7.3689,5.5901,5.764,5.9652,2.9182,4.1022,5.5688,5.1085,9.4146,4.2539,6.9521,4.5557,6.4878,7.9864,4.3714,6.8395,6.1341,5.0938,6.1702,5.1465,4.4514,1.6866,5.9415,6.3547,7.4216,5.4812,4.894,6.3757,7.032
2206,3.0887,5.2691,5.0103,3.6556,5.3345,3.4991,2.2901,4.5458,2.8765,8.6223,3.1148,5.5424,3.7048,5.0349,6.1263,3.2118,4.6059,3.2622,4.5538,5.1087,3.9302,4.207,1.6753,4.6612,6.0719,3.6248,3.3662,3.4023,5.0077,5.506
2207,1.39,4.8,4.6,3.34,2.72,1.88,1.31,3.54,2.75,7.14,1.63,5.48,3.35,4.48,4.99,2.21,4.47,3.28,3.37,3.3,2.53,2.62,-0.21,3.48,3.66,5.06,2.41,1.57,3.82,5.63
2208,-1.95,1.85,-0.13,-1.02,-3.84,-0.74,-3.43,-1.97,-0.07,2.9,-3.98,-2.94,-2.51,0.93,1.31,-0.88,1.61,0.83,-1.2,0.19,-1.02,-0.94,-3.53,0.18,0.58,1.29,-0.18,-1.67,0.6,-1.92
2209,3.17,6.31,3.58,4.34,2.79,4.63,0.79,2.85,5.04,6.7,3.3,5.43,2.13,6.92,6.38,4.42,4.69,4.44,4.35,4.65,2.44,2.87,2.14,5.64,6.16,5.73,2.6,4.26,4.84,4.85
2301,-18.334,-11.67,-22.171,-20.441,-20.946,-18.364,-20.132,-20.9,-22.071,-13.467,-19.024,-18.606,-18.911,-11.319,-14.398,-17.37,-17.99,-14.295,-14.005,-17.376,-17.259,-18.487,-23.46,-14.375,-16.307,-19.739,-17.589,-15.464,-17.365,-12.095
2302,-17.51,-12.07,-20.84,-20.26,-18.19,-18.18,-19.51,-17.43,-18.57,-10.89,-15.7,-17.65,-17.9,-10.14,-12.14,-16.28,-14.28,-12.51,-14.28,-16.91,-17.02,-17.26,-21.28,-14.15,-12.94,-18.26,-14.82,-16.06,-15.48,-13.66
2303,-10.05,-4.27,-9.96,-17.58,-16.44,-8.87,-17.71,-13.67,-9.87,-5.27,-12.26,-6.37,-11.93,-4,-7.59,-11.92,-12.18,-6.13,-4.13,-16.05,-6.99,-7.57,-21.2,-4.67,-5.66,-9.7,-11.27,-6.48,-8.99,-3.68
2304,-21.92,-19.58,-25.11,-24.88,-22.74,-23.14,-26.07,-24.24,-28.13,-21.24,-21.41,-28.15,-22.84,-18.1,-22.71,-21.22,-19.12,-22.38,-22.19,-23.14,-22.38,-23.55,-25.91,-21.68,-24.08,-24.85,-23.34,-23.69,-21.16,-19.31
2305,-17.396,-12.49,-20.658,-20.837,-20,-17.068,-22.343,-20.133,-21.005,-14.602,-18.045,-18.867,-19.02,-12.445,-16.687,-20.027,-17.048,-16.439,-15.362,-19.439,-17.922,-18.715,-23.747,-13.935,-15.224,-19.711,-19.529,-14.737,-17.196,-13.639
2306,-7.1354,-3.7022,-7.416,-14.074,-11.589,-6.6823,-11.195,-10.201,-7.1775,-4.2096,-7.219,-5.8598,-6.7451,-2.7809,-6.2049,-6.223,-6.4916,-4.9647,-4.2411,-13.126,-6.5308,-6.2071,-14.163,-3.8428,-5.2947,-5.6694,-7.9873,-4.9401,-7.7859,-3.3934
2308,-20.239,-14.037,-22.23,-20.69,-20.524,-18.897,-21.449,-19.893,-24.246,-13.314,-16.955,-18.217,-20.412,-13.037,-15.462,-22.745,-18.806,-18.7,-17.772,-17.74,-19.547,-21.002,-22.117,-13.109,-17.751,-19.87,-20.37,-16.31,-18.906,-16.309
2309,-13.409,-6.0516,-13.414,-18.458,-17.551,-11.944,-18.052,-15.972,-12.322,-7.9173,-13.871,-9.1688,-13.864,-4.8725,-13.068,-13.775,-14.356,-9.167,-7.9675,-18.105,-11.544,-10.328,-21.939,-7.1083,-6.4714,-12.221,-10.757,-7.2414,-10.729,-6.6705
2310,-14.5,-5.06,-14.31,-18.17,-17.1,-14.91,-15.98,-15.14,-10.56,-7.45,-14.54,-8.42,-13.75,-4.29,-11.3,-12.35,-15.52,-6.93,-9.49,-16.26,-12.08,-9.19,-22.17,-5.88,-7.74,-13.78,-13.74,-8.14,-10.06,-5.23
2311,-15.42,-12.18,-17.92,-17.88,-17.18,-16.97,-18.25,-14.68,-16.55,-11.32,-13.69,-15.9,-16.48,-10.18,-13.62,-16.72,-13.28,-13.95,-13.5,-16.45,-15.4,-16.41,-20.55,-14.78,-11.9,-15.96,-14.93,-16.55,-17.13,-14.66
2312,-12.54,-4.82,-11.52,-15.99,-16.99,-12.89,-15.24,-12.67,-9.82,-5.5,-11.73,-9.33,-11.27,-4.2,-6.67,-9.35,-8.78,-6.04,-5.75,-16.42,-6.59,-7.73,-17.9,-5.76,-5.83,-12.65,-8.44,-7.03,-9.66,-5.35
2313,-14.518,-4.8766,-14.484,-20.091,-18.671,-10.416,-20.074,-16.034,-10.395,-5.4416,-16.883,-6.6665,-16.531,-4.4159,-11.68,-12.813,-17.175,-6.8888,-5.572,-19.771,-8.2816,-7.8944,-24.622,-5.3644,-5.3889,-10.591,-10.759,-6.5363,-8.415,-5.7664
2315,-11.24,-7.65,-15.92,-15.41,-15.75,-9.15,-16.12,-13.41,-15.09,-7.22,-11.45,-10.57,-12.49,-6.15,-10.28,-18.55,-14.39,-8.74,-7.37,-13.94,-10.63,-10.43,-19.25,-6.06,-7.2,-11.09,-11.56,-6.71,-8.67,-7.29
2401,-0.89746,1.8946,0.39112,-1.9864,-2.0288,-2.3722,-2.0542,-4.0653,-3.3115,0.91166,-0.78698,-0.50356,-1.57,0.41858,-0.14834,-2.588,-1.8667,-0.51234,2.2603,-0.6782,-1.5375,-0.72878,-6.9627,0.016097,-0.66932,-0.95127,-6.1973,-0.29054,-8.7033,-0.065758
2402,-13.43,-8.6,-12.87,-12.6,-11.33,-15.48,-11.91,-14.35,-10.62,-8.98,-9.98,-12.78,-12.72,-10.77,-9.63,-13.1,-8.39,-11.73,-6.26,-13.05,-10.55,-9.35,-15.19,-7.94,-12.19,-10.49,-17.4,-9.96,-12.25,-7.99
2403,-12.16,-9.46,-10.93,-12.16,-10.88,-14.55,-15.08,-13.55,-11.88,-8.63,-9.45,-12.12,-9.51,-8.39,-10.49,-12.24,-8.27,-11.47,-7.57,-9.85,-10.36,-9.24,-13.68,-9.54,-11.05,-11.34,-13.11,-11.2,-11.9,-9.23
2404,-10.74,-6.96,-10.98,-11.61,-11.2,-12.03,-10.55,-12.87,-10.15,-8.09,-8.24,-11.1,-9.44,-7.31,-7.92,-12.08,-7.37,-11.36,-5.31,-10.12,-9.1,-8.84,-15.4,-8.02,-9.41,-9.62,-13.54,-10.52,-12.05,-7.87
2405,-4.87,-1.59,-4.26,-3.95,-5.04,-5.64,-3.5,-6.89,-4.78,-1.79,-3.91,-6.42,-4.95,-3.35,-3.23,-3.85,-4.39,-4.02,-1.89,-3.7,-3.28,-3.12,-8.76,-2.74,-2.99,-3.19,-9.75,-2.89,-9.86,-2.91
2406,-15.479,-12.892,-15.375,-15.189,-14.086,-18.564,-14.157,-17.427,-13.147,-11.722,-12.435,-15.222,-15.199,-13.469,-13.195,-9.9602,-13.827,-13.607,-8.6929,-9.1242,-10.899,-11.765,-17.472,-9.0911,-12.801,-11.748,-19.241,-10.484,-12.677,-10.206
2407,-10.46,-8.1,-10.05,-11.39,-10.71,-14.3,-14.06,-12.84,-11.47,-4.77,-9.82,-11.95,-8.91,-6.05,-10.13,-13.57,-8.14,-11.04,-7.09,-7.67,-9.1,-7.14,-11.55,-9.82,-10.24,-9.63,-14.43,-9.45,-10.04,-6.26
2408,-2.97,-0.26,-2.65,-4.42,-4.46,-5.35,-3.91,-7.18,-4.52,-1.51,-3.05,-3.38,-4.06,-2.56,-2.32,-4.86,-2.59,-2.87,0.34,-3.22,-3.11,-2.72,-8.75,-2.09,-2.62,-3.24,-7.08,-2.73,-10.21,-1.12
2409,-10.92,-7.7908,-12.12,-10.165,-10.853,-12.572,-10.157,-11.394,-8.4465,-4.6697,-7.8711,-12.853,-8.7877,-8.7312,-8.7689,-5.5635,-11.157,-6.2771,-4.1877,-4.7106,-6.1227,-7.2444,-11.22,-4.3127,-5.9605,-6.6598,-14.582,-6.2476,-11.25,-4.4552
2410,-13.7,-9.39,-13.7,-13.75,-11.96,-17.52,-13.08,-16.16,-10.16,-9.41,-11.21,-13.74,-14.2,-12.43,-11.35,-12.51,-9.63,-13.31,-5.94,-13.23,-10.32,-8.24,-14.52,-8.55,-11.01,-9.18,-17.18,-9.22,-11.45,-7.75
2411,-15.52,-12.64,-14.83,-15.99,-13.35,-18.71,-14.2,-17.23,-12.87,-12.66,-12.89,-14.66,-15.12,-14.52,-13.22,-10.65,-11.33,-15,-9.38,-11.89,-12.02,-10.45,-15.51,-9.67,-13.17,-10.89,-18.76,-10.19,-13.17,-10.87
2501,-18.79,-10.91,-20.47,-21.18,-20.12,-16.55,-22.31,-20.17,-17.45,-15.8,-19.67,-21.87,-21.14,-15.03,-18.43,-19.87,-18.03,-18.36,-13.99,-21.79,-18.61,-17.33,-26.28,-11.24,-8.45,-18.96,-16.76,-13.11,-15.41,-12.95
2502,-15.696,-11.586,-18.176,-16.755,-15.577,-15.365,-15.662,-14.121,-15.174,-8.4792,-13.195,-20.233,-17.625,-8.7103,-14.164,-18.1,-15.177,-13.061,-11.908,-14.13,-15.024,-13.911,-19.68,-12.983,-13.287,-15.256,-16.332,-11.431,-14.807,-11.542
2503,-16.773,-11.9,-19.019,-20.739,-18.837,-14.445,-21.233,-17.766,-15.165,-13.598,-17.377,-18.722,-18.148,-12.917,-18.061,-15.983,-15.654,-15.329,-14.23,-19.351,-17.39,-17.119,-24.174,-10.351,-9.6755,-17.495,-16.459,-11.938,-14.311,-12.896
2504,-13.57,-10.02,-20.04,-17.37,-19.31,-11.68,-17.79,-17.48,-14.59,-7.19,-15.57,-13.39,-16.61,-10.82,-11.48,-22.34,-18.05,-9.36,-10.2,-15.01,-13.01,-13.24,-20.33,-7.71,-10.94,-11.88,-11.76,-9.33,-12.17,-10.08
2601,-8.05,-2.38,-3.54,-4.8,-4.49,-4.92,-6.95,-9.78,-4.46,-0.63,-9.35,-4.63,-5.37,-2.21,-1.74,-6.81,-2.33,-3.53,-7.23,-3.41,-4.69,-4.53,-8.74,-3.43,-3.11,-2.11,-3.67,-5.34,-5.9,-5.19
2602,-0.20152,4.5424,3.7341,2.4778,1.5016,1.4396,0.42241,1.9211,1.5642,6.3152,0.22925,3.9536,2.3026,3.6566,4.6224,0.94891,3.3702,1.166,2.6633,3.3499,1.8307,2.1614,-1.0969,3.6326,4.1567,3.4111,0.89612,1.4135,2.5179,4.2226
2603,-3.11,1.11,0.73,-1.09,-3.41,-1.83,-1.99,-2.09,-1.47,3.22,-4.87,0.3,-1.44,-0.11,0.66,-2.55,1.02,-1.12,-1.05,0.42,-1.97,-1.61,-4.96,-0.17,1.13,0.33,-1.62,-2,-0.38,0.46
2604,0.37,4.11,2.99,2.38,1.78,0.52,0.43,2.62,1.07,6.88,0.67,3.93,2.71,2.87,3.87,1.12,3.78,1.29,2.25,3.25,1.38,1.29,-1.95,3.33,2.92,3.63,1.25,1.12,2.73,3.94
2701,-21.302,-19.57,-16.409,-19.695,-20.952,-19.623,-23.053,-19.897,-16.185,-12.502,-18.684,-24.564,-18.51,-14.171,-19.38,-18.974,-18.488,-18.603,-18.986,-18.178,-18.806,-19.927,-21.822,-19.002,-15.829,-20.255,-18.163,-17.995,-18.906,-15.932
2702,-12.66,-11.68,-10.09,-14.09,-16.13,-12.42,-9.94,-14.8,-12.89,-10.77,-6.99,-11.59,-13.77,-3.86,-14.31,-12.4,-14.07,-8.82,-9.42,-7.47,-8.96,-6.35,-12.79,-12.6,-4.04,-7.09,-9.45,-8.44,-11.94,-8.81
2703,-17.6,-15.74,-19.32,-21.19,-21.27,-16.91,-21.97,-18.31,-13.97,-10.09,-14.03,-18.68,-16.65,-12.62,-16.41,-13.4,-13.22,-15.75,-14.82,-13.43,-15.51,-14.59,-20.34,-16.4,-13.82,-15.54,-16.36,-14.29,-17.67,-10.92
2704,-20.91,-20.31,-17.76,-19.7,-22.02,-16.67,-17.19,-20.93,-19,-9.78,-19.99,-22.22,-19.96,-12.22,-21.06,-15.56,-18,-16.98,-16,-13.29,-15.57,-14.73,-14.48,-15.78,-10.98,-12.84,-17.78,-11.7,-15.3,-12.97
2706,-11.29,-9.1,-7.88,-14.33,-16.93,-13.41,-6.37,-16.09,-14.77,-8.24,-5.69,-8.82,-10.56,-3.9,-14.39,-12.24,-14.7,-9.13,-5.26,-5.1,-8.33,-6.37,-9.73,-13.85,-3.28,-3.6,-8.08,-6.52,-12.17,-8.84
2707,-6.27,-2.61,-5.53,-7.9,-10.15,-3.01,-8.11,-4.83,-4.31,-4.46,-11.82,-9.12,-12.82,-4.25,-3.74,-4.79,-4.36,-6.8,-5.75,-5.11,-7.52,-6.19,-7.35,-3,-1.34,-4.83,-4.1,-3.09,-5.07,-3.96
2708,-19.94,-18.56,-16.2,-17.71,-18.11,-16.43,-20.26,-17.53,-16.05,-12.19,-15.89,-21.86,-16.97,-13.4,-17.4,-17.05,-17.49,-17.23,-16.84,-15.78,-18,-18.31,-20.57,-16.75,-15.14,-17.45,-16.73,-17.21,-17.38,-14.91
2709,-18.35,-17.77,-17.01,-18.2,-19.66,-18.96,-20.9,-20,-14.36,-12.07,-17.61,-21.46,-17.58,-12.67,-17.87,-19.3,-16.81,-17.67,-19.34,-19.15,-16.91,-18.1,-21.08,-19.95,-16.69,-19.24,-17.21,-17.84,-20.71,-16.27
2710,-18.28,-15.74,-15.86,-16.43,-18.99,-16.21,-14.74,-15.03,-17.55,-10.09,-17.25,-17.65,-19.99,-8.02,-16.73,-13.67,-17.89,-13,-11.28,-7.23,-10.52,-9.83,-13.19,-11.07,-6.23,-10.13,-13.75,-9.8,-12.04,-10.17
2801,-6.7,-3.75,-6.58,-12.86,-11.09,-9.11,-14.77,-10.9,-10.35,-4.44,-9.36,-5.22,-7.91,-3.76,-7.2,-12.98,-8.61,-7.14,-5.9,-11.3,-8.59,-6.83,-18.25,-4.62,-4.03,-7.66,-9.87,-5.3,-11.18,-5.04
2903,-9.7678,-5.9075,-6.5039,-8.8442,-11.393,-11.733,-9.3666,-13.817,-7.518,-5.2374,-12.67,-7.7744,-6.2251,-6.4711,-9.0752,-9.6646,-7.0802,-9.9391,-8.5537,-11.02,-9.6871,-8.9897,-16.671,-6.5666,-7.1574,-7.511,-9.6435,-8.7178,-11.316,-6.427
2911,-8.042,-3.9849,-5.892,-6.8304,-9.1547,-7.048,-7.7033,-9.7632,-6.5651,-3.8536,-8.3981,-7.4509,-5.1614,-6.5395,-7.6592,-9.8769,-6.2813,-7.5098,-5.7523,-7.0347,-7.7873,-7.1291,-13.858,-5.1754,-6.5421,-5.5779,-8.5529,-6.6713,-9.4653,-5.1751
2912,-11.016,-6.1627,-6.7512,-9.4158,-13.539,-13.761,-13.378,-15.175,-7.1777,-5.3831,-10.9,-7.0976,-8.4549,-9.0796,-8.728,-10.753,-9.4425,-9.7881,-9.8053,-9.9356,-8.8849,-8.3684,-18.485,-5.6711,-7.8377,-6.5658,-10.24,-8.5601,-13.337,-6.7302
2921,-7.61,-4.03,-5.12,-5.89,-8.85,-8.05,-6.69,-10.02,-5.63,-3.91,-9.41,-5.58,-4.55,-4.37,-7.2,-8.12,-4.57,-8.16,-4.59,-7.32,-7.33,-6.71,-10.48,-5.18,-5.45,-5.96,-8.16,-6.43,-10.92,-4.87
2926,-11.87,-6.51,-7.38,-9.64,-13.24,-15.61,-11.06,-17.12,-7.62,-6.34,-12.95,-7.78,-7.63,-7.19,-9.62,-10.48,-8.82,-11.01,-10.28,-12.84,-9.55,-9.06,-20.05,-8.16,-7.57,-7.62,-10.72,-9.31,-14.32,-6.85
2930,-9.11,-5.68,-7.29,-8.67,-14.45,-9.55,-9.03,-11.2,-8.41,-5.65,-13.17,-8.65,-6.35,-7.84,-9.29,-11.38,-9.34,-9.53,-7.15,-8.98,-10.14,-10.49,-15.61,-7,-7.7,-8.94,-10.02,-9.62,-10.24,-7.1
3004,-13.293,-8.7589,-9.1665,-13.055,-16.785,-14.945,-16.687,-10.57,-8.2359,-7.0861,-11.636,-9.7957,-15.091,-11.662,-9.1414,-16.288,-12.097,-11.512,-8.5416,-11.284,-12.137,-13.604,-19.2,-8.6494,-10.986,-9.7952,-15.008,-10.762,-17.42,-8.5164
3005,-13.821,-8.0258,-12.965,-14.083,-14.94,-15.419,-17.485,-12.031,-9.3012,-9.837,-11.669,-10.452,-9.6587,-10.876,-12.204,-14.954,-10.708,-12.601,-9.1623,-12.556,-12.065,-14.566,-20.242,-10.762,-9.9224,-10.024,-14.148,-12.526,-13.955,-8.5426
3006,-15.91,-9.72,-14.17,-15.31,-17.73,-16.57,-16.8,-11.14,-9.09,-7.15,-12.61,-11.13,-15.26,-12.69,-9.06,-17.85,-12.97,-12.04,-8.23,-11.83,-12.17,-14.56,-19.66,-7.72,-11.62,-9.25,-14.52,-9.62,-17.59,-7.76
3007,-13.94,-9.07,-14.71,-15.22,-18.93,-17.58,-18.99,-17.96,-15.85,-10.16,-13.5,-16.18,-14.18,-10.98,-13.14,-15.27,-12.53,-17.32,-12.5,-15.01,-14.35,-16.55,-22.11,-11.31,-15.25,-14.54,-18.63,-14.16,-22.49,-10.93
3008,-11.595,-5.5732,-13.241,-12.027,-11.353,-9.8817,-12.531,-8.9471,-7.2672,-6.7979,-8.6658,-7.2871,-10.302,-6.5509,-8.6773,-9.4707,-8.0667,-8.7455,-5.6753,-8.7038,-10.025,-9.2385,-14.314,-6.3532,-7.2085,-6.977,-12.184,-7.3529,-12.361,-6.6615
3013,-18.43,-11.31,-15.86,-22.45,-24.65,-19.69,-25.5,-21.91,-18.66,-12.75,-16.33,-15.99,-20.15,-17.57,-22.11,-14.08,-14.62,-16.32,-18.25,-19.23,-19.98,-22.25,-25.47,-15.7,-17.99,-22.82,-21.17,-18.37,-21.61,-17.64
3014,-11.61,-7.29,-11.54,-12.7,-12.11,-11.62,-17.52,-12.21,-9.67,-13.17,-10.97,-9.76,-9.72,-10.1,-13.1,-16.19,-9.72,-10.71,-8.36,-10.28,-12.17,-12.36,-19.57,-10.15,-8.63,-10.17,-12.1,-10.46,-13.14,-8.81
3015,-8.5824,-4.5378,-5.5892,-7.1276,-11.09,-8.2519,-10.307,-8.0303,-5.4368,-4.9561,-7.4154,-6.0764,-5.7368,-6.1609,-7.0275,-12.493,-7.8759,-8.3649,-5.4385,-6.8888,-8.5054,-7.1507,-16.964,-4.0986,-6.3316,-6.1007,-7.6024,-6.6109,-10.775,-5.2088
3016,-15.224,-9.0042,-16.691,-16.158,-16.588,-17.941,-18.137,-12.413,-12.188,-11.932,-12.813,-12.534,-15.86,-9.8415,-11.642,-17.466,-12.806,-12.948,-9.4709,-13.645,-15.358,-15.156,-21.026,-12.62,-11.853,-11.287,-17.977,-11.471,-17.696,-8.4943
3017,-14.902,-8.0369,-15.199,-15.984,-16.939,-14.193,-16.535,-12.918,-11.58,-11.368,-10.778,-10.013,-13.305,-7.7664,-15.485,-11.903,-9.7157,-11.803,-9.138,-12.696,-14.55,-14.127,-20.332,-9.8045,-10.379,-11.068,-18.41,-13.031,-15.73,-10.131
3018,-16.19,-10.68,-15.46,-19.05,-20.71,-20.52,-20.19,-18.28,-18.98,-13.49,-13.34,-11.79,-14.9,-14.33,-19.13,-16.63,-15.35,-15.2,-14.5,-16.42,-18.05,-18.6,-22.26,-16.14,-15.4,-18.36,-16.73,-15.84,-21.02,-14.94
3019,-9.8,-6.72,-6.52,-9.7,-12.78,-9,-15.3,-12.79,-5.93,-4.72,-9.45,-5.81,-6.79,-8.54,-7.49,-10.54,-10.38,-9.56,-5.16,-7.47,-9.48,-8.29,-15.75,-5.31,-8.97,-8.07,-9.75,-8.96,-13.9,-6
3020,-11.81,-8.19,-18.64,-12.65,-16.23,-13.57,-17.76,-10.28,-9.74,-5.3,-12.64,-10.95,-13.88,-11.61,-6.29,-17.84,-12.31,-12.97,-8.28,-13.07,-11.22,-15.09,-24.56,-7.94,-12.48,-8.45,-20.91,-10.09,-16.85,-5.89
3022,-17.22,-9.58,-16.54,-17.48,-16.98,-23.57,-19.47,-13.18,-10.87,-15.05,-13.24,-15.72,-18.11,-15.55,-14.31,-17.41,-12.41,-13.95,-14.87,-17.22,-17.92,-17.4,-25.14,-15.28,-11.56,-14.26,-18.85,-14.87,-17.07,-11.99
3023,-8.97,-4.77,-7.54,-8.99,-10.89,-9.38,-12.01,-7.26,-6.95,-6.38,-8.15,-6.92,-5.55,-7.5,-8.38,-12.24,-8.07,-9.01,-4.29,-7.31,-8.55,-8.43,-15.06,-5.65,-6.87,-5.59,-9.3,-8.19,-10.42,-5.52
3027,-11.35,-6.47,-7.51,-9.96,-16.41,-10.9,-19.43,-11.01,-7.25,-5.54,-10,-7.23,-6.48,-10.64,-10.47,-14.25,-9.56,-10.65,-6.07,-9.48,-9.71,-9.9,-20.75,-7.45,-8.39,-8.17,-11.44,-9.23,-12.05,-6.27
3028,-12.69,-9.03,-10.51,-15.66,-13.58,-13.21,-13.58,-12.75,-12.77,-6.25,-11.22,-13.57,-13.89,-8.18,-8.55,-14.23,-10.64,-11.29,-7.86,-12.14,-11.11,-12.21,-17.04,-11.88,-12.2,-9.34,-14.71,-10.54,-18.84,-8.67
3031,-8.87,-4.82,-7.13,-9.61,-11.78,-8.11,-14.43,-8.02,-6.68,-8.34,-8.38,-7.14,-6.1,-7.72,-10.17,-16.15,-7.13,-8.79,-4.53,-7.12,-8.3,-8.58,-18.5,-5.24,-6.54,-6.37,-8.94,-7.87,-10.14,-5.52
3101,-11.54,-8.14,-17.05,-16.58,-12.94,-13.31,-12.15,-14.87,-9.89,-7.1,-13.17,-10.18,-12.98,-8.66,-10.54,-9.03,-11.08,-9.46,-9.51,-10.97,-13.17,-13.03,-17.33,-9.71,-10.3,-11.07,-14,-11.83,-14.37,-9.5
3102,-14.441,-9.9533,-15.564,-16.686,-16.414,-19.428,-14.361,-16.17,-13.338,-10.641,-13.459,-17.108,-13.964,-12.112,-14.005,-9.3024,-12.381,-10.947,-9.5095,-11.148,-13.962,-13.733,-16.519,-9.8153,-10.806,-14.023,-19.68,-10.281,-14.94,-8.9182
3109,-17.26,-9.72,-16.07,-18.6,-20.21,-19.13,-19.26,-18.62,-18.02,-11.82,-16.48,-19,-15.92,-14.57,-18.38,-11.07,-16.12,-15.91,-16.27,-19.46,-16.62,-16.88,-21.02,-13.9,-17.1,-20.92,-20.16,-14.95,-15.26,-13.99
3124,-10.452,-8.0376,-12.211,-13.026,-11.504,-12.457,-11.54,-13.539,-8.7476,-7.225,-11.95,-9.422,-11.141,-7.367,-10.161,-9.1078,-13.174,-8.327,-7.011,-7.8037,-9.4105,-9.6187,-14.215,-7.5772,-7.4122,-8.8701,-12.118,-8.5475,-14.544,-6.9167
3125,-12.21,-9.25,-14.77,-16.03,-12.91,-18.08,-13.73,-14.48,-9.28,-9.44,-10.61,-15.54,-12.57,-9.6,-13.62,-7.38,-12.48,-7.39,-7.95,-6.03,-9.91,-9.71,-12.3,-7.51,-7.1,-9.27,-16.12,-8.07,-12.96,-5.59
3129,-19.1,-11.21,-16.55,-20.67,-23.27,-19.28,-24.3,-20.47,-16.55,-11.69,-17.44,-18.05,-19,-16.48,-21.1,-13.16,-15,-16.19,-17.62,-20.61,-17.8,-20.59,-24.71,-16.77,-15.96,-21.4,-22.67,-17.39,-17.01,-12.99
