1,21.249,20.408,22.042,21.823,21.451,22.015,21.753,21.31,22.362,22.727,21.363,22.366,22.987,21.747,22.083,21.526,21.518,22.107,20.978,23.683,21.823,21.575,21.919,21.563,23.511,23.319,21.552,23.752,23.486,22.741
2,22.97,21.71,24.06,23.24,23.38,22.29,22.3,22.87,23.33,24.37,22.34,22.95,24.71,23.3,23.02,22.59,22.84,23.08,22.23,24.59,23.33,23.23,23.22,22.63,25.59,24.19,21.65,23.44,24.21,23.23
3,22.362,21.543,23.168,23.566,23.642,23.153,22.192,22.284,23.363,24.655,22.737,23.145,24.667,22.952,22.973,22.893,23.046,23.283,22.047,24.44,23.688,22.602,23.563,23.386,25.226,23.828,21.573,23.867,24.743,24.148
4,20.81,20.09,22.06,21.76,20.53,21.47,20.63,20.91,22.49,22.72,20.44,22.34,23.76,21.3,21.93,20.8,20.77,21.95,20.66,24.12,22.53,21.96,22.27,21.79,23.22,23.68,20.65,22.76,23.12,21.84
5,23.05,22.95,23.58,24.37,23.55,23.44,23.46,22.69,24.32,24.19,23.06,24.38,25.24,24.28,23,23.3,23.63,24.06,22.84,26.33,23.68,23.18,23.87,24.36,24.51,24.6,23.74,24.38,24.48,23.52
6,22.97,22.97,24.07,24.43,24.54,24.08,24.29,23.84,24.19,25.55,23.03,24.84,26.06,24.08,24.67,24.13,23.9,25.61,23.82,26.03,25.07,24.18,24.34,23.65,26.04,25.2,23.27,24.55,25.44,25.93
7,20.56,20.35,20.44,21.04,20.72,21,19.83,20,21.96,21.65,19.67,22.41,21.76,20.67,21.37,20.8,20.14,20.88,20.26,23.31,22.18,20.52,22.79,21.09,22.64,22.09,21.08,23.15,22.82,21.62
8,22.38,21.36,22.96,22.89,21.84,22.2,22.2,22.55,22.95,22.69,21.98,23.61,25.64,22.75,21.99,22.59,22,22.43,22.08,26.01,22.77,22.26,22.5,22.82,23.41,24.64,22.94,23.74,23.37,22.89
9,23.59,23.93,24.15,23.93,25.17,24.1,23.58,23.91,24.9,26.11,23.53,25.96,25.1,23.89,25.09,24.67,24.99,25.71,23.38,26.79,23.89,23.43,24.08,25.19,26.85,25.28,22.36,23.74,25.57,25.58
10,20.94,20.53,22.71,22.19,23.34,22.51,20.85,22.16,22.05,24.07,23.08,21.94,23.85,21.21,23.16,22.11,21.68,22.49,21.68,24.03,23.7,22.38,24.32,22.99,23.36,22.55,20.72,22.66,24.58,24.1
101,22.25,22.81,22.33,22.67,22.23,24.31,20.74,20.8,22.29,22.24,22.39,22.67,22.64,25.73,22.31,23.42,23.17,22.28,21.84,22.65,22.78,22.38,21.9,23.03,23.77,23.45,22.47,21.49,24.03,23
102,24.54,25.36,24.92,24.87,24.24,25.52,23.26,24.18,23.83,26.31,24.37,25.47,25.33,25.65,25.01,24.8,25.21,23.93,24.68,25.87,25.41,24.6,25.26,26.58,26.83,26.41,24.85,24.32,25.81,25.53
103,24.91,25.62,25.57,25.73,24.29,25.72,23.25,24.41,24.45,26.2,25.02,25.66,25.68,25.84,25.61,25.43,25.99,24.89,25.64,26.33,26.87,25.85,25.81,26.57,26.64,26.87,25.57,24.21,26.81,27.15
104,21.38,20.28,20.54,21.96,19.97,21.62,19.06,18.73,19.6,20.26,20.5,20.57,21.3,22.61,21.97,22.1,20.92,21.8,19.43,22.17,22,20.47,19.88,20.75,22.21,21.95,20.52,19.08,21.75,21.55
105,23.78,24.99,24.46,24.41,23.5,24.6,22.48,23.41,22.96,25.28,23.78,24.33,24.63,25.19,24.45,24.03,24.44,23.38,24.21,24.59,25.24,24.19,24.19,25.07,26.13,25.24,23.89,23.19,25.13,25.67
106,22.18,20.92,21.63,23.07,20.31,22.31,19.86,20.21,18.82,20.36,21.8,21.89,22.38,21.72,21.48,21.18,20.84,21.29,19.95,22.34,22.81,19.89,21.79,20.35,22.16,22.58,20.1,19.6,22.46,22.4
107,20.65,20.4,20.18,21.72,19.99,21.26,19.1,19.23,18.88,21.16,20.22,21.67,20.97,20.74,20.59,20.55,20.11,20.51,20.8,21.89,21.11,19.98,19.68,20.08,21.92,21.2,19.52,19.58,20.94,20.9
108,22.57,24.21,23.86,23.6,22.57,23.28,21.5,22.2,21.78,23.71,22.76,22.77,23.65,23.98,23.68,22.99,23.75,22.33,23.49,23.65,24.29,23.26,23.42,23.55,25.05,24.96,23.42,22.19,24.35,24.35
109,20.85,20.8,20.87,21.21,19.65,20.31,18.42,19.64,18.71,20.99,20.01,20.51,20.89,21.59,20.33,19.56,20.62,19.47,20.54,20.15,21.03,20,20.52,19.74,21.85,22.63,20.51,19.34,21.07,21.82
110,23.16,23.49,24.09,24.65,22.42,23.9,21.95,22.66,23,24.31,22.48,23.75,24.48,24.16,23.58,22.82,23.67,22.34,23.37,24.08,24.2,23.03,23.95,24.6,24.67,24.57,22.84,22.21,24.85,24.56
111,24.05,24.71,25.05,24.9,23.73,24.81,22.84,23.59,23.86,25.6,23.63,24.85,24.69,25.15,24.85,24.13,25.01,23.25,24.37,25.14,25.12,24.12,24.43,25.62,26.06,25.74,24.3,23.56,25.53,25.54
112,21.8,21.14,21.44,22.71,20.74,20.69,19.23,20.26,19.05,21.38,20.36,20.78,21.36,22.02,20.44,20.25,20.67,20.07,21.2,21.33,22.33,20.15,21.12,20.47,22.58,23.02,20.91,19.98,22.13,22.5
113,21.41,21.35,21.32,21.67,19.98,21.5,18.94,19.77,19.33,21.25,19.98,20.82,21.71,21.45,20.54,20.41,21.78,20.79,20.37,20.86,21.81,20.31,21.19,20.63,22.4,22.35,20.32,19.28,21.8,21.79
114,22.22,21.18,21.22,22.15,20.75,21.66,19.67,19.75,19.79,21.54,20.92,20.7,21.65,22.12,20.96,21.08,22.02,21.63,20.51,21.78,21.94,20.83,21.34,21.01,22.49,22.34,20.93,19.43,21.87,22.52
115,21.03,20.49,20.74,22.52,19.7,21.12,19.16,19.82,19.18,21.37,20.67,21.79,21.22,21.41,20.77,20.7,20.46,19.43,19.64,21.29,21.7,20.19,20.55,20.55,21.73,21.88,19.97,19.61,21.69,21.51
116,22.09,21.4,21.46,22.9,21,22.62,19.66,20.45,20.23,21.8,21.47,22.24,22.13,22.22,21.58,21.3,21.66,21.24,20.76,21.76,22.58,21.06,21.78,21.26,22.78,22.65,20.82,20.16,22.7,22.2
201,18.55,18,18.85,18.22,18.48,18.85,17.92,17.33,18.49,19.57,17.73,19.96,18.74,17.72,18.53,19.11,18.55,19.3,18.92,20.86,18.76,17.95,18.51,19.88,21.27,19.9,17.1,18.8,19.9,19.01
202,22.33,21.78,21.85,21.82,21.35,22.56,21.28,21.42,20.62,22.92,21.4,23.42,21.84,22.16,21.63,22.74,21.98,21.07,21.88,23.17,22.44,21.17,22.36,22.25,23.93,23.61,21.69,21.52,22.39,22.42
203,21.923,21.994,22.501,22.865,22.585,22.582,21.295,22.172,21.269,23.642,22.361,23.392,23.066,22.871,23.407,23.175,23.087,21.644,22.172,24.082,22.688,21.995,22.822,23.032,25.261,25.098,22.397,22.183,23.867,23.975
204,20.455,19.824,19.726,19.936,19.794,20.893,19.123,19.143,18.491,20.599,19.701,21.515,20.194,20.025,20.049,19.806,20.069,19.651,19.852,21.193,20.795,19.093,19.628,20.145,21.752,21.096,18.847,19.464,20.971,20.646
205,20.42,20.24,19.98,20.75,20,20.67,19.32,19.52,19.11,20.97,19.54,21.74,20.69,20.49,20.87,20.65,20.21,19.71,20.42,21.38,20.97,19.69,19.95,20.86,22.31,20.61,19.71,19.7,21.04,21.02
206,20.689,21.231,20.763,21.701,21.183,21.538,20.419,21.282,20.6,22.755,21.423,23.02,22.295,21.452,21.819,21.881,22.438,21.214,21.52,22.686,21.62,21.222,21.187,22.461,24.142,22.898,21.008,21.395,23.228,22.576
207,19.276,19.887,19.17,20.635,20.058,19.721,19.722,19.417,19.675,21.252,19.839,21.679,20.256,19.624,19.801,20.263,20.788,20.635,19.932,21.938,20.566,19.047,20.196,21.417,23.236,21.201,19.042,20.662,21.857,20.873
208,24.51,24.803,24.857,25.287,24.342,25.332,23.568,25.134,23.789,24.744,24.281,26.233,24.774,24.677,24.983,25.512,25.26,24.025,24.449,24.649,25.124,24.776,24.996,25.223,26.911,27.035,24.4,23.661,24.608,25.366
209,17.75,16.91,18.08,17.06,17.51,18.79,17.29,16.9,17.51,18.32,16.93,18.64,18.12,17.19,17.96,17.74,17.93,18.58,17.36,19.08,18.33,16.71,17.44,18.48,20.16,18.72,16.46,17.84,18.62,18.35
210,20.23,19,20.14,18.92,19.19,20.64,19.82,18.64,18.44,19.93,19.04,20.77,19.24,19.55,19.66,19.45,19.97,18.92,19.33,21.13,20.36,18.92,19.42,20.17,21.62,20.79,18.07,18.99,20.16,20.11
211,25.772,26.767,25.988,27.38,25.898,27.24,25.319,26.376,25.481,27.264,26.952,27.511,26.933,27.701,27.564,27.08,26.921,25.414,26.977,27.081,27.34,27.12,26.745,26.763,28.162,28.105,26.867,25.536,27.543,27.159
212,25.75,26.33,26.32,26.32,25.67,27.26,24.62,26.38,24.21,26.76,27.36,27.46,26.97,27.79,27.1,27.06,26.35,25.17,26.15,27.03,28.89,26.7,26.62,26.15,27.07,28.24,26.44,24.77,26.95,27.63
213,25.18,25.78,25.07,26.42,24.94,26,24.54,25.67,24.71,26.21,25.51,26.65,25.57,26.15,26.36,25.93,25.8,24.5,26.03,26.32,25.96,25.59,25.95,26.03,27.16,27.59,25.86,24.78,25.92,26.33
214,20.6,21.18,21.39,22.02,21.31,21.38,20.45,21.49,20.3,22.72,21.22,22.63,22.58,21.3,22.57,22.22,22.51,20.54,21.25,22.59,21.35,21.23,21.43,21.67,24.19,23.83,20.99,20.92,22.65,22.73
215,19.22,17.458,18.988,18.129,18.253,19,18.229,17.562,18.12,19.337,17.151,19.728,18.781,18.009,18.746,18.363,18.845,18.572,18.618,19.629,18.644,17.327,18.121,18.741,20.627,19.581,17.02,18.302,19.361,19.431
302,19.86,18.63,18.9,18.42,18.66,19.62,17.19,17.65,16.28,18.16,18.85,18.61,19.99,20.55,20.31,18.13,18.76,19.5,17.02,19.35,19.67,17.62,19.11,17.52,19.76,21.31,17.41,16.94,18.5,19.3
303,17.95,17.32,16.34,19.13,17.84,19.31,16.1,17.31,16.57,17.43,18.57,17.6,19.02,18.26,18.83,18.56,17.34,18.34,16.96,18.39,19.36,16.6,18.31,16.96,19.34,19.95,17.22,17.06,19.21,19.47
305,18.54,16.31,16.44,18.08,17.64,17.95,16.19,16.69,14.86,17.74,17.61,18.75,19.88,17.98,18.78,18.08,15.65,19.5,15.15,16.94,18.68,15.57,17.51,15.25,18.04,18.25,17.2,16.03,17.43,19.13
306,19.06,18.03,17.99,20.26,20.08,20.54,18.66,18.63,18,18.67,19.03,20.27,20.48,20.75,20.73,20.96,18.2,19.6,18.41,20.27,21.12,18.52,20.06,18.88,21.08,22.5,19.1,18.35,20.15,20.68
307,21.39,19.87,19.45,21.05,20.32,21.7,18.86,20.1,17.75,19.33,19.87,20.46,21.28,21.32,21.29,21.21,20.46,21.61,18.88,20.32,21.46,18.92,20.86,18.25,21.45,21.96,20.11,19.2,20.57,21.67
310,19.79,18.85,18.25,20.48,19.21,19.33,18.59,19.44,18.05,19.55,19.1,20.72,22.13,19.73,20.31,19.22,19.37,21.38,19.02,19.73,21.06,18.24,20.85,18.38,20.59,20.9,20.05,19.46,20.48,22.08
311,19.52,17.45,17.5,18.31,19.33,19.1,16.3,17.89,16.8,17.94,18.64,18.13,21.01,19.59,19.76,19.14,17.16,21.42,16.39,17.95,20.38,17.61,19.71,17.19,19.17,20.32,18.9,18.34,19.87,21.67
312,23.67,22.62,22.47,25.09,23.39,24.9,21.6,22.85,22.01,22.56,23.57,23.86,24.76,24.48,24.99,24.62,22.6,23.55,23.18,24.01,24.6,22.99,24.82,22.55,24.46,26.73,23.35,22.54,24.09,25.42
313,18.45,16.85,16.19,18.18,17.21,18.66,15.65,17.11,15.39,17.13,17.57,17.2,18.67,18.76,18.78,17.61,16.77,18.83,15.24,17.2,18.59,15.77,17.76,15.71,18.26,19.5,16.83,17.01,18.22,19.25
314,20.11,19.28,18.52,21.63,20.48,21.67,18.54,19.49,18.5,19.28,20.54,19.89,21.29,20.95,21.3,21.21,19.38,21.68,20.03,20.23,21.53,18.98,20.82,19.17,21.3,22.07,19.72,19.43,21.48,21.7
315,20.532,19.58,20.465,21.175,20.274,21.697,18.943,19.119,18.668,20.801,20.672,21.367,21.882,22.759,21.36,19.366,20.258,21.344,19.434,20.393,22.253,19.668,21.503,18.953,21.036,22.283,19.885,19.231,20.708,20.943
316,17.53,16.57,15.83,16.86,17.07,18.07,15.44,16.68,14.8,16.55,17.3,16.94,17.87,18.17,18.36,17.28,16.65,17.81,15.1,17.01,18.1,15.88,17.3,15.32,17.94,18.53,16.26,15.45,17.38,17.79
317,21.07,20.21,19.26,20.75,19.58,21.21,18.51,19.64,17.8,19.72,19.84,20.17,21.2,21.4,21.58,21.02,20.32,21.18,18.99,20.42,21.13,19.19,20.64,18.16,20.92,21.89,19.65,18.55,20.35,20.7
318,22.47,21.52,21.11,23.7,22.08,23.49,20.7,21.31,20.74,21.81,22.33,21.4,22.9,22.22,23.79,23.11,21.61,22.65,21.17,22.09,23.71,21.46,23.84,21.04,23.11,24.44,21.84,21.38,23.74,24.17
319,20.92,20.1,19.15,22.15,20.67,22.16,19,19.42,19.37,20.28,20.83,19.94,21.42,20.59,21.83,21.21,19.98,22.12,19.68,20.54,21.98,19.57,21.45,19.49,22.23,22.81,20.34,19.88,22.2,22.23
320,21.07,20.58,21.1,23.07,21.51,22.98,19.66,21.41,20.62,21.14,22.05,21.48,22.98,22.62,23.38,23.43,21.32,21.27,21.76,23.43,22.33,21.12,23.1,21.41,22.98,25.36,21.42,21.22,22.46,23.56
321,19.1,16.72,17.37,18.25,17.89,18.51,17.67,18.65,16.65,17.84,17.82,18.5,19.96,18.7,19.3,18.86,18.17,19.11,16.21,18.56,19.59,16.81,19.57,17.22,19.76,20.39,17.07,18.4,19.83,20.51
322,22.62,21.59,20.64,23.81,22.1,23.51,20.27,20.81,20.7,21.32,22.12,22.02,23.04,22.98,23.75,22.85,20.91,22.36,20.9,22.11,23.4,21.28,23.93,21,22.94,24.96,21.89,21.14,23.02,24.07
323,17.04,15.72,14.87,16.93,15.93,17.75,14.59,15.47,14.18,15.51,15.61,16.09,17.02,17.7,17.41,16.4,15.94,17.95,14.28,16.17,17.32,15.33,16.33,13.96,16.56,18.43,15.29,14.45,16.21,16.63
401,20.77,18.94,18.56,21.61,20.36,21.96,19,19.12,18.75,19.19,20.89,19.07,21.18,22.53,22.02,21.18,19.61,20.51,19.35,20.38,20.54,19.05,22.22,18.52,21.15,22.51,20.01,19.25,20.16,22.53
402,20.4,18.86,20.26,20.4,21.18,22.03,18.66,18.8,19.69,19.29,21.38,18.45,20.62,20.79,21.69,19.93,19.47,21.39,18.24,19.85,20.86,19.83,21.04,19.74,20.43,22.36,19.08,18.89,20.67,21.73
403,19.515,18.396,17.965,20.698,20.058,21.296,17.212,18.682,17.722,19.112,19.319,18.81,21.033,21.287,21.312,20.584,17.989,18.946,17.869,19.162,20.254,18.583,20.383,17.795,19.752,20.676,19.166,18.599,20.019,20.985
404,22.91,22.23,23.63,21.45,23.96,22.93,21.57,22.72,22.75,21.77,23.23,21.53,25.34,23.78,24.59,25.25,22.37,22.57,21.27,23.13,22.98,21.21,23.33,23.55,22.81,23.81,21.79,22.14,23.21,24.01
405,19.3,17.76,15.8,20.51,19.78,20.99,17.24,18.97,17.57,18.13,18.56,17.82,20.65,20.88,21.27,20.5,18.67,17.25,18.03,18.43,19.89,18.13,20.99,16.62,19.64,21.19,18.96,17.67,18.96,21.25
406,22.144,22.141,21.088,23.233,23.223,24.239,19.597,22.07,21.051,22.419,22.477,22.021,24.317,23.984,24.606,24.537,22.324,21.816,21.611,22.694,23.436,21.804,22.983,21.248,23.101,24.373,22.436,21.992,23.141,23.905
407,21.39,19.47,20.99,21.53,21.95,23.1,20.2,19.74,20,19.89,21.85,19.65,21.86,22.03,23.26,20.96,21.13,22.74,20.06,20.75,21.49,20.7,21.94,19.68,20.67,23.15,20.89,19.4,21.57,22.72
408,21.1,20.26,20.4,22.28,21.17,22.25,19.27,20.53,20.27,20.56,21.59,20.89,22.23,22,22.57,22.22,21.12,22.26,20.71,22.01,22.58,20.65,21.96,20.91,22.36,24.6,20.76,20.49,21.98,23.15
409,23.38,21.62,21.76,23.88,22.83,25.06,21.14,21.61,21.25,21.25,23.76,20.91,22.81,24.26,24.93,23.61,21.76,22.41,21.51,22.36,23.07,21.72,23.29,21.37,23.5,24.78,22.64,20.86,22.07,24.43
410,21.69,19.59,21.06,23.08,21.78,23.06,20.58,21.22,20.69,20.7,21.62,21.34,21.93,21.93,22.7,21.41,21.36,23.32,20.65,21.4,22.8,21.53,22.07,20.57,21.82,24.02,21.66,20.81,22.61,22.63
411,18.29,17.58,17.75,21.12,19.79,20.45,17.8,19.05,18.41,19.2,18.89,19.32,19.63,20.23,20.65,20.09,18.42,18.78,18.4,19.66,19.36,18.04,19.96,18.21,20.06,21.05,19.39,18.99,20.83,20.57
412,18.2,18,17.84,19.48,20.89,20.74,18.57,20.65,17.1,18.65,18.86,19.42,20.36,20.08,19.72,20.15,18.51,19.61,18.14,19.42,20.18,17.45,18.73,17.24,20.29,19.25,19.27,19.74,21.43,20.31
413,20.98,19.17,20.26,21.27,20.27,22.37,18.57,19.79,19.53,18.89,20.95,18.68,20.37,21.35,21.98,20.87,19.19,21.36,18.2,20.3,20.45,19.54,21.26,18.81,21.13,22.47,19.67,19.01,20.25,21.91
414,17.28,16.58,15.32,17.14,18.29,18.81,14.44,16.88,15.71,16.55,16.76,16.11,18.62,18.55,19.18,18.46,15.91,15.52,15.13,16.7,17.87,16.24,17.31,15.71,17.62,18.54,16.28,15.95,17.18,18.44
501,23.884,23.345,22.457,21.502,22.982,23.047,21.635,23.682,22.112,23.206,23.342,21.979,24.301,23.208,24.138,24.919,23.888,23.558,21.753,22.998,23.094,22.924,23.894,23.346,23.937,23.714,23.18,22.672,23.968,23.795
502,21.75,20.93,21.81,20.69,21.44,22.4,20.44,21.74,21.02,22.8,21.51,20.9,22.06,21.88,23,23.65,21.44,22.26,20.71,21.81,22.15,21.59,23.23,21.96,22.48,22.69,22.43,21.73,22.61,22.7
503,22.66,23.93,24.87,22.42,24.86,22.85,22.16,23.23,22.18,22.68,22.48,22.8,23.92,24.49,26.21,25.05,23.22,23.17,22.18,23.66,23.06,22.64,24.41,24.07,23.02,23.27,22.51,21.94,22.59,24.39
504,29,27.72,28.72,26.78,29.42,26.87,26.56,27.61,26.4,26.83,28.54,26.19,28.97,28.4,29.93,28.61,28.44,27.25,26.42,27.88,27.6,27.3,28.18,27.48,29.9,28.5,29.13,25.63,26.68,30.28
505,21.05,20.03,21.49,20.68,21.59,21.25,20.02,21,20.93,21.77,20.78,21.33,22.96,21.25,23.1,22.91,20.54,22.27,19.8,22.11,21.65,20.52,21.45,21.78,22.23,22.64,21.06,22.06,22.61,23.21
506,30.89,32.24,31,29.42,30.93,30.19,29.06,30.81,29.21,29.8,32.61,29.59,33.48,32,33.66,33,31.62,30.47,30.46,30.28,30.49,32.02,31.21,29.53,35.1,31.72,33.51,29.5,30.4,32.2
507,21.35,20.77,21.73,21.62,21.44,21.77,20.37,20.75,21.79,22.18,20.82,21.59,21.66,20.99,22.27,22.72,20.46,21.28,19.85,22.3,21.99,20.94,22.33,21.2,22.52,22.05,21.23,22.2,22.7,23.82
508,28.29,27.33,27.29,25.78,27.93,25.93,26.73,28.31,26.81,25.33,27.59,25.86,28.65,27.8,29.04,28.58,29.59,27.09,26.27,27.6,27.45,28.5,27.24,27.25,29.96,27.61,29.1,25.53,27.14,29.26
509,23.273,21.815,22.821,21.066,23.216,22.56,20.843,23.024,21.642,21.926,22.397,21.051,23.54,23.223,24.165,23.798,22.26,23.361,20.97,22.128,22.159,22.687,23.495,22.696,22.746,22.607,22.009,21.456,22.154,23.243
510,22.18,21.97,22.27,22.53,22.76,22.86,21.71,22,22.27,23.46,22.38,21.71,23.27,22.59,23.71,24.52,22.03,23.48,22.25,23.1,23.16,22.66,24.13,22.75,23.41,23.73,22.51,22.47,23.59,24.5
511,22.15,22.27,22.66,22.6,22.99,23.12,21.33,21.86,22.15,23.49,22.52,22.06,23.52,23.17,23.75,24.9,22.45,23.38,21.79,23.55,23.31,22.52,25.16,23.14,24.04,24.18,23.36,23.01,23.99,24.06
512,25.52,24.04,26.09,23.99,26.54,24.22,24.28,25.52,23.44,25.06,24.75,24.02,25.69,26.1,27.41,26.14,24.89,25.3,24.99,25.38,25.12,25.29,26.63,25.26,24.88,24.5,24.96,23.37,24.51,27.15
601,34.98,36.38,36.56,35.17,36.48,35.09,34.88,34.52,35.1,34.08,34.87,35.94,35.5,36.31,36.64,34.21,34.59,34.18,34.59,35.41,35.81,35.81,36.28,35.74,36.35,36.25,36.69,34.57,35.24,37.74
602,29.8,29.31,30.2,30.52,30.84,29.4,29.07,29.67,30.02,30.38,29.61,29.3,30.66,30.06,30.58,32.17,30.03,29.29,29.41,31.35,29.92,29.95,30.61,29.47,31.21,31.12,30.7,29.89,31.13,30.49
603,33.836,34.741,34.863,34.308,35.535,33.879,33.261,33.731,34.089,33.115,33.808,34.21,34.853,34.92,35.363,33.51,33.004,32.882,33.548,34.663,34.535,34.466,35.526,34.375,35.334,35.179,35.708,33.293,35.289,36.713
604,25.18,24.53,27.04,26.35,26.14,24.96,25.19,24.31,26.12,25.09,24.66,24.95,27.9,24.6,27.41,27.52,24.29,24.6,25.66,27.33,25.64,25.18,26.24,24.38,26.13,25.61,24.64,25.5,25.83,25.39
605,34.5,34.14,34.9,34.39,35.82,34.06,33.5,33.37,35.1,33.3,34.15,34.51,34.67,34.65,35.29,33.08,33.37,32.97,34.51,34.6,34.63,34.83,35.26,34.66,35.29,35.62,35.64,33.67,35.47,35.93
606,30.707,30.676,32.645,33.011,32.669,31.5,29.822,32.289,31.851,30.666,32.935,31.147,32.746,31.371,33.423,32.222,30.533,30.814,30.633,31.406,31.468,31.632,33.21,31.584,32.256,32.411,32.17,30.816,32.205,32.457
607,34.85,36.41,36.17,35.32,36.61,35.11,35.15,34.55,35.09,33.99,34.59,35.53,35.79,36.43,36.7,34.56,34.38,34.13,35.05,36.27,35.84,35.43,36.69,35.91,36.33,35.98,36.61,35.5,34.95,37.86
608,26.03,26.56,27.45,27.28,26.62,26.14,25.3,26.68,27.34,26.49,26.84,25.68,27.32,26.48,27.58,27.18,26.81,26.03,26.03,27.94,26.18,26.23,27.06,25.63,27.54,28.4,27.55,26.28,27.5,27.11
609,34.767,36.043,35.708,34.814,35.874,34.318,34.161,34.367,34.716,34.121,34.602,34.773,35.893,35.734,36.192,34.252,34.699,34.274,34.319,35.792,35.494,34.848,36.213,35.227,35.799,35.533,36.247,34.808,34.955,37.885
610,32.409,33.065,33.69,33.679,34.069,32.325,31.504,33.319,33.276,31.507,33.811,32.306,33.495,32.703,34.389,32.537,32.301,32.111,32.17,32.959,32.49,32.915,33.09,32.707,33.319,33.668,33.888,31.853,33.599,33.467
611,34.89,36.16,36.27,35.07,36.07,35.03,34.46,33.77,35.16,33.77,34.82,35.4,35.73,35.96,36.35,33.97,34.1,33.95,34.47,35.49,35.84,35.25,36.16,35.64,36.47,36.19,36.63,34.22,35.58,37.82
612,32.61,32.999,33.171,33.768,33.293,32.23,31.443,32.272,33.013,31.649,35.621,31.27,33.159,33.193,34.688,32.978,33.071,32.345,32.039,32.973,32.862,32.269,33.728,32.262,34.064,34.272,34.369,31.802,33.568,33.439
613,28.441,28.396,29.539,29.858,29.806,28.5,27.6,28.47,30.513,28.595,29.34,28.046,30.127,28.585,29.774,30.057,27.986,28.999,28.802,31.037,29.056,28.719,29.263,28.701,29.74,29.929,29.401,29.254,30.065,28.858
614,33.28,34.18,33.17,33.31,34.24,32.53,32.18,34.05,33.17,32.99,35.46,32.79,34.29,34.32,35.01,33.34,32.27,33.27,32.14,33.49,33.41,33.61,34.7,33.84,34.6,34.28,35.92,32.26,34.16,36.43
615,26.56,26.98,28.27,27.8,28.38,27.18,26.73,27.18,28.41,26.31,27.62,26.62,29.36,27.05,29.28,28.1,26.34,26.85,27.52,28.63,26.69,27.21,29.29,26.54,28.01,28.06,27.95,26.79,27.69,27.46
616,34,33.59,33.96,33.59,34.25,32.46,31.9,32.69,33.34,31.57,33.75,32.52,33.84,32.32,34.57,32.13,33.54,31.73,33.15,33.32,32.27,33.11,34.2,32.95,34.22,34.17,34.35,32.34,34.11,33.84
617,28.47,28.37,28.76,29.06,28.42,27.95,27.2,28.24,30.14,29.55,28.26,28.42,28.55,29.36,28.44,28.72,28.33,28.07,28.29,30.51,28.79,28.22,29.4,27.56,29.07,29.59,28.25,28.55,29.32,29.82
618,34.96,33.61,34.25,34.75,35.75,33.6,32.87,32.77,34.77,32.94,34.85,34.39,34.62,34.12,34.57,32.41,33.2,32.99,34.49,33.9,33.66,34.42,35.2,34.48,35.67,34.58,35.56,32.73,35.35,35.23
701,22.81,21.87,23.51,23.71,22.01,22.09,21,20.4,23.45,24.31,20.76,24.68,24.82,21.12,22.65,22.62,21.69,23.06,22.15,23.84,23.63,23.98,22.13,23.75,23.46,24.05,21.9,24.08,22.74,23.17
702,26.08,24.91,26.2,25.42,25.28,25.96,24.6,24.97,26.07,25.6,23.93,26.47,27.61,26.02,26.6,26.58,25.43,25.77,25.3,26.13,26.19,26.6,25.86,26.27,27.18,26.74,25.89,26.54,27.04,25.44
703,19.72,19.8,21.05,21.27,19.89,19.82,20.15,18.86,21.04,21.26,18.45,21.94,22.83,19.49,19.87,20.9,19.71,21.34,19.64,21.17,21.68,20.55,20.2,20.88,21.64,21.18,20.67,22.39,20.94,20.14
704,26.69,25.5,27.97,27.98,27.55,26.93,26.85,25.45,27.63,25.72,25.77,27.23,27.84,27.29,25.99,26.45,25.82,27.16,26.5,25.97,26.57,26.75,26.35,26.71,27.57,27.54,25.94,27.41,26.7,26.03
705,27.41,26.36,27.67,26.96,26.71,26.36,26.54,25.82,26.43,26.54,25.73,27.21,27.72,27.68,27.42,28.34,26.31,26.56,26.4,27.54,27.72,28.05,27.38,26.8,28.04,26.98,27.43,27.1,27.51,27.02
706,19.96,20.19,22.25,21.05,20.27,20.89,19.93,19.84,21.92,19.75,19.34,21.03,23.54,20.34,20.42,21.19,19.59,21.35,19.73,21.54,20.71,20.37,20.67,20.76,21.89,21.3,21.56,21.96,20.86,21.29
707,24.218,23.929,25.802,24.62,24.423,24.644,23.565,23.766,25.778,24.158,23.193,25.258,26.998,24.479,24.314,24.782,23.955,24.884,24.265,24.658,25.196,24.528,24.443,24.596,25.863,24.917,24.728,24.956,24.589,24.405
708,26.26,25.29,26.28,25.98,25.78,26.98,25.91,25.02,26.35,25.42,24.32,26.63,27.4,26.45,26.53,26.15,25.37,26.4,25.03,25.75,26.42,26.39,25.78,26.38,26.72,26.55,25.86,26.94,26.87,25.63
709,25.19,24.26,25.98,25.24,24.94,25.93,25.34,24.58,25.89,23.87,24.28,25.39,25.72,25.13,24.54,24.51,24.44,25.65,24.56,25.11,25.42,25.21,25.43,25.59,26.13,25.4,25.51,24.7,24.57,24.29
710,26.01,25.32,29.27,26.85,26.98,27.51,25.45,27.75,27.52,25.94,26.7,27.27,28.16,27.12,26.32,26.36,25.73,26.72,26.42,27.4,27.58,27.42,27.42,26.75,28.12,27.52,25.87,26.88,27.01,26.66
711,30.214,29.301,30.41,29.836,30.307,29.766,29.631,29.987,30.491,30.446,29.849,30.9,30.62,31.999,30.301,30.418,30.17,29.77,31.263,30.155,29.964,31.522,30.141,30.963,30.516,30.227,31.283,29.69,30.416,30.706
712,22.41,21.48,24.66,22.6,21.76,21.94,21.16,21.5,23.13,22.3,20.98,23.49,24.97,22.02,21.93,22.94,21.04,23.5,21.93,22.72,22.44,22.28,22.93,22.32,24.25,23.01,22.95,23.95,23.31,22.78
713,24.051,23.37,26.629,24.7,25.444,25.331,23.455,26.383,25.929,23.472,25.029,24.736,26.575,25.329,24.994,25.322,23.123,25.385,24.823,26.301,24.873,24.976,26.324,24.255,25.686,25.751,25.251,25.235,24.858,25.163
714,25.58,24.17,26.17,24.63,24.78,25.4,24.14,24.39,25.39,25.31,24.11,26.03,26.9,25.46,25.32,26.01,24.6,25.39,24.45,25.84,25.4,26.22,26.06,25.51,25.98,26.28,25.24,26.18,26.1,24.93
715,30.08,30.13,31.95,30.31,30.65,30.17,29.13,30.69,31.19,30.22,30.5,32.25,31.54,32.49,30.89,30.25,30.89,30.62,32.36,31.08,31,32.35,30.74,30.53,31.25,30.55,32,30.77,30.46,30.51
716,24.46,23.79,25.87,23.96,23.85,24.8,23.54,23.52,25.26,23.93,23.06,25.6,26.79,24.89,24.75,25.01,24.1,25.66,23.82,25.31,24.36,25.17,24.8,25.11,26.52,25.32,25.26,24.97,24.49,23.81
717,23.29,21.86,24.37,23.64,23.08,25.17,22.47,22.03,23.63,23.65,21.77,24.57,25.04,23.29,22.68,23.87,22.83,23.48,23.28,23.82,23.1,23.22,23.19,22.94,24.88,23.76,24.15,23.97,22.76,22.69
718,21.842,21.431,24.073,23.028,22.263,22.984,21.83,21.466,22.912,23.135,20.153,23.862,24.625,22.404,22,22.895,21.977,23.205,21.517,23.452,22.909,23.515,22.639,22.643,24.36,22.753,22.523,23.869,22.172,22.025
719,28.53,26.97,29.34,28.53,27.43,27.56,28.87,27.57,28.09,28.07,26.66,28.81,28.95,29.55,29.36,28.82,28,28.33,27.7,27.95,28.87,29.11,27.74,27.88,28.83,28.21,28.03,28.05,28.99,28.76
720,29.72,29.13,30.67,30.12,29.9,29.18,29.19,30.55,30.46,28.88,29.15,29.94,29.47,29.96,29.74,29.12,28.76,29.13,30.04,28.9,30.16,29.82,29.67,30.06,29.72,30.15,29.39,29.42,29.41,29.08
721,30.51,29.97,31.84,30.49,30.79,31.19,29.36,30.78,30.91,29.55,31.87,32.54,31.76,33.49,31.51,31.74,30.83,31.59,32.78,30.61,30.69,31.61,30.81,31.55,31.38,30.96,32.12,30.56,30.71,30.8
722,29.24,27.63,30.27,29.25,29.17,29.33,28.48,30.56,29.39,27.49,28.4,28.95,28.89,29.33,29.1,28.26,29.63,29.12,29.07,28.98,29.2,29.08,28.89,29.26,29.96,28.99,29.49,28.93,28.71,29.1
801,25.077,23.878,25.053,23.767,24.249,24.792,22.743,23.491,24.276,24.389,22.707,25.821,25.575,24.253,23.774,24.76,23.893,24.13,23.535,24.989,24.695,24.42,24.999,24.542,25.091,24.959,24.576,24.849,24.402,24.398
802,32.049,30.363,32.072,30.923,30.199,30.789,29.174,30.163,31.065,31.291,30.178,31.556,32.311,31.15,29.97,31.378,30.343,31.078,29.973,31.335,31.623,30.719,32.166,31.066,31.563,31.958,30.913,30.965,30.918,30.518
804,24.168,24.529,27.01,26.261,25.287,25.852,24.32,23.85,25.805,26.194,24.654,26.159,28.049,26.847,25.203,26.361,25.187,26.025,25.215,26.168,25.725,26.618,25.992,25.262,26.587,26.855,25.202,26.809,25.273,25.04
805,23.323,23.605,24.546,23.934,23.402,24.657,22.763,23.209,23.24,24.835,23.871,24.105,26.553,25.508,23.293,23.956,22.968,24.992,24.235,24.801,24.397,23.983,25.104,23.629,24.524,25.237,23.882,24.36,23.639,22.829
806,23.55,22.91,24.36,22.7,22.94,23.54,21.7,22.64,23.86,23.96,22.4,24.78,25.65,23.98,23.59,24.58,22.81,23.22,22.59,24.36,24.09,24.49,24.66,23.71,24.77,24.37,23.42,23.93,23.69,22.68
807,23.7,22.78,25.4,24.11,24.37,24.59,23.26,23.65,24.21,24.39,23.04,24.74,26.45,25.78,24.81,25.83,24.06,24.43,23.95,24.52,25.2,25.12,24.63,24.46,25.06,25.53,24.07,25.3,24.06,23.39
808,31.02,29.89,32.42,30.77,29.91,30.77,29.33,29.95,31.22,31.48,29.87,31.48,33.05,32.56,29.43,31.2,30.07,31.59,29.54,31.11,32.91,31.02,32.18,30.82,31.42,31.18,31.45,31.75,30.83,30.62
810,20.97,20.52,21.66,20.65,20.54,21.25,19.35,19.49,21.18,20.99,19.66,21.88,23.56,20.94,19.83,20.38,20.38,21.43,20.43,20.74,21.01,20.43,20.73,20.49,20.49,20.37,19.94,21.12,19.86,19.94
812,28.94,29.35,30.96,30.48,29.55,30.34,29.19,28.59,30.27,30.71,28.79,30.21,32.23,31.31,28.94,30.26,29.09,30.57,30.1,30.7,30.48,30.91,31.21,30.04,30.7,29.92,29.89,30.29,29.55,30.44
1001,25.6,25.88,27.6,27.43,26.59,27.23,27.17,25.83,26.81,28.24,25.94,29.25,28.16,27.17,26.62,27.75,27.08,28.78,26.01,28.73,27.25,27.36,26.86,27.29,28.16,28.96,27.07,28.35,28.19,27.94
1002,22.93,23.02,26.07,25.16,24.02,24.48,23.6,23.41,25.19,25.19,24.08,26.08,26.69,24.39,24.54,24.94,23.79,25.46,24.45,26.52,25.65,25.33,25.82,24.22,25.09,25.47,24.03,26.02,24.2,25.13
1003,23.58,24.19,25.96,25.38,24.6,23.94,24.6,22.87,26.19,24,23.34,25.67,27.9,24.48,25.31,24.9,23.34,25.69,24.3,26.18,26,26.45,24.7,24.98,26.09,26.07,23.38,25.97,24.63,24.31
1004,18.76,18.04,20.33,19.9,18.91,20.36,18.35,18.48,20.12,20,18.01,19.83,21.7,18.84,19.65,20.38,19.46,20.65,20.14,21.62,20.3,19.4,20.92,19.33,20.75,21.04,19.22,20.05,20.34,19.32
1005,17.25,17.18,19.83,18.27,18.19,18.03,17.49,16.63,19.12,18.72,16.83,19.39,20.24,18.27,17.81,19.19,17.71,19.18,17.53,19.59,19.2,18.56,18.82,18.05,20.03,18.82,18.62,19.48,18.65,17.81
1006,17.981,18.371,19.417,19.466,18.615,18.961,17.484,17.689,19.597,19.84,17.608,19.288,20.175,18.227,18.815,18.269,18.687,19.599,18.394,20.948,19.663,18.523,19.698,18.397,20.251,20.394,18.262,19.948,19.861,18.983
1007,17.35,17.25,18.23,18.4,17.68,17.65,17.34,16.39,19.02,18.8,16.39,18.71,19.44,17.83,17.45,17.03,17.75,18.39,16.93,18.74,18.39,16.92,17.68,17.62,18.76,18.32,17.02,18.95,18.07,17.53
1008,24.62,24.17,26.76,25.54,24.81,24.89,24.78,24.09,27.38,25.55,24.31,26.63,28.16,24.9,25.47,25.25,23.8,25.34,24.73,26.36,26.49,26.7,25.55,25.36,26.64,26.17,24.37,25.56,24.83,24.8
1009,21.7,21.16,23.62,23.56,21.93,22,20.83,21.14,23.9,23.54,20.36,23.58,24.65,21.9,21.89,23.37,22.05,22.45,22.54,24.87,23.61,23.08,22.98,22.16,24.04,23.15,21.37,23.35,22.19,22.59
1010,23.97,24.14,25.35,25.26,25,24.76,24.15,23.64,25.75,25.81,23.46,25.58,27.03,24.52,24.93,25.44,24.53,25.88,24.18,26.53,25.2,24.73,24.73,24.87,25.85,26.74,24.39,26.79,24.63,26.11
1011,20.06,19.44,21.81,21.85,20.26,21.03,19.93,20.42,21.82,21.33,19.91,21.35,23.46,20.28,20.58,21.57,20.65,21.66,20.95,23.87,22.05,21.24,22.25,20.87,21.83,22.47,20.89,21.57,22.42,20.49
1012,23.07,22.93,24.68,24.57,23.63,24.06,22.92,22.04,25.85,25.31,22.8,24.74,26.91,22.27,23.8,23.75,23.11,23.92,23.57,25.09,25.06,24,24.69,23.44,25.08,23.43,23.22,24.19,23.58,24.43
1013,26.496,27.929,29.041,28.939,28.367,28.483,28.923,27.402,28.131,30.008,28.313,31.04,29.637,29.064,27.667,29.481,28.864,30.46,27.875,30.165,28.665,29.168,29.197,29.003,30.386,30.259,29.419,29.932,29.302,30.155
1014,22.24,22.34,23.72,23.82,22.89,23.26,22.96,21.39,24.86,23.83,21.74,24.31,25.1,23.42,23.08,23.96,22.85,23.81,22.22,24.91,24.29,24.27,23.55,23.13,24.43,24.21,22.19,24.36,23.1,23.89
1015,24.22,24.85,25.5,25.95,25.24,24.94,24.74,23.95,26.19,26.18,24.35,26.28,26.85,24.91,25.4,26.89,25.45,26.45,24.13,26.76,26.27,25.06,25.06,25.75,27.17,27.13,24.5,27.04,25.03,27.02
1016,21.471,21.969,23.577,22.959,22.444,22.479,22.691,21.669,23.714,22.971,21.02,23.587,24.444,22.622,22.43,23.678,22.184,23.33,22.218,24.664,22.82,23.206,22.866,22.916,23.78,23.792,22.85,23.531,22.996,22.578
1017,22.97,22.94,25.34,23.86,24.45,24.09,23.54,22.42,26.03,25.23,22.84,25.25,26.8,22.52,23.74,23.48,22.57,24.33,23.6,27.02,25.47,24.82,25.1,23.4,25.68,23.77,23.22,24.31,23.61,24.25
1018,26.96,27.55,29.58,29.15,28.3,27.78,28.21,27.87,28.93,29.23,27.22,29.35,30.5,28.57,28.54,28.54,28.32,29.74,28.73,30.66,28.58,29.23,28.67,28.83,29.5,29.93,28.42,29.93,29.46,29.47
1019,21.87,21.72,22.96,23.43,21.78,22.68,21.83,20.61,24.23,23.57,20.52,23.72,24.94,21.63,22.24,22.12,22.33,22.97,21.22,24.01,23.79,22.51,22.63,22.46,23.6,22.13,21.21,23.25,22.5,23.31
1020,20.3,19.83,21.72,21.63,20.29,20.9,18.99,18.86,21.98,22.29,19.08,21.83,23.01,19.21,20.5,20.91,20.92,21.25,20.05,21.96,22.02,20.74,20.85,20.54,21.77,22.25,20.03,21.99,21.08,20.76
1101,31.874,30.518,30.429,29.697,30.462,30.548,30.197,30.363,31.439,30.922,30.935,32.182,31.779,31.614,30.058,31.367,30.664,30.432,29.833,31.444,31.078,31.204,31.72,31.025,30.658,31.051,30.934,30.346,30.814,31.093
1102,31.942,33.088,32.146,29.458,32.535,30.94,32.821,34.134,32.018,31.304,30.495,30.967,31.386,31.651,29.646,30.966,33.454,32.635,30.854,30.584,30.876,30.596,31.983,32.89,31.014,32.524,31.397,29.444,31.931,32.696
1103,27.77,27.06,28.16,25.57,26.26,28.12,26.64,26.7,27.75,27.85,27.07,27.74,28.57,27.73,25.99,27.09,26.87,27.09,25.74,27.68,28.47,26.77,28.34,27.88,26.75,26.97,27.28,26.78,27.21,27.22
1104,31.041,31.561,32.982,33.512,30.949,30.397,30.33,30.195,31.975,33.121,31.087,33.921,33.761,32.437,30.869,31.382,32.292,32.854,31.665,31.739,31.868,31.168,32.693,32.547,32.306,33.198,32.458,32.149,32.096,33.271
1105,27.718,26.217,28.835,27.154,26.719,27.58,26.411,26.568,28.225,28.034,27.243,28.369,28.913,28.58,26.116,27.557,27.919,27.628,26.815,27.443,28.501,26.537,29.168,27.725,28.516,28.621,27.531,28.355,26.984,28.115
1106,26.908,26.667,28.243,26.502,27.721,28.094,26.592,26.921,28.112,28.14,26.883,27.794,27.123,28.111,26.292,27.443,27.557,28.016,26.63,27.381,29.435,27.052,28.687,28.892,28.216,27.961,27.194,26.263,26.404,27.906
1107,30.18,31.281,30.521,30.12,30.955,30.264,30.321,32.118,31.25,30.881,31.046,31.504,31.097,31.636,30.159,31.479,33.209,31.176,30.4,29.602,30.941,31.054,30.782,31.851,31.629,32.028,31.853,29.092,30.353,31.257
1108,28.24,29.86,28.37,27.56,29.03,30.44,29.32,30.01,29.8,29.74,28.35,29.32,28.19,29.87,27.45,29.5,30.35,29.69,27.96,28.07,29.43,27.85,28.46,30.28,28.92,29.66,28.82,26.72,28.73,30.74
1201,21.5,19.46,22.56,20.24,22.34,21.31,19.71,20.57,19.96,19.74,21.39,19.94,23.6,21.6,23.68,23.62,20.31,21.09,19.79,21.63,21.71,19.83,21.92,22,21.23,21.65,19.98,20.26,21.89,22.9
1202,19.27,18.48,19.26,19.88,20.01,20.04,18.88,18.76,18.08,19.9,19.13,20.01,20.63,19.68,19.96,19.52,18.74,21.36,17.94,19.31,19.37,18.25,20.34,18.23,20.44,20.59,18.22,19.15,20.96,22.05
1203,20.98,18.92,19.62,20.57,19.63,20.29,18.09,20.51,19.02,19.32,19.45,18.87,20.61,19.83,21.5,20.98,19.75,20.16,18.92,20.02,20.3,19.68,20.59,19.33,20.39,21.03,19.22,19.27,21.18,20.44
1204,20.06,18.87,20.08,18.93,20.97,20.23,18.48,19.98,19.03,20.81,19.63,19.37,21.72,20.23,20.73,21.07,18.89,20.87,18.68,19.71,19.64,19,20.84,19.03,20.86,21.25,19.39,19.39,21.35,20.76
1205,19.818,18.764,19.823,19.988,20.82,19.778,18.812,19.834,19.68,21,19.46,20.612,20.945,21.065,20.844,20.991,19.409,21.087,18.488,20.133,20.812,19.164,21.233,19.954,21.312,22.292,19.145,21.523,22.356,22.693
1206,20.23,21.84,22.24,20.17,22.59,20.38,19.27,21.5,19.14,19.44,20.45,19.73,24.03,21.84,23.27,23.61,20.65,21.02,18.6,20.37,20.6,20.13,20.54,21.86,20.71,22.1,20.48,20.4,20.47,21.36
1207,17.92,17.95,18.4,19.51,19.41,19.16,17.71,18.48,17.71,20.07,18.05,19.44,19.57,19.1,19.64,18.87,17.88,20.53,17.68,19.17,19.13,17.96,19.44,18.03,20.28,20.04,18.57,18.8,20,20.12
1208,20.38,18.95,21.55,19.39,20.72,20.55,18.85,20.11,19.83,20.22,20.02,19.51,21.58,20.84,22,21.89,19.73,21.11,19.37,19.94,20.2,19.46,22.2,20.08,20.47,21.23,19.66,19.73,21.48,21.4
1209,21.38,22.01,23.28,20.88,23.16,21.59,20.06,21.65,20.54,20.5,20.75,20.41,22.61,22.62,24.5,23.81,21.34,21.56,20.68,20.96,21.43,20.68,22.13,22.01,21.84,22.1,21.24,20.95,21.64,23.07
1301,21.15,21.11,22,21.51,21.88,22.99,20.62,22.49,22.58,22.49,21.69,22.9,22.52,21.82,22.91,22.35,20.82,22.68,21.19,24.12,22.51,21.75,22.97,22.51,23.84,22.4,21.81,22.95,24.06,22.41
1302,20.63,20.82,21.37,21.39,21.45,20.98,20.19,20.27,21.86,21.64,21.25,22.33,21.86,21.06,22.38,22.07,20.89,21.36,19.73,23.54,22.15,21.4,22.09,21.06,23.51,21.99,20.6,22.96,24.15,22.39
1303,21.27,21.98,22.16,22.5,21.75,22.93,21,21.44,22.5,22.87,22.59,23.08,22.65,22.44,23.59,24.03,21.75,23.21,21.49,23.75,23.22,21.97,22.83,21.89,24.51,23.78,21.81,23.65,23.99,24.17
1304,21.047,21.142,22.158,22.99,22.618,22.442,21.432,21.992,23.317,23.89,21.992,23.257,23.487,22.094,22.972,21.811,21.091,22.874,21.771,24.241,23.257,22.635,23.751,23.132,23.833,22.947,21.2,24.092,23.691,24.132
1305,22.48,19.81,21.85,20.32,21.78,23.01,20.39,22.37,22.33,22.75,21.15,21.28,22.26,22.15,22.82,22.76,21.18,22.57,20.92,24.23,22.18,21.5,22.69,21.94,23.45,21.8,22.39,22.48,22.99,23.61
1306,19.77,19.58,19.89,20.78,21.19,20.99,19.54,19.73,21.04,22.07,19.88,21.68,21.5,19.85,21.09,19.74,18.98,20.77,20.48,21.29,21.32,19.52,22.3,20.84,21.81,21.42,20.3,20.19,22.66,23.68
1307,20.53,21.21,21.06,21.71,21.51,20.61,19.57,19.98,22.01,22.07,20.71,22.43,22.12,21.08,21.81,21.23,19.54,21.55,19.99,22.23,21.51,21.97,21.74,22.08,22.81,22.54,20.39,22.01,23.28,23.73
1308,19.36,19.28,19.66,20.57,21.08,21.05,19.62,20.69,22.18,22.39,19.92,21.58,23.2,19.37,21.8,19.42,18.82,21.44,20.97,21.37,21.54,20.33,21.8,21.35,22.47,20.65,20.33,20.27,23.17,21.9
1401,18.86,18.06,20.97,20.01,19.48,19.25,17.88,18.1,20.55,20.04,18.03,20.6,21.81,18.9,19.33,20.02,18.89,20.3,18.94,22.32,21.48,19.46,19.98,19.12,20.41,20.02,19.03,20.71,19.8,19.12
1402,19.73,19.442,22.134,21.11,20.147,20.187,18.526,18.829,21.358,21.657,18.823,21.616,23.129,18.788,19.955,20.671,19.528,20.873,19.814,21.793,20.881,20.634,20.385,19.856,21.031,20.539,20.235,20.625,20.482,20.416
1403,18.66,18.41,21.05,19.46,19.51,18.85,17.71,18.63,19.87,20.78,17.81,20.92,21.98,17.94,18.78,19.75,18.87,20.93,18.64,21.42,19.52,19.04,18.74,18.3,20.03,20.01,18.99,19.53,19.35,19.38
1404,20.9,19.92,24.01,21.87,22.17,21.11,19.57,20.59,22.78,21.17,19.85,22,23.55,20.81,21.76,21.33,19.86,21.34,21.25,22.84,22.19,21.12,23.03,20.59,21.89,21.97,21.28,22,22.08,21.29
1405,20.47,19.75,23.24,21.7,21.78,20.39,20.12,20.28,21.46,21.51,19.35,21.69,22.8,19.93,21.55,21.5,19.68,20.93,20.63,22.73,21.14,20.42,20.49,19.68,20.74,21.04,20.83,21.07,20.95,20.88
1406,18.72,18.2,20.15,20.03,18.84,19.16,18.14,17.98,19.86,20.21,18.28,19.99,20.97,18.93,18.69,19.21,18.09,19.27,19.06,21.22,19.6,19.09,18.56,18.53,19.73,19.25,19.04,19.93,19.23,18.82
1501,19.73,19.35,21.55,20.12,19.65,20.23,18.92,18.91,20.24,19.97,19.48,20.18,20.61,19.28,20.26,19.89,19.5,19.86,18.91,20.91,20,19,19.97,18.9,20.19,20.52,19.09,20.39,20.52,20.09
1502,22.37,21.13,22.09,21.87,22.38,22.61,21.24,20.56,22.59,23.1,21.22,22.62,22.96,21.51,22.85,21.76,20.91,21.81,21.25,23.76,23.15,21.42,23.4,21.65,23.08,23.46,21.77,23.72,23.27,23.22
1503,21.82,21.555,22.823,21.098,22.611,22.331,21.575,21.064,22.54,22.462,20.871,21.586,22.633,21.827,22.583,22.718,21.612,21.544,20.86,22.804,22.432,21.953,22.67,21.576,22.721,22.405,21.694,23.153,23.411,23.483
1504,21.8,21.08,21.41,21.86,21.79,22.1,21,20.35,22.42,21.8,20.36,22.79,22.32,21.11,21.36,21.36,20.64,21.47,21.01,23.11,22.48,21.37,22.99,21.57,22.35,22.18,21.54,23.21,22.63,21.94
1505,21.09,21.06,21.66,21.54,21.83,21.99,20.66,20.81,21.97,22.21,21.39,21.73,22.05,21.58,22.4,23.71,21.49,21.84,21.33,22.62,22.81,21.16,23.08,21.4,22.27,22.13,21.64,22.4,23.17,23.37
1506,25.082,22.977,23.574,21.393,22.558,24.302,22.482,23.819,22.432,24.093,21.719,23.191,22.905,23.248,24.989,24.213,22.91,22.926,21.764,22.168,21.939,22.885,24.456,24.716,22.015,22.043,22.386,21.908,23.44,25.532
1507,20.35,19.9,20.74,20.95,20.22,20.49,20.4,19.65,21.5,20.77,20,22.15,20.98,20.25,20.72,20.16,20.1,20.74,20.37,22.2,21.52,20.17,21.58,20.39,21.83,21.42,20.46,22.32,21.28,20.88
1508,20.23,20.44,20.95,19.84,20.8,20.79,20.54,20.58,21.65,21.73,20.34,20.32,21.43,20.64,21.19,20.93,20.78,20.58,21.71,22.11,21.63,20.28,22.04,20.44,21.87,21.5,20.88,22.45,22.43,23.08
1509,24.05,25,26.29,24.83,27.28,25.69,25.29,26.01,25.53,27.15,25.32,25.01,27.3,25.91,26.06,27.5,25.92,24.91,24.74,25.61,25.3,25.19,27.07,25.38,26.85,26.54,25.84,25.97,26.33,27.11
1601,26.46,25.53,26.3,24.79,25.72,25.25,24.3,25.65,26.07,24.93,25.94,24.53,26.85,25.92,27.2,26.79,27.8,25.43,25.73,25.32,27.2,26.03,26.76,26.35,26.4,26.39,27.32,24.21,24.95,27.73
1602,26.791,26.432,27.274,25.488,28.494,27.748,25.451,27.97,26.05,28.078,26.48,25.89,26.988,27.046,27.756,28.652,27.613,27.028,25.6,25.938,25.652,26.718,28.884,27.818,27.299,26.636,26.336,26.525,26.49,28.135
1603,30.41,31.12,30.48,30.68,30.49,30.02,28.98,31.65,30.04,30.74,30.97,30.35,31.14,30.13,31.89,31.58,31.54,30.4,30.15,31.54,30,30.76,32.19,30.89,31.46,31.87,31.98,30.57,30.51,32.46
1604,24.538,23.425,24.094,21.546,22.326,23.688,21.885,23.576,22.852,23.987,23.618,22.094,24.331,24.087,24.482,24.902,23.93,24.149,21.896,22.679,22.905,24.283,25.558,24.073,23.161,22.889,22.827,22.881,23.755,23.874
1605,29.623,28.642,29.139,28.082,28.627,28.858,26.897,29.064,28.097,28.083,29.276,27.519,30.303,29.415,29.696,30.367,29.825,28.972,29.526,28.843,29.043,29.089,29.837,29.805,29.803,29.036,30.126,28.008,28.075,29.971
1606,27.62,28.13,27.87,28.4,30.44,29.26,27.24,28.72,26.91,29.58,28.85,27.32,28.17,28.66,30.02,30.03,29.12,29.36,27.77,29.09,27.91,28.33,30.1,28.63,28.86,29.15,28.41,28.55,29.19,29.02
1607,26.45,25.31,24.88,23.68,24.84,23.91,23.74,25.97,25.78,23.3,25.04,23.58,26.31,25.44,27.56,25.96,28.24,24.24,23.65,24.5,26.78,26.36,25.1,25.94,26.53,25.52,26.68,22.79,24.42,26.62
1701,17.77,17.7,20.86,19.02,19.09,19.83,17.03,17.58,19.65,18.26,17.35,19.26,21.8,18.38,18.65,18.87,18.26,20.19,18.39,20.11,19.2,19.08,19.85,19.1,20.35,19.19,18.88,20.39,19.25,18.86
1702,23.761,23.447,26.455,24.886,25.525,24.96,22.833,23.668,25.314,24.001,24.215,24.536,26.174,24.313,25.203,25.193,23.15,24.46,24.151,26.039,25.006,24.734,26.421,23.78,25.271,25.079,24.009,25.147,24.762,24.311
1703,26.089,25.845,29.872,27.354,27.369,27.324,25.529,27.897,27.947,26.217,26.866,26.551,28.532,27.086,27.388,27.335,25.823,26.994,27.247,27.932,27.001,27.326,29.611,26.865,27.99,27.895,27.172,27.729,27.919,28.072
1704,19.12,19.57,22.09,19.67,20.13,19.69,18.26,18.65,21.43,19.43,18.51,21.11,22.2,19.43,19.65,20.66,19.2,20.71,19.57,20.54,20.4,20.26,20.56,20.21,21.6,20.28,20.51,20.62,20.5,19.6
1801,32.28,32.56,32.65,32.03,33.09,31.25,30.39,32.72,31.33,30.89,31.78,32.41,32.71,32.6,33.06,33.15,32.62,31.93,32.12,32.08,32.86,32.18,32.69,32.21,32.73,32.97,32.38,31.67,32.14,33.86
1802,32.65,33.15,32.69,32.05,32.76,32.19,30.81,32.95,31.6,30.33,31.25,31.78,32.08,32.34,33.15,32.06,32.49,32.52,32.39,32.01,33.18,32.79,31.97,32.2,33.05,33.54,31.73,31.53,31.7,33.08
1803,29.86,29.85,30.69,29.05,31.21,30.19,28.68,31.83,30.29,28.74,29.72,29.85,30.66,30.4,30.59,29.72,29.29,30.48,29.76,29.8,30.48,30.43,30.6,29.48,31.07,30.64,30.83,29.86,30.44,31.62
1804,31.05,31.88,31.81,30.31,32.23,30.87,29.89,32.23,31.1,30.11,31.59,31.52,31.73,31.77,32.38,31.34,32.05,31.48,31.11,31.22,32.45,31.65,31.52,31.2,31.57,32.35,31.06,30.83,31.3,32.84
1805,31.19,31.43,31.14,30.85,33.66,30.85,30.87,31.89,31.43,30.62,31.4,32.3,32.05,32.34,31.86,31.86,31.63,30.99,31.52,31.71,33.07,31.84,32.04,31.74,31.95,32.56,31.55,31.21,32.15,33.1
1806,32.075,31.612,32.002,30.915,32.264,31.19,30.439,31.512,31.067,31.385,31.754,32.761,32.737,32.616,32.518,32.379,32.504,32.271,32.089,31.467,32.982,32.121,32.039,31.547,32.072,32.673,31.499,31.98,31.614,32.056
1807,33.86,32.22,33.18,32.8,34.86,31.45,31.13,31.59,32.54,31.74,32.91,33.01,33.54,34.05,33.18,34.05,32.77,33.06,33.52,33.29,33.08,33.54,33.72,33.58,33.75,32.6,34.04,32.1,33.26,33.95
1808,34.43,32.78,33.72,34.77,34.15,32.58,31.21,32.62,33.19,31.91,33.2,32.77,34.49,34.74,32.5,32.96,33.68,33.55,33.95,33.72,32.79,33.41,33.25,34.02,35.38,33.73,34.31,31.6,33.88,34.55
1809,30.26,30.33,31.58,30.52,30.95,30.86,29.42,31.27,30.4,29.89,30.48,32.18,31.66,31.86,32.35,30.91,31.45,30.72,31.52,30.73,30.48,31.64,31.48,32.35,31.37,30.88,32.05,31.17,31.02,31.31
1901,19.935,18.472,17.486,19.733,18.16,18.693,17.493,18.231,15.783,18.318,18.91,19.915,21.052,18.992,19.727,18.345,18.903,19.402,17.394,19.983,19.202,16.237,18.871,16.937,19.646,18.764,17.532,17.002,18.845,20.405
1903,19.68,18.73,18.33,19.63,19.86,19.88,19.84,20.1,19.03,19.52,18.83,20.07,19.04,20.1,18.86,19.02,18.77,18.87,19.99,20.76,18.88,18.1,20.11,18.72,21.89,19.62,18.73,20.19,20.62,20.83
1904,19.49,17.66,17.3,18.97,17.99,17.71,16.99,18.79,16.2,17.91,17.84,20.63,19.63,19.47,18.61,18.57,18.07,18.51,16.87,20.73,19.17,16.47,18.71,17.18,20.45,19.47,18.95,18.13,19.44,20.38
1906,20.94,18.81,17.97,19.56,19.06,19.97,18.34,18.25,16.81,19.38,19.76,20.52,21.86,19.68,20.48,19.52,19.04,20.35,18.08,19.66,19.03,16.59,18.6,16.56,19.71,19.43,17.56,17.73,19,21.2
1907,20.63,18.53,18.57,20.55,19.1,20.03,18.11,19.66,17.39,19.87,19.2,19.94,20.96,19.33,19.72,19.37,18.66,21.01,17.92,20.33,19.75,18.18,20.66,18.14,21.15,21.62,19.19,19.69,20.62,21.89
1908,22.05,20.34,19.69,22.69,18.87,21.04,18.1,19.02,17.78,19.46,20.29,20.82,23.16,21.11,21.47,19.26,19.44,20.69,19.66,19.84,21.82,18.27,20.11,18.86,20.91,21.8,20.07,19.23,21.87,21.22
1909,19.85,18.63,17.99,20.1,19.51,18.82,18.8,19.13,17.44,19.57,19.43,20.59,19.65,20.11,19.51,18.82,17.93,18.99,17.86,20.73,18.37,17.5,20.38,18.14,21.16,20.48,18.02,19.47,20.53,21.71
2001,24.85,25.32,25.98,26.1,25.78,25.37,25.81,24.54,26.35,28,24.39,27.08,26.54,25.04,25.88,26.37,26.75,28.03,25.5,27.57,26.73,25.29,26.26,26.74,27.44,26.94,25.56,27.26,26.6,26.95
2002,25.494,26.424,27.656,27.689,27.204,26.367,27.259,26.437,27.666,29.167,25.643,29.15,28.829,27.306,27.291,28.101,28.022,29.23,26.404,28.689,27.949,27.178,28.159,28.317,28.642,29.133,27.901,28.676,28.356,28.937
2003,25.196,25.944,26.793,26.815,26.385,26.011,25.948,25.574,26.724,28.825,25.712,27.824,27.412,26.293,26.148,27.544,27.928,29.256,26.946,28.033,27.257,26.888,26.629,27.937,28.747,28.275,26.703,27.394,27.629,28.932
2004,26.818,28.205,29.381,29.607,28.791,27.824,29.783,28.354,29.453,30.896,27.399,31.477,30.532,30.039,28.773,30.515,29.877,31.552,28.988,31.256,30.371,29.381,30.586,30.828,30.255,31.502,30.074,30.806,30.329,30.259
2101,25.94,27.35,29.34,28.76,28.4,28.51,28.27,28.31,28.27,29.64,27.59,29.41,30.05,28.86,27.4,29.06,27.98,29.59,27.66,30.19,28.88,29.32,29.4,28.58,29.12,29.9,28.88,29.56,28.74,29.17
2102,25.928,26.237,28.192,27.924,27.219,28.092,26.188,26.628,27.33,28.087,25.98,28.048,29.587,28.522,26.653,28.604,26.577,28.494,27.224,28.861,27.872,28.395,28.579,27.836,28.725,28.723,27.864,28.21,28.235,27.124
2103,23.12,23.35,25.32,24.27,24.79,24.78,23.54,23.41,24.93,25.38,22.85,26.16,27.11,25.05,24.88,26.44,23.82,25.91,24.68,25.93,25.09,25.52,25.6,24.79,25.84,26.63,25.4,25.4,24.22,25.03
2104,24.24,24.52,26.1,26.9,25.34,26.87,25.7,25.05,26.52,26.89,23.44,27.5,27.53,26.69,25.89,27.56,26.77,27.68,25.23,27.95,27.28,27.38,26.55,26.18,27.99,27.63,27.38,27.14,26.57,26.06
2105,26.02,25.32,28.15,27.4,27.3,27.78,26.6,26.15,27.5,28.52,25.9,28,28.99,27.47,26.97,28.55,26.75,28.87,27.5,28.21,28,28.71,28.28,26.7,28.4,28.4,26.33,28.43,27.66,26.67
2106,23.95,24.17,26.52,25.81,24.89,25.74,24.93,24.85,26.08,27,24.43,26.99,26.99,25.97,25.34,27.23,25.03,27.1,24.91,27.43,26.66,25.54,25.84,26.01,26.35,27.38,26.81,26.61,25.89,25.65
2107,26.57,26.69,28.15,27.95,27.94,28.25,27.21,26.9,27.94,29.02,25.86,29.04,29.3,27.85,27.59,28.65,26.93,29.13,27.09,29.14,29.02,28.06,27.51,28.37,28.16,29.46,28.5,28.77,27.7,27.89
2108,26.21,25.35,27.59,26.29,25.34,26.33,25.77,24.7,27.19,27.03,24.97,27.33,28.75,26,26.26,27.12,25.7,26.11,25.82,27.1,26.23,27.93,25.49,25.81,27.03,27.1,25.87,27.5,26.09,25.92
2109,24.99,23.73,26.75,25.01,25.03,25.4,24.4,24.43,25.56,25.24,24.21,26.24,27.51,25.41,25.57,25.95,24.66,25.73,25.02,26.09,26.13,26.78,26.06,24.4,25.52,26.33,25.48,26.58,24.9,24.66
2110,27.23,28.16,30.49,30.56,28.71,29.18,28.22,28.05,29.25,31.06,29.35,30.88,31.57,30.23,28.08,28.94,29.31,30.52,29.03,29.9,29.76,29.63,29.96,29.14,29.81,30.32,29.77,30.16,29.59,30.68
2202,31.655,31.618,32.076,32.26,31.878,30.979,30.477,30.946,32.037,31.229,31.507,32.664,33.193,33.285,31.883,32.217,31.376,31.06,30.829,31.709,31.66,32.663,31.835,31.921,32.007,32.566,32.885,31.453,32.31,33.237
2203,32.13,31.857,32.615,31.456,31.791,31.067,30.519,31.101,31.795,31.181,31.783,33.037,32.673,32.771,31.911,31.945,31.582,31.862,31.935,32.15,32.232,32.177,31.681,32.612,32.014,32.272,32.88,32.708,31.707,32.371
2205,31.707,31.82,31.387,31.202,32.07,31.489,30.174,31.136,31.884,31.436,31.92,32.168,32.066,32.323,31.34,31.864,31.94,31.324,31.195,31.694,31.471,31.907,31.7,32.123,32.005,32.462,32.616,31.615,31.266,32.25
2206,31.209,33.159,31.244,31.522,32.22,30.76,30.516,31.51,32.047,31.417,32.01,32.641,31.837,32.834,30.792,32.073,32.623,31.53,31.258,30.611,31.018,31.104,32.09,32.446,32.185,32.754,32.135,29.733,31.109,32.009
2207,30.93,30.86,30.69,30.28,31.21,30.59,29.68,30.32,31.25,30.03,30.3,31.95,32.35,31.98,30.49,31.3,31.03,30.5,30.01,30.67,31.09,32.23,30.88,30.95,31.25,31.11,31.81,30.59,30.51,31.7
2208,29.43,28.55,28.77,28.2,28.3,27.94,27.12,27.78,28.24,28.71,28.06,29.99,30.63,30.12,28.96,29.19,28.12,29.01,28.03,29.56,29.5,29.72,30.14,29.15,29.37,29.89,28.57,29.28,28.88,28.8
2209,31.66,31.75,32.11,31.24,30.76,32.01,30.26,30.53,32.31,31.82,31.51,31.92,32.08,33.54,31.76,32.21,32.37,31.07,31.02,31.31,31.51,32.85,31.69,31.46,31.98,31.1,32.69,31.56,31.69,32.87
2301,23.508,25.696,25.108,25.954,25.986,24.744,25.814,23.695,26.562,26.812,23.262,26.619,26.711,25.104,25.029,26.696,25.186,27.183,24.262,26.716,26.75,25.007,26.472,26.671,27.051,26.905,24.77,27.602,26.114,25.488
2302,21.32,22.11,21.38,23.4,23.54,22.69,22.89,21.19,24.3,23.83,20.88,24.41,23.69,22.3,23.42,23.09,22.42,24.61,21.31,25.08,23.38,22.32,24.36,23.78,24.05,23.47,21.86,24.6,24.64,23.11
2303,27.46,27.14,28.36,28.36,28.11,27.77,28.09,26.69,29.46,29.19,26.06,28.18,29.74,26.91,28.66,28.93,28.15,29.86,27.16,31.05,29.67,28.6,28.43,30.61,29,29.36,26.97,28.52,29.17,29.13
2304,19.26,19.58,18.85,20.68,20.16,20.46,20.54,19.27,21.18,22.35,18.97,21.63,20.85,19.6,20.06,21.08,21.01,21.77,19.88,21.78,21.48,19.92,20.8,21.33,22.8,21.81,20.08,22.58,21.88,20.61
2305,21.54,21.974,21.411,22.074,22.807,22.136,22.005,21.283,22.777,23.015,21.404,23.589,23.461,21.543,22.576,22.224,22.184,23.111,21.989,23.711,23.336,21.502,22.342,23.813,24.467,22.708,20.94,23.455,23.531,22.633
2306,27.967,29.968,29.955,30.868,29.366,29.193,30.279,28.986,31.732,30.304,28.226,30.293,31.31,29.745,30.104,31.688,30.954,33.841,30.513,33.033,31.784,30.702,31.192,32.297,30.641,31.541,29.445,31.897,30.843,30.914
2308,21.389,21.706,21,21.895,22.638,22.733,22.202,21.956,22.76,24.489,22.07,24.303,22.262,21.897,22.327,21.645,22.297,23.029,22.345,24.223,22.52,21.547,21.981,22.563,25.212,22.566,20.605,22.798,23.844,23.024
2309,25.378,25.232,25.19,24.929,25.863,25.897,24.797,24.289,26.105,26.891,24.821,26.724,26.311,24.553,26.947,24.273,26.454,26.707,25.995,27.659,26.155,25.711,24.811,28.703,27.483,26.257,24.691,25.681,27.891,26.937
2310,27.17,28.19,27.95,27.75,28.31,28.15,27.07,27.24,28.75,29.58,26.1,28.37,30.48,26.54,28.54,27.6,27.9,30.11,27.7,29.69,30.36,27.94,28.17,31.37,29.99,29.03,27.49,28.44,30.47,28.75
2311,19.64,19.92,18.37,20.74,20.23,20.19,19.43,18.97,21.39,21.33,18.78,22.23,19.99,18.86,20.75,20.4,20.67,22.19,20.25,23.07,20.63,19.05,20.02,21.79,23.43,20.2,18.5,20.99,21.95,20.04
2312,26.25,28.77,27.55,28.82,28.64,28.24,27.98,26.85,29.38,29.16,26.22,29.3,29,27.24,28.18,29.09,28.63,32.28,27.4,30.78,29.95,29.12,28.57,31.35,28.59,29.88,28.47,30.23,28.59,28.15
2313,26.778,26.683,27.449,26.86,27.838,27.685,26.318,25.297,28.4,27.897,25.529,28.364,29.017,26.173,28.206,27.145,27.179,28.902,27.422,29.03,28.301,27.233,27.363,30.664,28.508,28.484,26.381,27.639,29,28.586
2315,25.02,24.14,23.88,24.66,25.28,25.01,25.42,23.62,25.25,26.82,24.41,26.03,25.08,25.31,25.04,23.85,25.31,24.41,26.27,26.82,25.12,23.96,24.01,26.07,27.78,26.25,24.4,25.28,27.38,25.61
2401,26.829,27.221,27.149,27.97,26.89,27.59,25.884,27.053,25.891,27.789,27.749,27.799,27.484,28.315,28.178,28.056,27.656,26.782,27.733,27.969,27.777,27.573,28.206,28.004,29.286,29.313,27.949,26.989,28.525,28.54
2402,21.23,21.05,21.97,21.66,21.75,22.36,20.29,20.16,20.77,22.54,21.72,22.61,23.47,21.75,22.13,22.34,23.78,21.24,21.35,23.4,22.19,21.53,22.31,22.79,24.21,23.62,21.95,21.88,23.02,23.88
2403,20.25,20.16,21.24,21.1,21.23,21.49,19.86,19.99,20.69,21.94,21.11,21.66,21.89,21.89,21.28,21.33,21.93,20.76,20.73,22.19,21.43,19.9,21.08,21.81,23.49,22.96,19.98,20.76,22.86,22.02
2404,20.44,20.73,21.46,21.52,21.58,21.9,20.43,20.45,20.98,22.47,21.71,22.46,23.4,22.55,21.88,21.77,22.66,20.9,21.54,22.21,21.46,20.95,21.72,22.31,23.45,22.97,21.2,21.86,22.7,23.02
2405,25.64,26.42,27.35,27.26,26.94,27.4,25.41,26.78,25.41,27.95,26.94,28.19,26.98,26.71,28.17,27.16,27.58,25.98,26.65,28.1,28.14,26.84,27.79,27.22,28.85,29.29,27.18,26.36,27.53,28.12
2406,19.447,20.681,20.828,21.203,21.103,21.282,19.893,20.609,20.444,21.839,21.147,22.698,21.591,21.31,22.026,21.714,22.9,21.35,21.571,22.803,21.836,21.123,22.935,23.192,23.682,23.414,21.803,20.758,22.86,23.085
2407,22,22.22,22.57,23.12,22.94,23.06,21.3,21.91,21.81,23.17,22.34,23.19,23.49,23.92,24.08,23.34,22.74,21.97,22.1,24.29,23.87,21.9,23.26,23.2,25.92,25.56,22.08,22.03,23.68,24
2408,25.89,26.09,26.52,27.14,26.77,27.24,25.84,26.72,25.34,27.27,26.88,28,27.01,27.81,27.83,27.44,27.9,25.24,26.9,27.61,26.89,26.28,27.25,27.11,28.66,29.11,27.18,26.77,27.88,28.24
2409,23.287,23.837,24.559,25.424,24.909,24.928,23.146,24.475,23.778,25.136,24.987,25.827,24.891,24.245,25.394,24.95,25.687,24.672,24.532,26.357,25.58,24.485,25.348,25.427,26.932,27.244,24.942,23.905,25.251,26.142
2410,21.67,21.35,22.66,22.45,22.24,23.08,20.71,20.93,21.2,23.14,22.69,23.39,23.83,22.5,22.8,22.32,24.82,22.16,22.51,24.43,23.22,22.42,23.61,23.65,24.89,24.52,23.61,22.92,24.3,24.69
2411,20.05,20.74,20.84,20.6,20.34,21.02,19.27,20.06,19.73,21.53,20.94,22.69,22.18,21.51,21.5,21.06,23.21,21.33,20.94,22.23,21.36,20.59,22.64,23.01,23.47,22.77,21.81,20.38,23.26,22.47
2501,21.13,20.77,19.4,22.5,21.25,20.42,20.21,19.73,18.47,21.06,21.14,22.49,21.84,20.74,21.4,19.19,19.23,19.07,20.23,21.61,21,18.52,22.51,20.47,22.13,20.69,20.2,19.41,22.06,21.78
2502,21.65,20.799,19.79,22.387,20.896,21.365,20.308,20.264,18.525,21.623,21.38,22.754,22.132,21.129,22.193,19.978,20.514,20.818,20.21,22.558,21.239,19.609,21.418,19.386,21.962,20.966,19.647,19.492,21.079,21.968
2503,20.357,20.342,21.075,21.211,21.916,20.811,20.32,20.974,20.664,21.884,19.506,21.886,21.957,20.946,20.472,20.413,20.66,20.776,21.094,22.552,21,19.218,21.748,21.168,24.262,21.629,19.032,21.287,22.355,21.35
2504,23.16,23.28,22.38,22.87,23.81,23.88,23.92,22.94,23.6,25.81,23.82,25.13,23.65,23.81,22.88,22.93,23.66,23.88,23.88,26.17,24.04,23.11,23.32,23.74,26.54,24.75,23.08,24.28,25.45,24.94
2601,26.29,24.46,25.94,24.67,24.78,25.29,23.57,24.16,25.48,25.06,23.8,26.77,26.35,24.69,25.25,24.97,24.59,25.35,24.27,25.94,25.04,25.37,26.38,25.18,25.39,25.41,25.44,24.83,25.64,24.47
2602,31.92,31.319,31.425,31.286,31.414,30.921,30.183,30.87,31.495,30.603,31.328,32.543,31.996,32.14,31.066,32.254,31.301,31.184,30.482,31.165,31.51,32.225,32.438,31.714,31.252,32.04,31.542,30.729,31.347,32.568
2603,31.16,29.15,29.51,28.79,29.24,30.09,28.14,28.73,29.9,30.08,28.69,30.54,29.99,30,29.63,29.72,29.53,30.07,28.43,31.25,30.19,29.2,30.07,30.27,30.11,30.48,29.08,29.31,28.98,28.99
2604,30.7,30.64,29.81,30.1,30.38,29.85,28.95,30.02,30.71,30.04,30.18,31.19,30.82,31.81,30.16,30.97,29.96,29.34,29.2,30.61,30.32,31.28,30.92,30.43,29.72,30.45,31.08,29.65,30.02,31.04
2701,17.06,17.031,16.346,17.033,16.292,17.937,15.746,16.24,15.317,17.449,16.768,17.738,17.666,18.457,17.244,16.905,16.28,17.435,15.648,17.021,17.963,16.532,17.484,16.398,18.474,17.872,16.631,15.592,17.598,17.509
2702,24.48,23.78,24.27,24.29,23.76,24.27,22.91,22.92,23.47,25.69,23.7,25.3,25.28,25.22,24.18,24.11,24.89,23.87,22.85,24.65,26.08,23.54,24.28,24.69,25.03,24.82,22.85,23.63,25.38,24.97
2703,19.7,17.63,18.02,20.55,17.5,18.89,16.83,17.85,16.07,18.64,18.26,19.64,20.06,18.83,18.68,18.07,17.79,19.66,18.78,18.47,19.89,16.45,18.41,16.54,19.18,19,16.9,16.53,18.81,18.91
2704,19.45,19.44,18.89,19.15,18.9,20.38,17.91,18.97,17,18.88,19.77,19.97,21.62,20.84,20.51,19.42,19.4,19.42,17.24,20.1,20.45,18.53,20.06,18.07,20.66,21.6,18.78,17.89,19.01,20.06
2706,25.81,25.27,25.91,25.72,25.05,25.6,24.34,24.02,24.84,26.88,25.06,26.66,26.32,26.65,25.97,25.68,26.58,25.23,24.61,26.01,26.86,25.02,25.62,25.95,26.52,25.95,24.23,24.88,26.68,26.13
2707,24.96,24.7,26.75,25.22,25.09,25.72,25.52,24.22,26.35,24.65,24.14,26.01,27.28,25.68,25,25.33,24.74,25.64,25.19,25.51,25.9,25.43,25.09,25.13,26.44,25.86,24.96,25.57,25.5,25.02
2708,19.12,18.63,18.09,19.13,17.73,19.69,17.69,17.37,17.27,19.23,18.8,19.66,19.19,20.65,18.07,18.95,18.41,19.17,17.46,18.86,19.33,18.28,18.97,18.69,19.31,19.87,17.74,16.74,19.12,18.89
2709,16.95,17,16.06,17.56,16.7,17.56,16.32,17.13,14.7,16.71,16.87,18.7,19.35,18.4,18.85,17.16,17.05,17.56,15.09,16.8,18.16,15.93,16.83,15.98,19.22,19.02,16.51,15.85,17.36,17.85
2710,21.93,21.77,21.85,21.8,21.01,22.76,21.04,20.1,20.09,21.83,21.63,22.5,22.97,23.99,22.28,21.04,22.54,22.42,20.65,22.24,22.19,20.79,21.86,21.02,22.44,23.06,20.58,20.29,23.01,22.28
2801,27.38,26.68,28.79,28.46,28.01,27.11,28.13,27.66,28.46,28.8,26.51,28.14,29.59,27.33,28.23,28.14,27.02,29.5,27.69,30.42,28.45,28.21,28.29,28.21,28.35,28.86,26.31,28.44,27.9,28.86
2903,25.931,25.655,27.566,28.091,25.677,25.398,25.445,25.442,26.293,27.682,26.197,27.469,28.129,27.097,25.415,26.103,26.056,27.504,25.865,26.484,27.104,26.566,27.528,26.51,27.618,27.355,26.699,26.648,26.801,27.296
2911,26.021,26.868,28.272,29.034,27.265,27.555,26.296,26.518,27.228,28.866,27.246,29.134,30.046,28.495,25.551,26.792,27.731,29.536,27.382,28.222,27.738,27.888,28.137,27.529,28.899,28.246,27.836,28.658,27.856,28.514
2912,23.896,24.623,25.82,26.565,24.315,24.289,23.908,23.724,25.128,26.516,24.31,26.411,26.387,24.842,23.789,24.861,25.327,26.019,24.556,24.969,24.849,24.221,25.688,25.073,26.282,25.723,25.758,25.259,25.181,25.961
2921,28.1,27.68,28.99,30.37,27.23,26.93,26.69,26.47,27.75,29.53,27.81,30.02,29.86,28.66,26.23,27.79,28.41,29.38,27.35,28.5,28.13,27.62,29.55,27.46,28.98,29.3,28.17,28.12,28.6,28.84
2926,24.03,24.02,24.91,26.31,23.7,23.92,23.57,23.36,24,25.77,25.63,25.66,25.87,24.5,23.55,23.67,24.4,25.87,23.66,25.41,24.63,23.85,25.86,24.15,25.25,25.55,24.36,24.49,24.54,25.79
2930,25.59,25.59,27.37,28.55,26.29,25.9,25.53,24.68,26.44,27.74,26.3,27.75,28.56,27.68,24.49,26.06,26.46,27.74,26.11,26.9,26.66,26.71,26.6,26.53,27.78,27.29,27.42,26.83,26.69,27.8
3004,25.997,25.774,26.606,26.579,25.09,24.836,24.79,24.215,26.416,27.101,25.167,27.423,27.432,25.477,25.594,24.894,25.652,26.233,25.275,25.336,26.345,24.253,26.82,25.518,26.635,27.099,25.872,25.271,25.94,27.977
3005,22.682,23.247,23.772,25.024,23.327,23.034,22.295,22.023,24.046,24.989,23.102,24.724,25.487,23.131,22.376,23.082,23.723,24.266,23.542,23.422,24.003,22.812,23.987,23.176,24.441,24.785,23.935,23.12,23.943,24.921
3006,24.65,24.87,25.47,25.81,24.12,23.46,24.11,23.41,25.16,25.9,24.06,27.2,25.76,24.54,25.19,23.95,25.29,25.88,24.3,24.65,25.49,23.64,26.27,24.32,25.05,26.85,24.68,24.54,25.26,27.71
3007,24.55,24.03,23.55,24.15,24.32,22.61,22.5,21.08,23.74,24.23,24.1,25.08,23.8,24.63,23.15,22.63,24.18,22.37,23.08,23.46,24.09,23.36,24.21,24.35,24.52,26.46,23.65,23.6,23.84,25.34
3008,22.887,23.946,24.667,25.824,24.649,24.341,23.87,23.364,25.303,26.636,23.692,25.751,26.137,24.84,23.532,24.745,25.118,26.291,24.932,25.283,25.002,24.617,25.401,24.861,25.678,26.411,25.341,25.646,26.305,26.058
3013,17.35,19.49,17.97,18.5,17.98,17.77,18.87,17.62,18.77,19.62,18.37,19,18.48,18.32,17.59,17.6,20.08,19.03,18.39,18.91,18.21,17.36,18.88,18.88,20.16,20.58,18.22,19.58,19.39,20.02
3014,21.25,23.07,23.21,25.47,23.17,22.12,21.72,22.41,23.45,24.02,22.37,24.86,25.44,22.73,21.26,22.93,23.9,23.87,22.86,23.52,22.93,22.48,23.77,23.19,24.09,24.06,23.76,23.16,23.51,23.48
3015,24.723,25.963,27.193,28.547,27.054,26.895,25.289,25.712,26.609,28.43,26.131,28.172,28.659,27.173,25.285,26.72,26.979,28.026,26.579,27.185,26.996,26.763,27.139,26.636,28.225,27.407,27.36,27.266,27.323,27.4
3016,21.402,22.133,24.325,24.176,23.025,21.56,20.699,20.649,22.546,24.022,22.241,23.894,23.812,23.157,21.408,22.353,22.513,23.01,23.021,22.645,22.592,21.456,23.017,21.828,23.824,24.583,23.742,23.069,23.74,23.809
3017,19.439,19.827,22.347,21.351,21.248,22.121,19.56,19.444,21.073,22.882,20.181,21.561,23.096,20.9,20.09,20.511,20.803,21.582,21.106,21.094,20.706,20.504,21.374,20.528,21.668,22.814,21.207,21.467,22.694,21.601
3018,17.5,19.85,19.56,19.77,18.86,19.45,19.51,17.76,19.93,21.23,18.36,19.68,20.06,18.72,18.19,19.67,20.35,20.41,18.17,19.67,19.34,18,18.6,18.76,20.51,20.73,19.55,20.38,21.51,19.97
3019,26.12,27.23,27.69,28.87,26.91,26.64,26.32,25.78,28,29.07,27,29.31,28.99,26.89,25.68,27.39,27.66,28.06,27.92,26.76,27.04,26.54,28.27,28.17,28.64,28.28,28.53,27.9,27.87,28.62
3020,27.63,28.35,28.1,30,27.66,26.67,27.75,26.72,28.11,28.93,26.98,30.91,29.35,28.01,28.36,26.92,28.43,29.27,27.88,28.08,28.71,27.16,30.66,27.45,29.43,29.64,29.02,28.28,29.17,31.41
3022,20.62,21.43,22.18,23.12,21.23,20.73,20.66,20.46,21.6,22.56,20.82,22.68,22.71,21.77,20.87,21.88,22.11,22.64,21.78,22.13,21.03,20.95,20.97,21.1,22.68,22.68,21.88,21.43,22.44,22.48
3023,25.98,26.78,28.45,29.46,27.8,27.77,26.52,26.66,27.79,29.23,27.18,29.22,29.49,27.77,26.42,27.2,27.95,29.18,27.35,28.37,27.84,27.71,28.54,27.49,28.99,29.17,29.14,28.57,28.83,29.15
3027,24.77,25.95,26.42,27.49,25.82,25.38,24.92,24.79,26.71,27.84,25.82,27.8,27.64,25.64,24.52,25.42,26.62,26.44,26.63,25.72,25.7,25.66,27.2,26.39,28,27.58,26.86,25.75,26.68,27.82
3028,24.7,26.04,26.27,26.52,25.94,23.98,23.66,24.38,25.19,26.53,25.11,26.8,26.19,24.52,24.69,24.91,27.27,25.59,25.34,25.46,25.52,25.33,26.56,25.57,26.91,27.16,25.78,25.4,25.29,27.36
3031,24.9,27.1,27.53,29.3,26.87,26.5,25.41,25.55,26.61,27.55,26.5,28.91,29.14,26.94,25.37,26.29,26.3,27.98,26.92,27.28,26.91,27.06,27.4,26.57,27.86,27.78,27.98,27.4,27.45,27.8
3101,19.52,20.52,21.6,21.74,21.43,21.16,19.94,20.28,21.98,23.21,20.49,22.11,23.07,21.69,20.36,21.59,21.64,23.11,22.04,22.33,21.85,20.66,21.86,21.43,22.82,22.74,21.96,22.19,22.51,22.66
3102,20.455,20.202,20.191,20.401,21.097,20.838,19.126,18.785,21.02,22.498,20.272,21.389,20.873,20.343,21.15,21.859,21.954,21.645,20.256,22.373,21.718,20.627,20.99,21.604,22.163,23.357,20.632,21.535,22.077,22.466
3109,19.56,19.66,19.05,19.56,20.09,18.78,18.4,18.26,20.05,21.57,20.16,20.59,19.85,20.21,19.47,19.56,21.42,21.03,19,21.14,19.99,19.09,20.32,20.13,21.42,21.76,19.86,20.83,20.97,21.25
3124,22.026,22.476,21.949,22.757,22.783,23.088,22.256,21.591,23.023,24.395,22.063,24.017,22.969,22.469,22.883,23.855,25.351,25.494,23.085,25.035,24.727,22.184,22.774,24.967,24.76,25.251,22.828,23.588,24.783,23.956
3125,22.3,22.03,22.78,22.29,22.73,22.42,21.16,21.11,22.29,23.09,22.66,23.29,22.8,22.82,23.66,23.26,24.92,24.07,22.36,24.57,23.88,22.52,23.25,24.86,25.63,25.91,22.38,22.86,24.86,25.27
3129,17.25,19.35,18.62,18.96,18.84,18.1,18.04,16.76,19.07,20.69,19.46,19.4,19.03,19.23,17.78,18.12,20.11,19.54,18.81,20.06,19.81,17.52,19.37,19.27,20.66,21.29,18.91,19.79,19.84,19.86
