1,3,3.2555,10.251,12.502,12.004,12.256,6.7489,2.5022,21.991,25.004,3.2511,24.996,19.502,9.2511,13.749,13.256,7.5022,17.749,7.2467,21.251,21.502,15.996,15.749,19.242,24.251,26.493,10.004,17,33.251,23.753
2,14,15,24,31,27,29,16,15,38,39,14,43,34,23,32,28,17,30,26,33,39,29,29,34,35,46,15,30,41,40
3,11.888,12.888,19.535,30.099,26.029,27.635,13.676,12.353,32.535,35.141,12.747,38.212,28.029,26.635,27.958,25.888,17.747,26.029,22.635,30.747,35.494,27.535,26.141,29.606,38.423,40.958,13.212,25,38.606,38.099
4,4,2,13,12,10,9,4,1,24,22,2,25,16,8,9,9,2,13,4,16,16,14,12,12,18,26,8,18,24,20
5,16,30,32,48,43,38,21,24,47,43,24,42,41,33,34,36,38,40,41,41,43,38,35,42,45,52,24,36,48,41
6,30,36,32,54,43,45,30,32,53,52,39,62,57,53,49,41,44,40,49,48,60,53,39,41,54,61,41,38,61,56
7,1,2,2,4,2,5,0,0,10,20,0,13,12,4,8,9,2,8,2,17,6,6,7,10,16,20,9,11,20,18
8,3,8,18,27,26,18,11,8,36,29,5,33,23,11,18,31,17,31,19,28,35,23,16,30,30,40,13,26,37,27
9,28,31,26,58,34,40,20,27,32,45,30,43,42,37,41,30,39,31,33,34,49,35,31,24,46,47,38,28,52,48
10,3,5,12,16,15,12,8,6,25,27,4,23,15,9,11,14,10,16,10,25,20,23,20,21,27,26,7,17,30,20
101,12,33,9,33,10,31,3,8,4,18,22,24,42,30,24,20,28,15,14,30,46,22,19,21,49,33,21,5,32,33
102,76,61,81,87,61,76,51,59,63,88,73,80,89,76,85,81,76,67,67,77,93,87,76,65,100,80,95,86,105,105
103,94,64,96,97,78,83,65,66,68,96,84,83,102,81,93,96,98,73,77,97,103,107,94,78,116,92,108,102,112,119
104,1,3,5,7,0,11,0,0,0,1,2,2,4,8,6,5,2,4,0,4,12,1,0,6,16,10,4,0,3,13
105,47,45,57,81,41,60,31,46,42,76,55,72,68,61,73,65,63,47,59,72,85,74,62,41,90,68,77,65,88,82
106,2,6,5,9,3,6,0,2,0,3,1,5,9,12,6,2,5,2,0,3,5,0,5,1,14,10,2,0,10,10
107,2,2,1,3,0,6,0,0,0,2,1,5,5,6,3,1,1,1,2,3,4,0,0,1,10,4,0,0,4,6
108,28,29,43,66,28,50,12,22,12,44,35,53,49,39,59,47,44,29,44,53,67,53,47,29,81,53,64,37,72,65
109,1,3,2,4,0,3,0,0,0,2,1,2,4,6,1,0,1,0,1,1,3,0,4,0,12,6,3,0,10,7
110,37,36,39,67,32,48,16,35,23,57,38,58,51,47,58,43,44,29,44,47,72,48,41,27,79,53,52,32,73,61
111,63,58,67,84,52,64,43,53,52,78,64,77,75,69,77,68,65,53,63,76,89,75,67,48,94,75,79,72,95,91
112,1,3,2,14,3,5,0,1,0,2,4,3,6,10,2,2,6,1,4,4,5,1,6,3,16,7,5,0,17,13
113,1,7,2,13,0,8,0,0,0,2,0,2,8,13,3,3,5,2,1,4,9,2,5,3,20,13,3,0,10,12
114,4,8,4,22,1,13,0,0,0,2,5,5,8,15,6,8,11,4,3,10,17,5,8,9,24,17,9,0,19,21
115,1,3,1,3,0,6,0,0,0,2,1,4,5,6,2,1,5,0,0,2,4,1,2,2,11,5,0,0,6,8
116,7,11,7,16,4,13,0,2,1,3,5,10,14,17,8,8,14,1,5,15,10,5,8,5,26,12,4,1,15,15
201,0,0,0,0,0,0,0,0,0,0,0,0,0,0,0,0,0,0,0,1,0,0,0,0,1,0,0,0,0,0
202,8,9,7,31,13,21,7,11,4,24,11,23,15,12,14,13,22,7,14,15,21,8,14,9,31,28,12,4,29,24
203,21.908,23.681,23.136,47.499,24.999,34.136,12.318,18.136,19.908,44.499,29.68,44.136,38.908,30.272,34.499,22.136,39.408,19.181,31.363,36.09,52.272,31.453,38.544,28.045,54.771,57.318,30.817,25.953,55.726,50.408
204,5.3969,5.6886,5.251,8.6059,3.209,7.7097,2.0421,4.23,1.1669,7.251,5.9803,8.8134,7.1472,5.251,7.0014,4.5217,5.6886,3.5007,5.6886,6.8345,9.3141,7.0014,5.9803,3.6466,15.669,8.0014,5.5428,2.4797,9.3141,9.6269
205,1,2,0,3,0,4,0,0,0,3,0,5,3,2,1,1,1,0,2,3,2,0,0,1,10,6,0,0,4,4
206,7.7954,12.037,11.21,18.297,13.814,15.848,6.3991,10.124,7.5199,21.452,11.814,22.452,15.297,11.331,17.176,14.693,24.055,9.6065,14.003,18.021,18.901,12.384,13.625,16.452,28.021,22.572,12.504,13.108,28.901,23.297
207,2.6134,2.3758,2.3758,9.0778,3.3262,4.9893,1.1879,2.3758,1.1879,9.1772,2.3758,7.9396,3.8013,2.3758,4.7517,2.6134,7.4644,2.9007,4.2765,5.8013,5.702,1.9007,3.8013,3.3758,13.652,7.8899,2.1383,1.7128,10.365,7.4148
208,37.592,43.592,60.361,81.693,59.387,60.514,41.719,52.335,37.951,73.335,60.156,73.719,66.592,66.925,67.592,57.208,78.745,48.951,56.719,75.208,75.361,63.592,69.361,61.977,90.514,75.309,71.002,74.592,88.361,75.156
209,0,0,0,0,0,0,0,0,0,0,0,0,0,0,0,0,0,0,0,0,0,0,0,0,1,0,0,0,0,0
210,1,0,1,0,0,1,0,0,0,0,0,2,0,0,0,0,0,0,0,1,1,0,0,1,6,2,0,0,1,4
211,106.57,94.575,107,109.29,108.56,96.713,93.138,96,90.138,113,107.99,114.85,125,102.14,112.43,107.43,123,93.989,101.14,128.71,119.57,120.14,111.57,103.29,134.43,113.14,137.56,123.71,126.43,127.29
212,101,80,98,97,93,90,78,83,82,105,96,99,115,95,108,101,115,85,91,120,114,113,106,92,126,99,116,116,119,124
213,74,77,87,97,96,85,69,81,66,99,91,96,98,90,95,91,103,78,79,108,102,100,102,94,111,94,107,110,117,104
214,7,4,6,24,8,11,1,6,1,22,7,20,6,8,14,11,20,3,13,12,21,5,10,9,31,32,7,4,27,23
215,1.4009,0,0.70045,0,0,0.70045,0,0,0,0.70045,0,1.4009,0,0,0,0,0.70045,0,0,1.4009,0,0,0,0,4.2027,1.4009,0,0,1.4009,2.8018
302,0,0,0,0,0,0,0,0,0,0,0,0,0,2,1,0,0,0,0,0,0,0,0,0,0,2,0,0,0,0
303,0,0,0,0,0,0,0,0,0,0,0,0,0,0,0,0,0,0,0,0,0,0,0,0,0,0,0,0,0,0
305,0,0,0,0,0,0,0,0,0,0,0,0,0,0,0,0,0,0,0,0,0,0,0,0,0,0,0,0,0,0
306,0,0,0,2,1,3,0,0,0,0,0,2,1,2,3,1,0,0,0,2,1,0,1,0,4,7,0,0,1,6
307,3,0,0,2,2,6,0,1,0,0,0,2,5,4,11,7,1,3,0,1,3,0,3,0,5,8,1,0,3,8
310,0,0,0,1,0,0,0,0,0,0,0,2,4,0,1,0,0,3,0,0,2,0,1,0,4,5,1,0,2,5
311,0,0,0,0,0,0,0,0,0,0,0,0,2,0,0,0,0,2,0,0,1,0,0,0,0,3,0,0,0,3
312,33,27,20,44,28,40,7,17,20,32,38,26,50,43,49,33,24,33,24,48,59,37,44,21,51,37,48,30,55,47
313,0,0,0,0,0,0,0,0,0,0,0,0,0,0,0,0,0,0,0,0,0,0,0,0,0,0,0,0,0,0
314,2,0,0,3,3,6,0,0,0,0,1,0,5,3,11,6,0,3,1,2,3,0,7,0,4,8,0,0,3,11
315,3.7879,4.6296,1.2626,13.626,4.2087,8.8922,0.42087,0.84175,0.42087,4.6296,5.0505,4.7879,11.522,13.259,11.259,3.7879,5.8922,2.8417,2.1044,7.1548,8.5757,3.7879,5.6296,2.5252,8.4175,7.2087,2.9461,1.2626,5.0505,8.9966
316,0,0,0,0,0,0,0,0,0,0,0,0,0,0,0,0,0,0,0,0,0,0,0,0,0,0,0,0,0,0
317,2,1,0,1,0,4,0,0,0,0,0,1,5,8,5,3,1,2,0,2,2,0,1,0,4,6,0,0,2,4
318,14,11,3,32,17,18,2,6,6,11,21,11,22,19,30,19,10,15,8,29,29,14,22,5,26,21,18,6,27,41
319,5,1,0,6,9,9,0,0,0,1,8,0,6,6,14,5,0,6,0,4,7,0,9,0,8,9,3,0,5,20
320,12,3,1,20,11,15,0,8,5,7,17,5,10,18,24,13,3,11,6,19,22,9,19,6,20,19,19,4,20,30
321,0,0,0,0,0,0,0,0,0,0,0,0,0,0,0,0,0,0,0,0,0,0,0,0,0,3,0,0,0,1
322,15,11,3,25,15,16,2,6,6,8,20,9,18,18,26,17,6,14,7,21,25,15,21,6,21,19,16,5,22,35
323,0,0,0,0,0,0,0,0,0,0,0,0,0,0,0,0,0,0,0,0,0,0,0,0,0,0,0,0,0,0
401,3,0,0,4,2,7,0,0,0,0,3,0,3,4,15,5,0,1,0,1,2,0,8,0,4,9,1,0,3,16
402,4,0,1,1,1,5,0,0,0,0,4,0,3,3,7,0,0,4,0,0,1,0,4,0,2,7,0,0,3,7
403,0.37581,0.37581,0.18791,4.4428,1.6911,4.1274,0,0.18791,0,0.93953,1.6911,0.75162,2.5032,3.2549,10.382,2.8186,0.18791,0.56372,0.18791,1.6911,2.067,0.37581,3.2549,0,1.6911,4.6911,0.56372,0.37581,1.3153,4.0065
404,5,5,5,12,21,14,4,6,3,9,19,4,18,18,26,15,9,9,3,12,8,5,22,5,13,11,14,7,19,20
405,0,0,0,1,0,3,0,0,0,0,0,0,1,1,6,2,0,0,0,0,0,0,2,0,0,2,0,0,0,6
406,18.636,19.452,6.6065,29.976,19.627,23.671,2.4068,12.98,9.638,19.108,23.153,14.357,32.265,28.215,42.85,29.452,15.482,18.546,18.722,27.973,42.799,19.075,31.346,9.3993,34.243,26.108,26.722,15.422,34.931,34.076
407,8,0,1,2,5,7,1,0,0,0,6,0,6,7,15,6,1,5,1,4,7,2,9,0,3,9,2,0,6,17
408,9,1,2,14,10,10,0,3,2,3,10,1,8,14,20,12,4,9,4,13,15,12,16,4,16,14,14,1,14,30
409,21,11,5,17,13,15,2,9,4,4,18,4,19,18,30,13,8,10,9,23,22,19,27,3,20,16,19,10,21,33
410,7,0,1,7,11,11,1,3,5,3,14,3,11,12,15,10,3,8,5,11,14,9,12,3,8,12,13,1,9,18
411,0,0,0,1,0,1,0,0,0,0,0,0,0,1,1,1,0,0,0,0,0,0,0,0,1,2,0,0,2,4
412,0,0,0,0,2,1,0,1,0,0,0,0,1,1,0,1,0,0,0,0,1,0,0,0,1,0,0,0,1,1
413,5,0,1,2,2,5,0,0,0,0,1,0,1,3,10,4,0,2,0,1,2,0,5,0,1,6,0,0,1,13
414,0,0,0,0,0,0,0,0,0,0,0,0,0,0,0,0,0,0,0,0,0,0,0,0,0,0,0,0,0,0
501,18,22.092,21.952,14.804,17.808,23.236,6.38,13.428,22.76,22.332,18.332,12.712,36.76,36.14,37.284,25.808,21.952,24.808,15.568,26.284,24.76,18,31.188,22.14,25.76,21.38,24.664,18.76,20.38,32.428
502,9,8,11,7,12,15,3,8,14,22,5,7,26,25,29,19,10,13,4,19,17,11,25,15,20,16,18,14,23,32
503,22,17,16,21,27,30,8,12,13,28,19,15,32,44,36,27,13,14,11,29,25,17,33,21,25,18,27,12,22,34
504,82,82,79,77,69,85,69,76,93,83,87,72,94,101,88,99,81,89,90,88,95,96,96,93,102,92,94,88,93,110
505,3,1,2,2,13,6,2,4,4,14,1,6,15,8,11,9,2,9,0,7,7,3,9,2,15,9,3,8,12,19
506,139,140,141,139,134,129,118,122,143,133,143,139,133,148,151,139,147,144,144,146,145,150,153,135,151,138,156,124,150,157
507,5,4,9,10,16,12,1,3,10,25,3,8,20,11,14,14,3,12,0,19,15,6,20,8,18,16,7,10,20,21
508,86,87,81,75,72,85,70,77,92,85,92,77,95,102,93,98,85,92,95,81,98,97,102,95,101,97,96,87,99,107
509,11.684,12.829,10.684,13.402,18.47,23.402,5.5043,12.718,11.65,19.436,16.368,8.6496,27.077,31.727,31.829,23.009,10.256,13.222,8.6496,17.009,20.009,13.256,29.188,15.256,20.829,15.684,18.222,13.47,20.65,29.829
510,23,17,17,19,28,28,12,18,20,33,29,19,34,34,45,29,11,16,9,34,31,29,41,18,33,27,33,22,37,39
511,24,23,26,29,29,34,14,19,26,35,33,20,36,47,51,34,21,19,17,37,41,35,51,29,42,35,39,33,47,45
512,42,47,36,44,39,53,22,37,41,41,52,29,68,71,59,51,41,41,42,55,64,47,63,50,55,45,52,44,54,63
601,195,194,210,202,201,207,186,199,212,196,185,190,196,204,210,209,198,204,206,197,207,205,208,198,211,201,204,192,205,204
602,133,148,129,119,134,120,119,122,131,129,127,122,140,134,136,139,132,124,129,139,133,132,144,128,141,140,148,127,139,148
603,176.31,181.6,191.87,190.87,182.91,183.21,162.27,178.15,195.06,169.77,171.76,174.82,178.72,191.15,196.26,195.74,183.71,194.16,190.51,187.9,196.18,191.35,197.34,193.16,192.11,187.05,189.09,173.89,191.69,194.51
604,64,70,66,76,75,82,58,67,71,66,72,70,88,93,69,81,70,75,77,75,87,80,85,67,91,81,78,75,83,89
605,185,188,201,200,190,189,177,192,204,183,174,177,188,195,198,198,190,201,198,192,202,198,202,194,201,194,194,183,199,198
606,158.74,166.78,165.33,158.66,165.69,151.6,143.42,150.24,164.15,143.6,157.42,158.05,161.1,163.56,174.1,171.6,166.42,163.15,161.51,162.88,173.92,167.28,173.92,167.6,172.97,167.65,172.74,151.97,172.37,181.42
607,183,188,199,190,188,199,169,190,200,183,178,182,185,199,201,200,190,200,198,191,203,198,205,195,200,188,196,180,196,198
608,83,100,95,95,95,94,76,82,95,84,90,89,110,108,90,94,86,93,98,94,106,106,99,96,106,108,104,93,103,120
609,177.16,181.48,188.64,189.64,179.06,187.38,165.64,172.03,194.13,166.55,171.8,171.06,179.06,192.32,194.55,196.38,183.9,191.13,192.06,183.9,197.9,186.38,197.22,187.48,188.06,183.74,187.64,175.48,189.22,187.16
610,167.87,175.05,176.75,171.36,174.47,162.89,149.64,157.64,180.88,156.47,164.93,166.7,167.27,179.3,184.28,186.35,176.41,181.67,177.55,176.8,190.47,180.36,186.66,184.39,183.67,180.47,180.94,161.41,184.12,188.03
611,184,190,201,197,192,195,174,192,203,185,178,182,189,198,202,201,191,203,197,191,204,201,205,193,202,191,195,184,198,199
612,159.15,167.43,162.44,157.15,165.15,153.58,138.58,135.58,166.29,144.15,157.86,158.15,161.72,172.01,174.43,170.29,167.58,162.72,160.58,167.44,177.29,163.72,177.58,169.15,166.72,168.01,176.72,153.44,173.29,176.58
613,110.13,122.77,116.49,112.17,118.85,114.73,96.852,104.13,109.89,106.05,116.41,113.77,125.01,126.53,121.1,124.65,121.81,114.65,120.53,120.89,127.57,124.09,125.85,114.37,126.05,126.65,129.21,114.57,127.37,132.49
614,170,175,168,178,170,169,144,147,180,152,164,164,165,180,180,180,176,175,173,176,185,173,180,176,180,178,180,155,179,183
615,81,103,98,96,97,99,75,86,91,86,90,83,103,109,94,101,92,96,99,93,106,99,101,100,110,115,107,94,109,120
616,171,183,196,190,185,174,165,179,200,169,169,173,176,190,200,194,188,198,190,189,198,191,194,193,198,190,188,170,192,195
617,97,121,109,104,113,107,92,99,112,113,104,105,126,115,111,112,107,108,105,106,112,115,108,111,120,126,119,108,120,127
618,185,188,200,196,190,188,171,190,205,177,175,176,181,196,200,196,190,202,198,190,205,195,198,193,207,192,189,175,201,198
701,8,8,20,16,16,18,5,3,39,15,7,34,15,9,16,14,12,25,16,23,22,24,11,20,20,21,8,31,22,10
702,84,113,105,113,110,98,73,93,96,93,102,89,108,109,103,114,112,107,104,100,85,92,109,103,107,113,107,110,107,103
703,0,0,9,4,0,0,1,0,23,2,0,13,6,0,0,4,0,8,0,6,4,4,1,4,8,3,2,12,5,1
704,102,127,116,115,116,112,84,106,106,99,115,104,124,120,122,126,122,120,114,107,113,111,127,115,122,131,127,114,116,116
705,103,126,120,120,119,117,86,108,110,102,116,111,133,121,129,128,122,118,117,113,109,109,125,122,118,126,132,121,121,121
706,0,1,9,3,1,4,0,0,15,0,0,15,9,3,2,5,0,6,0,9,4,5,2,5,11,8,4,13,7,4
707,69.892,84.632,72.513,74.828,92.501,78.164,54.219,70.839,84.49,76.11,76.622,76.109,86.24,93.11,74.361,83.089,80.991,84.099,74.415,75.49,66.273,80.848,83.665,78.632,88.838,94.349,80.034,79.98,78.719,92.131
708,91,110,102,106,108,91,68,88,95,90,97,88,111,105,98,109,107,102,103,99,88,94,98,100,108,114,110,105,102,102
709,74,94,87,88,103,81,62,81,90,76,87,75,100,101,77,93,96,89,85,84,76,88,85,88,99,101,102,92,86,99
710,94,105,103,102,114,107,79,100,99,93,109,91,111,115,103,115,109,106,102,99,108,105,110,108,117,125,115,106,111,115
711,166,173.61,168.52,157.18,171.87,155.95,146.08,148.08,154.65,152.78,158.09,155.65,169.3,175.04,179.26,168.39,174.08,165.48,168.79,159.3,172.26,169.08,170.47,165.3,175.08,171.04,169.96,161.43,185.13,185.17
712,13,22,27,17,12,17,5,5,46,21,5,40,35,22,16,24,15,34,20,28,28,40,24,39,41,45,22,45,50,36
713,61.059,69.79,59.437,67.741,74.217,58.486,44.754,64.059,73.644,56.596,68.424,63.279,81.059,83.046,63.693,74.851,64.266,69.851,65.376,65.961,75.693,75.851,80.376,70.631,86.693,80.217,75.107,68.23,73.169,91.156
714,66,104,93,81,103,88,67,71,90,85,81,82,86,97,73,93,99,86,89,88,59,85,83,91,79,102,71,86,92,87
715,179,177,176,166,177,174,158,158,171,167,165,161,180,179,189,176,178,176,178,167,179,184,179,168,188,187,175,171,191,194
716,51,69,73,63,81,70,48,57,79,63,59,67,76,78,58,70,79,71,67,69,53,77,64,72,67,85,53,79,73,76
717,15,26,36,31,57,43,23,28,61,40,12,52,37,29,25,34,40,44,42,46,39,46,38,53,39,57,25,54,49,33
718,8.0408,9.4734,26.649,18.824,20.596,25.163,10.082,5.4326,44.865,27.339,3.4326,38.69,27.649,16.608,15.649,24.041,20.122,37.041,20.298,27.865,29.865,37.824,24.649,38.514,30.784,37.041,13.216,36.865,32.163,16.433
719,119,147,135,129,140,132,111,121,120,116,124,135,141,144,149,146,134,137,131,130,138,133,141,142,139,148,144,132,139,139
720,145,159,154,144,154,136,132,136,140,133,140,148,153,151,161,161,156,150,150,141,156,149,152,151,164,155,153,149,159,162
721,185,181,183,171,177,177,158,166,176,170,168,167,180,184,192,179,182,172,179,171,188,189,184,173,190,184,180,172,194,201
722,134,149,151,135,151,133,121,131,138,132,134,140,149,141,156,156,153,147,137,136,153,144,153,151,160,155,148,139,157,163
801,51.29,60.723,70.627,56.611,69.617,65.007,41.79,55.374,69.547,51.823,46.625,63.038,65.871,66.731,61.453,71.608,72.477,66.988,62.88,63.66,65.777,59.882,71.134,75.26,65.905,71.385,58.367,71.522,67.861,57.617
802,146.86,160.84,164.41,148.55,159.47,147.32,134.04,150.86,144.13,148.66,151.68,147.85,165.72,156.59,167.53,161.37,160.98,156.97,152.83,160.95,164.93,154.12,168.02,160.14,168.16,167.18,155.36,160.92,165.81,166.93
804,59.207,89.793,89.452,79.659,96.866,81.037,61.037,65.94,83.037,76.207,69.733,78.244,79.378,82.074,64.696,76.903,89.866,84.793,78.866,74.488,66.452,80.622,80.415,84.452,74.207,95.378,56.037,72.866,72.866,82.452
805,28.187,45.975,56.713,45.809,60.446,47.883,33.684,35.63,54.494,47.444,35.153,57.023,40.129,50.488,36.396,49.867,60.757,51.761,44.498,46.444,43.318,46.831,59.395,57.372,48.466,66.513,24.505,53.094,45.626,48.777
806,27,37,56,36,64,49,33,37,61,43,23,54,45,44,19,44,66,59,50,49,43,60,57,60,47,69,29,52,47,42
807,24,51,61,47,76,57,43,41,72,59,40,62,50,57,39,58,71,63,59,61,49,67,58,66,53,79,35,67,63,53
808,133,164,156,142,149,144,120,142,134,136,149,142,162,152,172,150,155,147,143,165,162,141,162,156,162,164,146,160,160,166
810,3,1,7,1,1,5,0,0,9,2,0,9,9,5,0,3,2,4,1,3,7,2,6,1,8,1,0,6,0,0
812,118,152,143,130,138,129,102,128,126,115,137,126,147,143,161,149,146,128,134,145,145,126,143,145,139,149,137,142,144,144
1001,79,101,99,110,117,102,70,95,95,93,114,101,105,114,111,106,118,95,102,101,109,110,111,97,105,102,99,105,112,107
1002,30,51,50,58,69,58,40,52,66,59,42,64,66,60,38,49,63,62,68,61,51,74,58,58,53,70,43,64,69,59
1003,29,42,45,42,55,49,31,44,57,53,33,55,66,43,42,39,48,52,61,51,50,62,53,54,47,60,36,68,63,48
1004,0,0,6,0,0,2,0,0,1,0,0,0,4,0,0,1,0,2,1,7,1,0,2,0,3,5,0,2,1,0
1005,0,0,0,0,0,0,0,0,0,0,0,0,1,0,0,0,0,0,0,0,0,0,0,0,1,0,0,0,0,0
1006,0,0,0,0.96615,0,0,0,0,1.4492,0.96615,0,0.48308,1.4492,0,0,0,0.48308,0.96615,0,1.9662,1.9323,0,0.48308,0,2.8985,0.96615,0,1.9323,1.4492,0.48308
1007,0,0,0,0,0,0,0,0,0,0,0,0,0,0,0,0,0,0,0,0,0,0,0,0,0,0,0,0,0,0
1008,32,47,45,42,54,53,35,44,62,50,37,56,76,57,46,42,40,53,60,54,55,65,59,49,57,63,49,69,68,54
1009,7,7,20,18,21,22,4,3,35,19,3,35,17,9,10,13,6,20,15,19,23,21,8,16,18,24,9,27,26,18
1010,46,55,57,73,81,68,41,61,68,63,53,68,68,74,64,56,70,70,73,69,74,69,66,59,65,78,63,67,69,70
1011,1,0,12,7,1,4,0,1,15,8,0,9,8,3,5,5,1,14,4,14,13,11,6,5,16,12,4,12,10,3
1012,22,25,30,24,33,28,24,17,47,34,19,43,39,33,24,27,18,35,27,33,29,47,35,22,33,37,27,36,41,31
1013,98.03,121.67,116.69,115,129.34,114.36,87.657,110.36,103.69,104,123.66,113.66,119.67,122.67,128.31,122.33,127.69,112,113.67,124.66,130.66,117.69,137.33,113.98,119.28,118.02,114.64,122.33,132.97,128.66
1014,23,19,30,30,36,38,30,18,50,39,12,45,39,30,23,33,18,39,25,35,40,36,35,32,28,44,21,40,42,39
1015,49,64,63,86,89,74,42,62,69,69,63,67,73,78,75,61,74,75,72,76,80,70,68,63,74,77,65,70,76,77
1016,9.51,12.356,23.765,29.637,33.147,28.611,16.382,16.892,43.51,33.919,8.0737,36.792,30.584,20.147,24.329,24.946,20.483,33.664,22.201,33.892,35.228,29.584,22.765,24.047,32.074,37.483,17.483,36.637,35.611,27.483
1017,24,28,30,26,39,33,27,21,49,37,22,45,41,33,28,33,19,38,34,38,38,56,36,25,35,42,26,43,43,37
1018,102,125,121,117,125,116,89,113,106,106,122,108,120,126,128,120,128,113,111,121,130,115,131,112,123,119,126,114,128,127
1019,7,7,16,13,17,14,8,4,32,24,4,27,13,7,13,15,4,24,16,17,15,18,17,16,14,25,5,25,23,12
1020,1,0,7,4,1,1,0,0,12,6,0,9,3,0,2,2,1,4,1,9,7,2,5,5,8,9,1,8,10,4
1101,177.69,175.02,172.4,166.86,177.21,167.86,158.31,170.11,163.25,170.4,167.58,164.67,183.11,178.15,183.58,166.5,172.69,172.67,170.69,181.31,186.58,171.21,186.23,169.84,186.77,184.13,169.23,183.31,182.58,189.13
1102,217.52,202,213.53,209.89,208.81,210.72,190.54,202.88,220.29,204.38,204.38,201.79,212.78,227.89,216.41,212.13,208.75,221.69,214.47,216.75,229.57,213.26,227.44,220.44,230.91,220.22,225.58,216.74,216.41,231.21
1103,104,130,135,112,127,118,96,112,113,102,113,113,123,121,132,132,118,118,120,115,118,123,133,133,121,139,111,124,125,126
1104,149.51,154.56,149.58,142.7,152.93,138.97,129.5,147.28,131.98,140.06,146.93,143.26,157.96,140.65,170.1,157.49,156.18,137.86,143.86,166.02,167.41,157.33,168.68,150.6,162.97,167.38,153.89,160.91,163.1,165.21
1105,99.862,128.72,130.2,108.2,119.18,104.18,93.178,107.85,109.52,100.34,113.04,110.53,123.85,119.53,124.03,125.34,119.68,112.71,113.04,121.38,114.52,112.01,132.03,130.03,120.2,129.52,108.18,124.7,122.37,120.53
1106,130.62,147.77,147.79,126.28,145.17,132.51,108.07,142.11,129.1,127.66,132.22,131.81,147.85,138.61,155.09,142.86,137.37,131.22,136.49,144.38,144.84,147.96,152.03,146.69,145.55,147.64,130.33,146.8,142.63,146.22
1107,202.64,184.7,199.87,190.23,190.34,190.64,179.47,183.7,190.77,187.07,181.53,169.3,197.64,209.77,204.47,195.47,198.93,194.4,201.4,196.17,205.23,194.93,205.93,191.87,215.7,197.4,195.7,196.53,195.3,204.53
1108,183,175,175,170,181,165,158,172,162,175,172,155,185,180,185,175,186,172,178,181,194,168,184,172,197,175,180,186,185,193
1201,4,0,1,2,7,4,0,2,0,0,3,0,9,3,12,7,1,3,0,2,4,0,7,3,3,6,0,1,7,8
1202,0,0,0,0,1,1,0,0,0,0,0,1,1,0,0,0,0,3,0,0,0,0,3,0,2,3,0,0,3,5
1203,1,0,0,1,0,1,0,1,0,0,0,0,1,0,3,1,0,1,0,1,3,0,2,0,2,4,0,0,2,4
1204,1,0,1,0,1,1,0,0,0,3,0,0,5,1,2,3,0,2,0,0,0,0,1,0,5,4,0,0,4,6
1205,0.60833,0,0.60833,0.60833,2.825,0.60833,0,0.60833,0,7.8666,0,1.2167,2.6083,2.6083,1.2167,1,0,2.6083,0,1.2167,5.0417,0,5.2167,0.60833,7.4333,4.6083,0,3.2167,5.4333,13.692
1206,1,1,1,1,6,3,0,1,0,0,1,0,7,3,7,5,1,2,0,1,1,1,3,4,3,2,1,2,4,2
1207,0,0,0,0,0,0,0,0,0,1,0,0,0,0,0,0,0,1,0,0,0,0,0,0,2,1,0,0,0,2
1208,1,0,1,0,4,3,0,2,0,2,1,0,5,4,5,4,0,2,0,0,2,0,5,2,4,5,0,0,3,7
1209,7,2,5,2,18,8,1,6,3,7,4,4,17,14,21,10,3,6,1,11,8,5,17,7,13,13,8,3,10,19
1301,4,5,4,11,16,10,5,7,15,28,7,13,22,12,14,15,7,22,6,20,20,9,15,15,24,15,8,15,29,20
1302,2,3,6,5,10,6,2,3,7,24,2,10,16,7,10,9,5,11,0,19,14,5,9,5,19,18,8,11,27,23
1303,12,17,16,17,21,20,9,6,25,30,11,28,32,25,21,23,13,25,8,25,35,28,31,27,36,33,23,22,42,40
1304,8.0046,8.3456,12.664,17.668,17.673,17,6.9908,8.3318,22.991,28.336,4.6636,21.323,19.673,10.336,13.332,17.341,6.9954,18.332,9.3226,22.659,21.673,20.654,20.654,14.332,20.327,23.659,5.6682,14.991,27.332,21.332
1305,4,0,2,3,12,5,3,7,11,22,3,9,17,10,11,9,4,9,4,7,10,4,10,8,14,10,6,13,17,12
1306,0,0,0,3,6,4,0,0,4,11,0,3,3,0,3,0,0,2,2,5,4,0,7,1,6,6,1,1,13,14
1307,3,3,3,4,16,8,0,0,8,22,2,7,12,5,5,5,0,9,0,11,10,3,6,6,15,11,3,6,16,17
1308,0,0,0,3,6,4,0,1,3,7,0,4,3,0,2,0,0,2,2,5,5,1,4,2,6,2,1,3,11,10
1401,0,0,4,1,0,0,0,0,5,2,0,2,4,0,0,1,0,3,0,6,3,0,0,0,5,1,0,6,0,0
1402,0.71463,0.30627,5.6087,2.5541,1.4094,2.1192,0.40836,0,7.8408,4.1856,0.30627,6.903,4.0475,0.10209,0.81673,2.122,0.51045,5.4947,1.3272,7.3219,4.4125,2.6524,2.8565,1.0209,3.9804,3.5702,1.122,5.1467,5.7576,3.0597
1403,0,0,4,0,0,0,0,0,0,2,0,1,3,0,0,0,0,1,0,5,0,0,0,0,1,1,0,0,0,0
1404,4,0,15,7,13,5,0,1,28,6,0,20,12,7,9,12,0,15,2,19,15,7,10,12,15,22,6,20,27,13
1405,2,0,8,5,3,4,1,1,10,4,0,10,8,0,2,2,0,4,1,13,7,2,4,0,10,5,1,11,6,3
1406,0,0,1,1,0,0,0,0,0,1,0,0,3,0,0,0,0,0,0,3,0,0,0,0,0,0,0,0,0,0
1501,0,0,5,1,0,1,0,0,3,0,0,1,6,0,2,0,0,0,0,7,0,0,0,0,1,3,0,3,2,1
1502,6,11,12,10,20,14,4,3,24,34,4,26,24,20,16,22,5,19,8,20,19,22,19,15,24,24,16,20,30,36
1503,7.7799,10.12,20.44,7.6794,20.799,17.679,4.7799,4.2201,20.579,25.799,6.8995,15.579,22.139,18.679,20,16.44,4.2201,15.239,4.5598,18.12,16.239,16.579,21,18.34,17.34,16.34,15.66,21.679,32.44,28.12
1504,4,6,9,4,14,7,4,3,17,25,3,16,18,12,13,21,4,13,5,17,12,13,15,15,18,17,9,18,24,24
1505,4,9,9,10,18,16,4,3,19,29,2,12,20,12,20,15,5,15,5,18,15,9,18,14,20,18,13,16,29,28
1506,34.917,31.456,40.357,4.6372,15.057,25.736,12.477,15.057,22.616,25.777,26.736,13.435,31.876,40.896,43.078,30.596,15.616,22.176,8.3367,25.477,19.694,33.756,39.295,26.876,21.274,20.456,28.736,19.155,28.876,44.896
1507,2,0,4,2,1,1,1,0,8,10,0,9,9,1,4,1,2,7,2,14,10,2,4,4,12,15,5,11,17,14
1508,2,1,6,0,7,4,2,2,9,11,1,2,7,2,6,5,1,4,1,6,3,1,9,3,8,5,2,6,10,7
1509,68,74,70,66,63,82,48,56,70,68,70,72,85,90,65,77,61,70,64,69,87,76,86,72,86,74,81,74,80,87
1601,69,72,72,65,61,73,52,53,73,69,79,64,89,90,75,80,70,76,81,74,93,86,87,79,94,79,85,68,79,96
1602,76.417,88.032,80.622,64.629,67.831,82.216,64.223,65.226,79.23,78.424,82.417,80.626,96.428,94.421,81.219,85.82,75.82,80.626,74.435,77.021,89.618,90.618,94.816,90.021,94.424,78.629,87.622,78.428,84.823,100.83
1603,152,155,150,141,144,140,126,129,145,137,143,146,145,163,157,150,155,149,146,156,159,150,165,145,156,153,166,132,155,162
1604,43.578,37.789,41.578,4.8765,21.982,40.877,16.473,25.982,34.982,32.069,41.666,22.578,49.578,55.578,54.789,39.473,35.578,37.877,17.069,34.175,33.349,48.56,49.753,37.175,39.56,30.877,39.28,22.684,32.28,52.386
1605,118.8,128.23,118.8,110.23,111.98,111.07,105.29,103.2,121.67,116.89,121.07,116.07,128.29,132.45,122.17,121.23,127.2,122.61,123.45,122.98,128.7,133.26,133.07,118.73,134.04,119.86,128.61,104.32,124.01,133.89
1606,103,118,101,99,105,99,100,98,118,108,108,106,122,114,104,115,111,103,108,102,111,118,123,115,125,114,121,101,117,129
1607,56,52,57,37,42,51,22,36,46,40,57,34,66,70,64,58,47,50,44,53,68,59,68,56,67,56,63,39,59,64
1701,0,0,3,0,0,0,0,0,0,0,0,0,1,0,0,0,0,1,0,1,0,0,0,0,1,0,0,1,0,0
1702,56.243,61.18,57.397,53.814,63.452,53.951,41.717,52.941,61.403,53.496,54.018,60.184,74.283,67.847,66.517,66.656,54.165,60.252,53.998,62.071,59.265,65.919,61.442,57.828,75.475,72.015,61.884,61.786,69.925,76.185
1703,97.925,104.64,98.147,94.13,103.42,92.909,79.638,92.86,103.21,95.925,98.876,86.229,111.94,101.72,106.65,111.15,98.86,95.704,93.212,96.942,103.38,105.69,104.93,103.42,119.45,123.43,107.88,96.483,110.42,122.67
1704,0,0,7,0,1,0,0,0,3,0,0,6,7,0,0,1,0,2,0,4,2,3,2,1,4,4,1,6,2,0
1801,190,193,204,203,199,194,180,197,207,179,183,190,189,205,212,201,195,203,204,195,212,201,208,201,216,203,198,185,204,209
1802,179,186,187,179,178,184,163,187,192,170,173,174,181,195,201,189,185,191,186,181,201,187,191,186,202,190,183,170,199,201
1803,152,163,162,145,155,150,138,139,144,136,149,147,158,159,169,159,160,153,148,142,164,162,162,156,165,157,164,148,171,170
1804,178,184,184,170,169,176,157,174,187,162,172,170,175,185,195,183,180,180,182,175,190,183,190,175,197,183,183,168,195,200
1805,188,191,188,180,181,189,162,188,200,173,176,175,181,188,196,188,188,193,187,186,198,196,195,183,204,189,186,176,199,209
1806,201.63,200.32,207.91,197.68,203.86,198.09,184.45,196.09,203.91,187.09,190.32,188.18,207.4,206.27,210.32,200.91,201.5,204.68,201.86,204.59,216.68,208.27,211.95,206.81,217.81,207.27,204.36,197.81,206.32,214.5
1807,182,191,200,192,188,187,170,190,204,171,182,179,187,198,204,195,191,204,198,188,205,199,200,195,210,199,190,176,201,203
1808,176,183,189,176,183,175,159,176,194,165,172,172,177,189,198,189,187,189,182,183,197,190,189,188,199,188,187,167,193,196
1809,176,175,173,164,169,166,152,153,170,163,161,163,175,180,187,171,175,170,173,164,183,182,179,166,182,177,169,164,189,188
1901,0.64309,0,0,0,0,0,0,0,0,0,0,0.64309,1,0,0,0,0,0,0,0.64309,0,0,0,0,0,0,0,0,0,1.2862
1903,0,0,0,0,0,0,0,1,0,0,0,1,0,1,0,0,0,0,0,1,0,0,2,0,2,0,0,1,2,6
1904,0,0,0,0,0,0,0,0,0,0,0,1,0,0,0,0,0,0,0,1,0,0,0,0,1,0,0,0,0,1
1906,1,0,0,0,0,0,0,0,0,0,0,2,1,0,1,0,0,1,0,0,0,0,0,0,0,0,0,0,0,3
1907,1,0,0,1,0,1,0,0,0,0,0,0,3,0,0,0,0,1,0,1,0,0,2,0,2,5,0,0,3,7
1908,2,1,0,1,0,4,0,0,0,0,1,2,3,7,5,0,0,2,0,0,2,0,1,0,5,3,1,0,2,3
1909,0,0,0,1,0,0,0,0,0,0,0,1,0,1,0,0,0,0,0,1,0,0,1,0,1,1,0,0,1,1
2001,48,67,65,87,83,66,48,70,69,72,74,82,77,69,78,67,76,70,71,70,82,87,79,66,76,84,69,67,81,78
2002,69.045,98.905,85.969,95.255,101.48,88.37,64.978,92.774,84.481,84.799,95.016,87.136,95.751,97.913,98.905,90.373,94.183,83.069,89.779,91.37,96.167,97.576,101.56,90.442,97.092,99.56,89.283,91.683,100.98,94.52
2003,57.831,88.41,77.884,86.848,89.574,70.667,57.158,80.737,78.685,83.977,90.591,85.486,91.047,85.539,96.737,88.72,83.667,78.357,82.193,86.866,93.848,90.392,95.737,83.012,91.848,94.831,82.211,91.737,93.486,91.468
2004,91.353,117.26,111.62,111.72,120.44,103.72,83.809,110.72,101.18,98.985,118.09,102.72,109.63,119.26,124.62,115.81,118.98,107.81,107.72,114.62,116.35,115.9,122.35,107.26,112.44,112.18,112.25,113.26,121.62,119.44
2101,102,125,120,116,134,120,94,116,109,112,124,113,126,128,137,122,131,115,117,128,137,117,135,124,123,121,118,126,135,126
2102,84.299,116.09,116.53,104.3,121.09,102.53,79.975,95.624,95.325,93.975,111.53,103.18,108.3,115.97,112.48,108.86,114.39,96.858,102.97,104.83,100.72,101.42,108.92,105.09,102.3,111.21,94.299,99.832,110.72,106.3
2103,20,46,55,50,72,63,39,49,68,58,41,61,42,54,47,56,66,61,63,62,47,69,55,63,50,69,37,66,63,47
2104,45,82,83,83,100,82,57,63,85,79,83,75,71,85,73,81,96,77,82,83,67,81,79,80,71,92,56,81,82,74
2105,77,107,105,109,116,112,78,95,95,93,104,92,104,116,108,109,115,96,101,97,103,103,114,98,100,104,93,103,109,106
2106,47,79,83,88,95,75,55,68,81,75,70,76,74,82,66,78,88,78,82,76,71,83,78,73,75,87,64,82,81,75
2107,82,111,111,114,116,109,78,106,97,98,112,99,105,118,116,111,115,100,105,105,113,107,119,106,112,113,104,108,115,106
2108,56,96,75,84,93,84,54,83,91,77,75,75,79,91,72,77,88,82,85,84,72,89,73,77,85,87,75,82,77,81
2109,39,71,69,67,87,71,48,59,81,69,63,69,63,72,48,64,80,75,69,71,53,79,64,73,60,77,53,70,68,64
2110,117,136,135,121,134,123,103,129,120,114,130,117,136,122,151,141,134,125,127,142,135,122,144,131,135,131,123,136,146,134
2202,201.1,194.53,209.13,197.66,198.97,191.1,184.25,191.66,190.81,185.41,185.41,182.13,202.38,207.97,210.53,204.13,198.38,206.81,201.07,197.97,214.69,201.69,210.94,198.38,210.66,205.38,200.1,197.94,203.41,215.81
2203,210.86,204.28,213.68,204.73,204.75,203.39,185.21,201.33,208.04,191.28,194.28,193.57,213.97,215.51,215.33,208.39,209.39,212.97,212.86,209.26,219.44,213.39,224.91,208.44,224.68,216.21,221.62,204.33,208.81,221.28
2205,213,196,215.32,208.13,205.32,202.76,193.07,202.82,206.95,198.32,195.26,192.88,213.44,221.26,215.81,211.82,212.44,218.63,216.95,210.82,222.75,213.13,221.38,210.51,222.26,215.75,215.07,209.32,210.69,225.69
2206,198.31,185.77,198.53,193.53,196.2,187.98,176.87,184.2,193.08,189.53,182.87,184.74,200.87,206.09,200.77,184.88,192.98,196.64,195.2,197.76,209.41,195.31,201.75,196.97,209.98,201.75,195.74,196.87,201.53,213.86
2207,191,182,193,186,191,180,169,173,179,180,177,176,188,202,193,187,194,193,187,186,205,187,193,182,201,197,188,187,197,207
2208,130,158,148,138,154,141,122,134,131,130,142,147,155,151,162,156,153,147,145,144,154,149,148,152,151,153,149,146,152,160
2209,193,193,201,188,188,184,172,184,185,175,180,172,195,201,205,194,190,198,199,184,201,190,204,189,201,198,194,182,202,212
2301,31,36.456,46.451,60,66.089,52,37.363,47.726,64.363,57,38.726,62,53.637,49,63.456,52.089,54.637,58.363,56.544,62.456,62.911,58.363,55.177,54.181,52.819,69.907,40.819,53.089,63.73,56.363
2302,8,8,11,23,32,16,14,5,33,39,5,38,17,12,15,24,19,27,9,23,25,12,12,24,25,32,7,19,28,24
2303,67,86,91,103,96,90,66,91,86,86,93,94,98,102,101,95,99,83,97,90,100,99,105,93,96,96,95,100,104,109
2304,0,0,0,5,1,2,2,0,11,15,0,14,1,0,1,6,6,12,0,11,7,0,4,7,9,5,1,8,9,4
2305,6.4341,12.638,6.5642,22.689,14.67,15.406,9.6553,6.1709,13.205,22.602,8.3479,24.095,14.906,13.25,15.433,12.198,14.488,16.053,10.735,20.268,21.137,8.6178,13.671,12.693,21.288,20.762,5.704,10.941,28.401,27.523
2306,89.612,115.02,109.1,110.35,113.98,103.35,82.759,107.04,100.93,99.933,113.97,101.53,106.66,116.25,119.03,107.85,110.71,101.11,109.94,115.11,114.29,115.34,117.03,108.06,110.03,110.79,114.8,110.12,117.93,120.8
2308,9.684,8.6623,7.6623,22.922,18.26,17.281,11.662,7.6407,16.814,23.325,11.706,28.346,17.281,13.749,16.281,15.26,15.706,14.238,12.238,17.749,19.368,13.792,12.195,11.706,18.238,21.879,9.7056,11.152,22.303,24.836
2309,35.158,47.529,37.141,69.14,49.919,53.991,28.192,40.237,45.155,54.083,42.696,64.269,60.455,58.048,59.699,48.009,56.917,45.88,47.625,53.84,63.806,51.902,48.901,44.492,65.715,63.36,57.643,44.439,68.508,66.214
2310,60,76,78,93,96,84,59,85,81,75,78,87,91,92,98,83,91,77,87,87,89,91,98,86,89,92,91,96,93,103
2311,0,0,0,3,2,1,0,0,5,3,0,10,0,0,1,1,2,3,1,6,1,0,1,4,7,1,0,3,4,1
2312,64,86,81,97,104,88,63,92,86,78,92,93,96,97,99,89,94,84,97,92,95,98,103,87,91,93,95,99,97,100
2313,58.83,70,72.49,89.49,81.04,77,49.68,75.34,73.34,75.49,72.17,87.66,89.49,84.34,89.51,75.83,85.49,75.34,87.15,79.15,86.98,85.85,82.68,74.66,89.32,88.51,87.83,84,92.32,91.51
2315,25,35,27,62,38,45,18,29,31,41,40,54,48,45,51,35,46,27,28,42,55,33,42,29,52,51,42,24,59,60
2401,116.65,104.29,112.92,111.82,114.56,103.01,97.39,102.65,99.834,110.74,116.65,116.38,118.92,105.74,117.56,113.65,126.2,106.46,112.11,127.38,124.1,124.92,122.83,108.92,134.65,122.01,137.65,126.28,129.2,130.29
2402,2,6,3,22,12,13,1,2,5,21,10,25,12,13,16,12,21,5,15,16,26,2,11,16,34,40,8,7,33,39
2403,2,2,5,8,5,6,0,0,4,21,4,15,4,8,7,9,10,2,7,10,14,0,3,11,19,22,0,4,16,14
2404,5,6,7,19,10,9,1,4,5,26,9,27,14,13,13,11,21,5,14,16,24,2,8,15,30,33,5,6,29,30
2405,76,84,90,96,103,86,61,94,78,98,105,101,101,95,107,96,102,92,93,108,107,113,110,99,110,104,109,115,114,115
2406,0,3.5665,3.5665,8.266,6.6995,7.5665,0.5665,3.5665,3.133,20.567,6.5665,21.266,12.433,13.433,18,14.567,20.133,5.4335,9.133,18.433,26.966,3.5665,14,13.7,42,42.567,14.266,6.5665,28.133,38.133
2407,18,25,32,53,26,35,10,20,18,44,30,47,41,33,43,20,41,16,32,37,56,36,39,28,62,56,33,27,64,55
2408,87,90,98,101,110,92,79,94,85,99,106,108,110,102,111,100,112,99,97,116,114,113,112,103,120,115,118,120,122,115
2409,35.025,48.772,47.519,71.133,51.664,53.398,30.652,52.905,49.278,75.519,60.905,76.398,70.905,57.772,76.266,52.025,71.772,53.639,64.266,63.519,85.759,71.386,64.145,61.519,91.506,77.519,73.012,69.531,84.398,80.012
2410,4,10,9,30,17,19,4,8,11,35,16,37,24,21,36,20,29,11,27,25,35,22,27,23,62,58,28,16,48,52
2411,1,4,2,5,3,6,0,3,0,13,3,17,7,9,14,8,16,3,5,16,15,3,9,9,34,34,9,2,24,29
2501,3,2,0,6,4,1,1,0,0,2,3,3,4,3,2,0,0,0,1,1,4,0,2,1,5,3,1,0,3,4
2502,2.2634,2.7244,0.39512,7.7122,4.7902,5.3171,1.8561,1.7244,0.59268,4.1854,1.6585,5.4488,6.1854,7.7902,5.1195,1.1195,2.9878,1.5268,0.72439,1.9878,3.8561,0.52683,2.5927,0.26341,5.0537,2.3171,0.32927,0.52683,6.1195,7.3171
2503,2.1074,3.688,1.5806,6.3222,5.7954,8.4297,3.688,1.5269,2.5806,4.688,2.1074,9.8491,7.2685,5.2148,6.3222,3.1611,4.7417,4.2148,3.1611,7.2685,5.2685,1.0537,3.688,2.1074,9.9028,8.7954,0,1.0537,10.903,9.8491
2504,15,20,14,44,26,34,15,19,18,31,27,37,29,37,31,25,29,19,20,26,29,22,21,14,26,30,12,18,34,46
2601,75,100,97,93,106,94,70,81,94,75,78,76,90,95,93,104,101,92,89,85,68,81,98,84,96,101,87,86,89,95
2602,189.06,178.53,189.14,181.09,183.44,176.73,165.3,169.48,178.68,175.91,173.55,171.17,187.59,193.64,195.21,183.05,186.34,187.57,187.11,185.63,195.4,183.55,192.93,181.21,194.91,190.95,183.07,185.12,189.11,200.55
2603,155,167,159,149,164,150,131,150,146,158,153,152,160,169,176,172,170,160,155,161,175,157,170,160,173,167,158,157,161,175
2604,186,177,184,180,183,171,165,164,174,176,173,166,184,195,196,185,188,190,176,183,191,179,189,175,193,192,176,182,188,196
2701,0,0,0,0,0,0,0,0,0,0,0,0,0,0,0,0,0,0,0,0,0,0,0,0,0,0,0,0,0,0
2702,41,40,41,77,42,47,21,34,38,60,54,59,73,59,65,52,50,31,49,52,63,51,40,39,67,54,54,37,71,58
2703,0,0,0,1,0,0,0,0,0,0,0,0,1,0,0,0,0,0,0,0,0,0,0,0,0,0,0,0,0,0
2704,0,0,0,0,0,2,0,0,0,0,0,0,2,3,1,0,0,0,0,1,1,0,1,0,3,2,0,0,0,2
2706,72,56,60,96,73,70,45,51,61,87,76,78,90,70,80,70,67,55,68,68,78,79,58,60,84,63,76,65,93,83
2707,80,96,90,101,109,97,66,95,94,88,99,84,100,105,93,102,106,97,92,97,84,91,104,99,103,109,103,100,101,105
2708,0,0,0,0,0,0,0,0,0,0,0,0,0,2,0,0,0,0,0,0,0,0,0,0,0,0,0,0,0,0
2709,0,0,0,0,0,0,0,0,0,0,0,0,0,0,0,0,0,0,0,0,0,0,0,0,0,0,0,0,0,0
2710,7,11,3,24,6,15,1,1,1,8,12,9,20,23,14,8,13,5,4,11,13,5,6,6,23,15,5,1,13,17
2801,82,100,108,110,109,100,72,102,90,97,104,99,103,111,108,104,106,90,101,98,111,109,114,102,109,103,103,105,112,120
2903,64.456,85.854,89.716,79.027,82.67,69.073,60.414,67.64,76.608,74.826,80.211,75.266,80.004,78.211,84.874,87.641,82.326,74.64,72.201,82.053,88.965,78.814,93.745,89.162,81.292,91.863,74.814,86.86,86.546,81.456
2911,82.233,102.32,110.34,97.793,112.15,93.881,77.161,96.321,94.145,89.793,99.969,99.073,102.78,95.513,101.67,108.51,99.969,94.337,97.145,90.425,107.23,102.97,114.41,107.34,98.513,113.53,92.513,100.6,101.51,102.53
2912,38.919,53.919,62.35,64.35,66.856,50.965,36.35,44.764,57.011,59.781,55.58,67.919,57.81,56.011,53.81,58.856,54.58,53.58,51.195,62.057,66.919,63.626,77.149,65.057,61.442,77.442,59.149,67.241,58.873,61.35
2921,96,124,124,108,119,99,90,101,109,99,111,103,124,111,126,124,112,105,111,106,122,111,129,121,109,126,104,117,125,117
2926,33,40,50,52,40,38,25,26,45,47,40,51,44,46,34,46,40,34,29,52,55,50,66,53,56,68,45,54,44,50
2930,59,80,92,86,90,74,57,68,79,73,82,82,85,76,76,86,85,75,71,76,82,83,91,88,80,105,72,85,77,85
3004,44.417,54.037,56.657,59.037,62.816,49.476,35.797,46.997,58.336,61.417,57.557,63.757,58.956,54.137,59.155,65.015,55.137,57.155,53.336,60.757,69.236,65.875,76.155,56.997,64.617,76.476,63.576,72.775,59.897,64.318
3005,24.847,29.435,37.647,35.6,37.292,26.303,21.683,26.567,33.839,40.923,31.036,39.535,33.46,36.355,31.324,35.156,34.348,31.7,33.108,32.832,40.532,32.324,44.476,37.34,37.508,44.404,32.54,36.444,33.892,43.651
3006,31,43,48,53,51,35,29,31,45,52,48,56,47,45,39,41,43,38,35,56,62,57,65,50,54,70,51,45,47,57
3007,26,27,23,41,24,21,15,12,32,35,28,35,30,23,30,23,24,24,14,37,53,38,36,34,36,43,39,28,38,51
3008,30.134,50.855,57.736,60.232,70.949,51.532,37.409,50.014,64.007,65.967,51.926,63.695,53.778,54.112,57.182,66.157,58.763,55.791,52.803,60.528,67.13,66.205,70.902,58.252,64.026,74.871,53.143,62.079,63.779,67.896
3013,0,0,0,0,0,0,0,0,0,0,0,0,0,0,0,0,1,0,0,0,0,0,0,0,1,2,0,0,0,1
3014,6,21,32,30,24,20,13,11,29,37,18,39,26,25,12,22,29,21,17,30,38,23,33,33,30,42,18,34,30,33
3015,68.956,90.13,99.246,93.717,101.36,83.304,63.188,79.717,87.717,87.478,92.717,93.007,94.188,92.362,91.369,101.01,90.362,86.188,85.543,88.065,99.659,95.949,105.6,96.188,92.304,104.36,86.833,96.42,93.543,93.246
3016,6.3204,12.641,20.35,20.155,17.835,8.1262,9.0292,4.5146,20.447,29.767,9.0292,27.185,15.932,17.252,10.029,17.641,18.252,15.932,11.835,20.961,23.864,10.932,27.379,20.252,23.35,31.476,10.32,22.447,20.447,23.67
3017,0,0.67303,7.1778,4.5143,3.8508,1.8413,0.16826,0.33652,10.365,13.86,1.3365,8.6826,6.5048,4.5143,1.1778,3.8508,3.5143,9.0191,3.1778,4.1969,7.0286,1.673,10.019,4.0286,12.514,13.524,4.5048,11.692,8.5239,10.01
3018,0,0,0,0,0,0,0,0,0,3,0,0,1,0,0,0,3,2,0,0,0,0,0,0,1,2,0,2,2,0
3019,77,80,92,88,92,79,59,75,89,85,89,95,90,89,89,102,85,84,89,84,94,92,103,93,89,102,90,95,89,91
3020,69,84,88,87,98,81,61,74,90,87,86,91,88,84,98,99,84,85,84,92,99,95,107,87,92,105,93,106,90,83
3022,3,6,9,13,9,2,1,1,7,16,3,11,8,7,2,7,16,8,5,6,11,3,10,4,18,16,5,9,12,19
3023,82,105,106,101,109,93,75,96,95,92,108,96,106,104,109,115,103,98,102,100,104,103,112,103,102,112,93,106,106,107
3027,48,65,71,65,75,55,41,48,65,65,65,74,68,64,62,73,72,62,58,67,75,69,89,73,75,92,66,73,68,74
3028,34,52,52,67,68,41,34,47,52,57,52,58,58,47,57,52,47,54,41,62,70,63,70,57,65,68,61,53,66,63
3031,70,88,103,96,97,82,63,81,88,85,90,88,87,94,95,95,91,85,87,85,96,92,98,96,85,108,83,88,94,94
3101,0,2,5,11,9,6,0,1,20,28,1,24,8,9,1,13,14,14,4,18,23,3,8,18,19,21,5,18,23,24
3102,2.0909,5.0182,1.6727,7.109,4.3454,4.7636,0.83636,0.41818,5.6,15.364,1.6727,11.527,2.2545,4.1818,6.4363,6.7636,9.109,5.2545,1.2545,6.1818,16.454,2.5091,8.0182,7.8545,15.364,21.782,4.3454,7.4182,12.527,19.782
3109,0,0,0,0,1,0,0,0,1,3,1,5,0,2,0,0,7,3,0,2,0,0,1,2,5,9,0,3,2,8
3124,7.3167,17.25,15.717,29.05,20.567,16.95,10.783,9.8668,23.734,36.667,14.867,34.034,23.884,19.95,25.8,24.5,29.567,22.884,22.184,29.267,39.5,22.267,26.584,35.2,35.65,43.584,19.417,24.65,35.65,42.5
3125,8,21,15,44,22,26,7,10,18,41,24,40,27,27,34,26,36,18,33,31,55,35,33,33,59,56,38,22,49,60
3129,0,0,0,0,0,0,0,0,0,1,0,0,0,0,0,0,1,0,0,1,0,0,0,0,2,2,0,0,0,0
