1,20.647,13.231,7.4034,28.745,16.94,9.3872,34.232,15.664,10.793,9.486,9.0847,7.1749,9.7152,6.4144,8.9505,5.6982,6.4538,3.2856,7.2185,9.172,10.497,8.9453,14.917,8.7454,3.6454,5.8913,6.451,6.9141,7.6985,7.0515
2,20.775,12.82,7.7916,21.644,15.484,8.7577,31.082,15.928,9.8158,9.863,10.383,5.7818,8.5309,7.1989,8.046,6.632,6.9627,5.4889,7.377,9.7402,10.77,9.863,15.451,8.8521,3.9679,7.8413,8.0742,7.9169,9.4284,7.4445
3,21.13,12.823,9.4435,22.202,18.198,10.208,32.866,14.375,9.8202,9.4841,8.3876,6.1517,9.0274,7.468,8.6864,6.6072,6.7903,5.579,7.6111,10.433,10.943,8.5496,14.366,7.3986,3.7591,7.8651,6.7105,7.6033,8.6906,8.2534
4,22.834,11.044,5.4362,36.098,18.243,8.2097,35.764,17.194,13.689,8.6632,8.6584,7.1705,10.43,5.2244,10.024,4.8748,5.9235,2.5886,8.6113,8.0302,10.874,9.4001,13.077,10.298,3.2688,4.5631,5.3608,6.4903,6.9816,5.4133
5,24.289,13.415,5.7848,23.439,15.191,7.8696,30.469,17.109,11.497,10.524,11.438,6.0368,9.4473,7.5295,8.0931,5.3566,6.4525,4.7803,7.5372,9.7213,10.609,10.779,16.865,7.8791,3.7034,7.265,6.5856,7.6145,7.3689,7.2272
6,22.135,12.82,9.8455,16.155,16.665,11.148,31.458,16.259,8.6915,8.9844,12.041,5.5645,9.2773,6.7832,8.0366,6.9249,7.3689,6.906,7.377,9.4473,9.334,9.778,13.887,8.4365,4.2891,9.3529,6.4914,9.3434,7.9452,7.898
7,18.8,11.724,10.269,31.223,13.727,8.975,38.383,16.41,12.064,7.8696,8.828,7.0761,9.6363,5.5361,10.062,4.7426,5.7723,3.5333,8.5453,7.0383,9.6552,6.9154,12.21,11.45,3.5616,5.9802,5.4268,7.5862,7.9074,6.3392
8,24.402,12.48,5.3232,27.369,18.375,8.5498,32.212,16.693,12.083,9.9008,9.0447,7.9169,10.26,6.7076,8.2438,4.5914,6.1408,4.2985,6.9342,9.3529,10.373,10.099,16.007,8.9088,3.6939,5.9235,7.6409,6.5092,6.6982,6.2069
9,21.049,13.434,9.2896,15.116,13.727,8.8899,31.204,17.119,8.9183,11.762,13.492,6.1502,9.6835,7.5862,7.2169,8.7577,9.3812,8.616,7.6503,9.7119,7.8696,8.1814,13.633,8.0964,4.308,9.6268,6.6045,9.0222,6.0557,6.906
10,18.857,12.197,10.175,26.462,18.356,10.156,34.747,12.839,9.948,8.6443,7.9612,7.0949,9.7308,7.709,8.2627,5.6117,6.7359,4.837,7.443,10.316,11.138,7.898,15.15,7.709,3.8545,6.991,5.7471,7.4917,7.4728,8.2192
101,13.925,13.255,9.186,9.3245,11.752,6.9532,17.477,22.532,13.576,7.0288,13.36,14.247,6.6793,8.8144,9.3933,10.146,14.077,15.201,11.315,9.0316,6.4809,8.2381,12.936,8.0302,4.3552,13,8.3098,8.2192,6.188,6.9249
102,13.444,17.005,8.7714,12.291,12.801,6.2541,18.504,18.781,15.068,5.8573,15.206,13,8.7671,9.2773,9.5911,7.4823,11.743,15.985,11.654,8.2381,5.4417,9.8347,11.598,10.307,3.9773,12.291,8.583,8.2381,5.6117,5.8385
103,14.851,16.344,8.5076,10.827,13.415,7.7657,21.688,21.748,16.552,8.8427,15.922,14.502,8.1153,9.0222,8.404,7.3217,11.781,13.51,8.7714,9.1734,4.6009,8.4365,11.532,7.3311,4.2513,10.959,6.661,5.9613,5.196,5.5078
104,15.72,14.577,8.6395,11.337,13.831,7.1516,21.359,23.949,13.472,6.3392,14.095,12.3,8.3231,9.589,8.159,7.7846,12.593,13.982,11.4,7.8129,5.0449,8.2286,10.91,9.0978,4.752,11.649,8.2438,8.1342,6.3958,5.3094
105,14.284,15.758,8.9316,11.875,13.377,6.632,18.975,18.602,14.785,6.6698,15.734,13.566,9.2962,8.4554,9.007,7.794,11.223,15.758,11.683,8.0964,5.0921,9.5796,12.003,9.504,3.7222,12.055,8.3004,8.0019,5.5928,5.7156
106,17.496,13.444,11.607,13.103,16.901,8.3987,22.254,21.162,12.036,8.7577,15.725,11.62,8.9655,8.3987,6.482,8.5782,10.25,11.894,10.166,8.8049,4.752,8.8427,11.588,8.7482,4.5442,12.357,6.661,8.6821,5.3377,4.7426
107,14.955,13.718,11.061,9.1923,12.178,7.9263,24.289,18.97,12.839,8.2664,13.746,11.242,8.701,8.4176,6.3878,9.0411,8.9183,12.433,10.204,8.5404,5.6212,10.146,11.965,10.94,4.4875,14.284,9.0352,8.0491,6.6226,5.7345
108,15.257,15.068,9.5723,11.734,13.387,7.6051,19.314,21.445,15.768,8.2759,16.007,14.199,9.0978,8.6632,9.3085,6.9532,11.819,13.037,9.4215,8.3892,5.0921,8.701,9.8926,7.8318,4.478,11.724,7.7256,7.265,5.4039,5.9991
109,16.306,12.82,9.902,14.029,15.031,8.068,21.17,21.219,11.771,6.6887,13.105,13.897,9.419,9.0789,7.3582,7.8035,10.487,14.36,11.994,8.5593,4.8465,8.0964,9.7042,8.6254,4.0151,11.412,7.7822,8.1058,5.659,4.8843
110,13.028,15.938,9.1766,10.505,13.944,6.8021,19.041,19.773,14.53,5.2338,16.092,12.404,8.6443,9.1828,10.505,7.7752,11.186,15.333,10.383,8.0491,4.0435,10.156,11.89,11.157,4.6103,12.461,7.7351,8.3892,5.4606,5.0921
111,12.962,16.712,8.5736,10.874,12.159,6.4714,18.372,19.405,15.229,5.385,15.951,12.848,8.5593,8.8144,10.364,7.0666,11.46,16.145,11.127,7.6523,4.7615,9.8819,11.956,11.063,3.9395,12.565,8.7055,8.7388,5.6401,5.8762
112,16.504,12.669,10.383,13.245,15.305,7.1044,21.321,22.258,11.885,7.3784,12.728,14.048,10.411,8.9183,7.3299,8.2192,10.194,12.556,10.825,8.6821,4.7426,8.5782,9.8266,8.975,4.3741,11.261,7.3017,7.8791,5.1488,4.837
113,15.229,13.434,9.3367,12.093,13.689,8.7766,19.983,22.201,13.311,6.5753,14.49,14.114,8.5498,8.6726,8.5453,7.5012,10.827,14.691,10.298,7.7279,5.2716,8.257,10.288,8.0491,4.8465,12.064,7.9329,8.3514,6.1313,6.1313
114,16.127,14.237,9.4215,12.943,13.028,9.3718,21.632,23.023,13.103,7.1422,13.718,13.311,8.0775,9.1545,7.9047,7.3406,10.968,13.906,10.043,8.0397,5.4417,9.5701,9.6288,7.7279,4.4119,11.8,7.4901,8.2192,6.632,5.3755
115,15.966,13.793,10.976,12.102,14.983,8.4743,21.359,20.312,11.932,8.2192,14.113,10.949,9.2962,9.0789,7.8104,8.3514,10.316,13.292,10.514,7.7185,4.2985,9.1072,12.823,9.693,5.2811,12.962,7.3205,8.3137,5.9424,5.3
116,14.133,15.409,10.524,8.9466,13.85,7.2178,20.68,19.273,13.481,6.7171,14.387,11.989,8.5593,9.0033,8.8374,9.1167,10.468,14.502,10.072,8.0964,3.5616,9.9953,13.2,9.8914,5.0543,13.916,7.7916,8.701,6.7076,4.8748
201,15.182,13.576,11.626,10.562,9.0883,10.316,26.314,15.513,11.526,8.3231,11.975,9.2962,9.5229,8.8238,7.377,7.8602,9.0222,11.875,9.1954,9.2584,8.7671,10.6,10.703,10.827,4.5725,12.537,9.3085,8.2759,6.8966,8.9277
202,13.472,13.784,11.645,8.7293,11.431,8.4932,23.281,18.366,15.201,6.632,14.509,11.176,9.0222,9.4379,7.1698,9.2111,10.146,14.039,8.6301,8.2381,7.5768,8.7955,11.767,9.2395,4.7142,12.093,8.8939,8.7482,6.5753,7.35
203,14.552,13.475,13.997,9.2872,12.454,9.2588,25.539,20.622,14.414,7.1237,15.212,10.434,10.243,9.185,6.7467,9.8351,10.503,12.17,8.8952,7.4115,6.5415,6.173,10.153,8.2351,4.1229,11.121,9.4566,7.7691,6.0824,6.5406
204,14.708,14.384,10.928,9.506,11.84,8.082,25.159,17.959,11.566,8.6616,12.606,10.531,6.6116,8.2547,7.8418,8.4239,10.018,12.624,10.786,8.2516,6.7818,10.193,11.817,10.639,3.3249,13.251,10.063,7.5878,6.8609,6.4438
205,15.739,14.256,11.174,8.6915,11.535,8.8521,25.994,18.007,12.357,9.4284,12.003,10.77,7.5201,8.512,6.6327,8.0208,8.3987,12.508,10.298,8.3137,6.6415,9.2395,11.946,11.545,3.3821,12.971,9.6759,7.5768,6.9721,6.5659
206,15.448,13.763,13.606,10.306,12.589,8.5169,24.652,17.51,12.833,7.7413,13.462,9.3653,11.04,9.5962,7.1862,9.002,9.2949,11.313,8.7266,8.1663,5.8145,8.8729,10.478,8.6774,5.0942,11.032,8.8551,8.0696,6.302,7.4269
207,15,13.189,12.67,10.675,11.845,9.2108,24.488,18.406,13.09,9.361,13.585,10.411,10.25,8.5611,7.3668,9.246,9.392,12.726,8.597,8.5229,6.6438,7.8423,10.944,8.9963,5.0285,11.1,8.3953,9.5557,6.4827,7.2604
208,12.968,15.565,10.398,8.7003,11.883,8.2529,21.241,20.191,18.538,5.1686,13.513,11.453,9.8848,9.2278,8.4076,8.6007,10.745,13.493,8.7753,6.6718,6.0369,9.0219,10.067,10.127,5.3552,12.726,7.6641,7.9248,5.899,6.5032
209,15.078,13.51,10.891,10.09,9.5985,9.5796,27.624,15.352,11.743,8.0302,10.081,9.0789,8.8899,8.871,7.6126,8.3042,10.26,12.48,9.2614,9.2395,8.1342,12.943,11.466,10.846,4.4025,12.877,9.3556,7.0855,6.9249,8.8049
210,14.587,14.502,11.089,9.7213,12.716,10.505,27.671,18.035,13.547,8.7766,14.537,9.1261,7.9074,9.5229,6.237,7.9074,8.512,12.272,7.9706,7.624,7.7752,10.354,11.466,9.7969,3.3632,11.564,8.1685,7.4445,6.9154,7.0477
211,12.045,16.96,10.162,8.881,11.445,8.7227,22.322,20.788,17.713,4.9091,13.779,8.2888,8.688,7.9792,8.0714,8.0768,10.337,15.246,8.7537,8.2392,6.8658,7.887,12.712,11.019,5.1644,12.58,8.534,7.2883,6.3523,6.8143
212,12.537,15.824,10.156,8.7388,13.718,8.9277,20.294,22.211,19.235,5.6306,13.567,8.3798,7.6901,8.6538,7.3111,8.0586,10.42,14.917,8.6961,7.4067,6.991,7.9074,12.879,10.817,5.7534,13.141,7.6126,8.1342,6.7548,5.3283
213,12.943,16.646,12.041,9.2395,11.686,8.3703,22.517,20.425,16.051,5.0354,14.773,9.1072,10.279,9.2867,8.7714,8.3609,10.156,13.481,8.7432,7.1516,7.0949,8.512,10.024,10.808,5.47,12.414,7.98,7.0194,5.9518,7.0194
214,15.418,13.179,13.831,9.9008,11.677,7.9924,25.24,17.374,13.699,6.9721,15.253,11.469,10.619,9.863,7.2734,9.3623,9.1356,12.178,9.0352,7.5673,6.2919,7.7657,10.524,7.7185,4.4969,10.704,9.2425,8.5026,6.2258,7.1989
215,15.437,14.769,10.558,8.8616,11.724,10.188,27.508,14.992,11.146,8.8311,12.558,9.1641,8.4728,8.6344,6.9647,7.8808,8.6275,12.605,9.741,8.758,8.6149,11.492,11.491,10.465,3.6619,12.027,9.1504,7.2858,6.3908,8.4256
302,14.218,14.171,14.066,13.179,11.932,11.564,20.134,21.039,12.348,5.3944,8.8939,10.978,8.0586,7.5201,6.9625,7.2178,12.3,15.569,13.68,8.9939,5.5645,10.59,10.477,8.8144,4.0151,12.036,8.1308,9.6268,6.0179,6.6698
303,17.09,13.113,21.425,18.252,17.043,8.4176,32.09,18.668,11.195,6.6415,5.6623,10.279,5.3283,6.991,5.5304,5.8479,7.435,8.8899,12.229,7.7185,5.2716,12.3,7.7728,11.526,3.3538,10.402,6.906,8.8994,5.385,6.1974
305,17.241,11.979,21.415,14.728,14.832,9.1923,29.084,20.094,10.997,8.3325,7.198,10.449,7.0099,7.5201,6.9342,5.6495,8.5498,10.383,13.058,8.6254,4.8843,11.8,6.9437,9.6457,3.401,11.941,7.0002,7.794,5.9424,6.7926
306,19.291,17.525,20.643,15.749,14.511,8.6254,33.87,16.514,9.2395,9.7119,7.3111,10.827,7.3973,6.0557,5.7,6.7076,5.3661,9.5324,11.146,6.6604,5.0638,7.709,7.1792,9.948,3.1649,10.402,7.4242,10.298,5.2244,6.821
307,16.07,13.056,18.108,19.159,13.916,5.9707,26.644,19.518,10.723,6.4053,6.0769,11.79,5.3944,6.9816,6.1617,4.8087,10.128,10.562,15.668,8.3609,5.4228,11.034,8.8939,10.43,4.6764,10.241,7.7351,11.28,4.9976,7.5579
310,25.017,15.957,24.524,19.008,24.157,8.4837,30.055,19.282,8.3325,7.7752,7.9612,8.9088,11.29,7.5012,4.0984,6.0935,5.5078,8.3987,10.175,6.1502,2.957,10.931,4.7108,7.5201,3.4105,10.581,5.6341,5.7818,5.9424,4.2324
311,24.695,16.939,24.355,15.616,20.132,7.435,32.909,20.964,8.1719,7.2272,6.0863,9.7024,8.2853,6.5564,5.5681,6.3864,6.1313,8.1436,10.995,6.6887,4.5725,8.4743,6.1051,8.1908,2.3051,10.005,6.7835,6.5848,5.9046,6.0557
312,20.624,17.232,18.683,19.273,16.429,7.1422,34.634,16.561,9.4379,11.346,7.3676,11.337,7.1138,6.9154,5.8979,6.6509,5.196,10.165,11.164,6.4998,4.7426,8.0019,7.5937,8.4932,2.324,10.562,5.0594,12.215,4.9315,6.4147
313,21.587,14.965,22.536,14.539,16.845,10.071,30.563,19.679,9.6646,8.8899,4.7673,10.194,7.4634,6.8493,6.058,5.2716,7.265,8.4932,11.626,7.5012,4.8748,10.836,6.3972,9.5229,1.606,11.195,6.906,7.2083,5.0354,6.5092
314,17.667,14.691,20.011,21.256,15.182,6.8493,31.261,19.31,10.307,7.5768,6.2559,10.779,4.8654,7.0099,6.2842,5.2905,8.3042,9.2678,13.039,6.7643,5.2149,11.356,7.7633,10.515,3.5144,9.1261,5.6341,10.666,5.4039,6.273
315,13.167,14.252,12.571,7.031,9.2867,10.444,17.292,21.557,12.296,6.5996,9.9013,12.089,7.6172,6.7255,9.8138,9.3813,13.776,15.387,10.906,9.3694,6.8895,10.23,11.679,8.9156,4.036,14.081,8.3456,10.268,6.4286,8.5091
316,17.326,13.651,20.341,16.627,18.214,10.43,29.518,19.821,11.299,6.3203,6.1899,10.751,5.6967,7.2744,5.1347,6.1786,7.6807,10.968,13.03,7.7468,4.4402,12.13,6.3689,10.477,3.0987,10.392,6.8023,7.7468,4.8654,5.8573
317,13.869,14.974,14.698,18.063,14.861,8.0775,24.129,20.113,11.573,6.6604,7.1132,11.205,5.6495,7.3878,6.5008,5.6873,12.102,11.233,13.68,9.7969,6.5942,10.42,8.1496,9.3718,4.5253,12.376,7.4053,9.3529,6.0085,7.1705
318,20.916,18.545,18.881,18.904,16.419,8.3703,35.717,15.872,9.7308,10.269,7.0002,10.997,6.2825,6.7548,5.879,5.4983,5.111,9.5607,10.477,6.1974,4.7709,8.7293,8.2438,9.8441,2.6736,8.6065,4.2491,10.921,4.6575,5.9329
319,18.762,16.212,18.947,19.027,15.446,8.2381,35.105,15.484,9.5135,9.2867,6.0863,10.194,5.9613,6.8493,7.0285,6.3014,6.4147,9.1923,11.155,6.8399,4.7709,9.863,7.9989,10.099,3.4766,10.553,4.6919,10.458,4.9126,6.4525
320,22.674,18.602,20.077,18.895,17.648,6.3958,33.314,16.249,8.6632,11.252,7.3111,12.121,6.7548,7.0005,5.4927,5.6967,5.2149,9.3151,10.693,6.1786,3.9962,6.7643,7.1509,8.4932,2.5413,10.6,4.7673,12.867,5.1016,7.0099
321,22.305,15.513,22.357,16.174,18.299,7.2367,32.052,15.994,7.2933,8.3798,7.377,9.948,8.4932,6.0463,5.587,6.991,5.1205,8.5782,10.948,8.7104,5.4795,11.091,6.6327,9.4379,2.4091,9.3812,6.7364,8.0491,6.3486,6.4998
322,20.142,18.885,18.626,17.336,14.7,8.9466,35.896,17.005,9.1639,11.904,7.4901,11.705,6.906,5.9235,5.8696,5.6495,4.9221,10.298,10.656,6.7171,5.0921,7.6429,7.7539,9.0128,2.7303,8.7955,4.8709,11.006,4.9315,6.8871
323,13.727,12.442,16.111,14.747,12.924,9.9008,22.159,20.312,11.412,6.3297,7.5937,10.789,6.6604,8.2759,6.8966,7.1138,10.505,12.433,13.624,8.8805,7.539,10.874,8.0271,10.59,4.7426,11.97,7.6503,9.778,6.2163,6.7737
401,18.148,14.624,20.859,16.533,11.932,8.1814,37.215,19.972,9.7308,8.0113,7.4901,12.244,4.5725,5.8479,8.2721,6.4336,5.8007,10.6,10.835,7.7752,5.2905,9.8347,8.4417,9.0222,2.6169,11.904,5.0688,11.507,5.5267,5.6023
402,18.243,16.419,17.213,15.154,9.7024,10.288,36.621,17.969,9.9008,10.978,6.727,15.21,7.6901,5.6212,5.5304,5.555,5.5739,9.5324,10.675,6.9721,5.2716,7.8413,9.1295,8.1719,2.5508,11.516,6.482,10.921,6.1786,6.3769
403,16.287,12.059,19.95,17.095,12.603,8.1428,28.876,19.849,10.14,6.023,5.0139,12.449,6.1275,5.8134,7.5266,4.398,11.33,11.351,13.867,9.037,6.0212,11.277,6.7318,11.428,4.4294,11.673,7.2134,10.778,5.4358,7.4669
404,16.249,16.778,17.062,13.377,8.068,9.0033,35.161,15.843,9.4662,11.384,6.6139,18.214,7.709,4.1568,4.805,4.9787,6.8588,8.9277,12.559,7.1705,8.4081,7.9924,10.835,9.0411,2.8248,9.4284,6.3784,13.595,7.0099,8.7388
405,17.1,11.743,21.321,17.071,12.376,8.5215,34.096,19.688,9.693,6.821,5.6906,13.132,5.6495,6.4431,8.5359,5.8573,7.1894,11.658,11.965,8.4837,5.1205,11.724,7.2451,8.4554,2.8814,12.376,6.2747,11.497,5.3472,6.0085
406,15.031,15.616,18.978,18.254,14.29,8.2767,27.995,22.787,11.873,6.9112,5.6499,13.146,4.2184,5.8894,4.6153,4.2753,12.396,10.998,13.059,8.6942,5.7384,9.5841,7.6965,12.163,4.0396,10.045,6.8446,10.513,4.8957,6.1645
407,20.331,16.429,19.512,16.325,12.376,6.5942,33.569,15.371,9.3151,10.694,5.4927,14.634,6.8399,5.6873,5.1536,5.7251,4.9032,9.7213,12.738,7.7657,4.5725,8.0397,10.524,8.3987,2.8814,12.045,5.6812,12.99,6.2258,8.2192
408,21.653,16.637,19.446,17.402,16.098,6.188,32.118,15.55,8.3703,10.505,6.8777,12.414,7.5579,6.6698,5.1536,6.8588,5.0638,9.3623,11.07,7.4728,5.5078,7.7657,8.1402,8.7577,2.0123,10.808,5.2007,12.31,5.196,7.7563
409,20.746,15.541,18.947,16.504,13.529,6.5187,33.804,18.422,8.8427,9.8158,7.8764,13.718,6.3769,6.5281,5.6058,7.1044,3.5805,10.6,10.618,8.3514,4.7142,8.4648,10.034,8.3892,2.1068,10.25,5.3137,12.367,5.3944,7.6901
410,20.614,18.687,20.388,15.04,14.511,6.3958,33.484,13.576,8.2664,9.9764,5.8225,13.755,7.5673,6.188,5.1913,5.9329,4.5631,7.983,12.239,7.8507,5.4228,8.0586,9.7701,8.2853,2.8625,10.978,6.3595,12.376,5.3944,9.6079
411,20.68,18.007,18.956,15.579,13.85,8.068,33.352,13.925,9.2111,10.099,7.4618,13.255,11.308,6.0274,4.9746,6.632,4.667,8.0019,10.138,6.9721,5.6212,7.8318,7.3865,9.8063,3.042,10.316,7.1792,10.402,5.6684,7.8602
412,21.379,16.231,19.079,14.492,11.875,9.419,34.926,14.653,8.5876,9.9197,8.3757,11.96,9.4001,5.6117,4.5318,7.0194,6.3864,9.1261,9.9114,8.4932,7.7185,10.288,7.509,10.175,3.8734,10.458,8.8374,8.0208,5.3283,7.3122
413,17.837,15.966,18.278,14.747,8.8238,10.326,35.302,18.857,9.5324,9.8536,7.5466,14.558,7.5673,6.3958,6.6799,6.0935,5.1016,10.335,11.636,8.3514,5.5267,7.8791,8.5736,9.1072,2.1162,12.414,6.4914,10.931,5.9235,6.188
414,11.28,14.709,17.232,14.624,9.3906,7.6807,28.472,18.148,10.779,7.9924,4.6825,11.809,6.0841,6.5187,7.377,5.1771,11.157,13.009,14.104,9.0883,7.3595,12.811,8.2721,14.209,3.8829,13.925,8.6584,11.847,4.6103,6.3769
501,16.317,15.026,12.902,20.701,12.315,9.3805,33.82,13.161,8.0774,11.676,7.8008,12.991,7.0046,2.4612,4.0511,5.2795,8.7557,6.9977,10.053,9.3528,8.6126,6.4196,8.3457,10.696,5.4412,11.543,5.9605,12.017,10.145,9.1701
502,20.538,16.977,13.096,26.122,13.897,8.6915,35.717,14.577,8.3042,11.828,8.0648,12.612,7.7185,2.9854,4.5223,4.4875,7.2556,5.555,9.3556,8.7482,7.4634,6.4809,9.0729,9.6174,4.7803,9.5796,4.5977,9.3056,7.0194,6.8493
503,14.804,18.092,14.782,15.295,9.5701,10.487,32.297,14.124,9.1167,10.043,5.879,13.604,7.3973,2.8909,4.5412,5.2244,9.4946,10.137,11.428,7.709,9.8252,7.8318,9.7136,12.924,4.3647,9.7119,7.4713,13.075,8.342,6.9249
504,15.456,14.303,14.01,12.65,12.367,11.819,30.29,14.624,10.043,13.274,6.5291,15.418,8.3609,2.9098,5.2195,4.8559,11.856,9.8252,9.9868,7.435,7.5106,5.5739,8.1685,10.383,4.8087,10.997,6.3313,10.59,9.3718,7.2083
505,21.615,18.687,17.524,22.957,11.705,8.616,36.367,11.337,9.0978,11.025,9.3085,12.839,7.5673,5.2338,5.4645,5.6117,6.6415,6.2069,8.3192,9.3434,9.7402,6.4903,9.6759,10.827,4.2796,8.3514,5.5493,9.2678,6.8966,7.18
506,14.256,15.267,11.306,10.449,13.566,14.87,30.328,16.212,10.77,13.113,8.2815,17.78,10.288,3.7884,5.0405,4.478,10.685,9.419,8.8939,6.9721,7.7752,5.9329,9.9868,9.8914,4.5347,10.968,5.2101,11.46,8.3137,6.8682
507,21.332,16.693,12.389,24.79,10.383,9.9197,36.951,14.927,11.592,11.62,10.119,10.779,9.0694,4.2513,5.4551,3.8356,6.1408,5.9518,8.9976,8.6254,8.786,5.8668,10.392,9.7685,3.7317,8.0302,5.8979,7.5862,6.0841,5.7345
508,15.89,14.332,11.937,13.406,13.226,12.225,30.008,13.85,9.6079,12.943,6.7741,15.654,8.7388,2.9854,4.9934,4.8181,10.203,9.6741,9.0352,7.7657,8.5593,5.5172,9.2142,10.6,4.2891,10.213,5.6812,12.867,9.5418,8.068
509,15.317,17.479,14.047,16.986,11.003,9.8643,32.644,13.801,8.8117,10.923,6.4315,14.534,7.605,2.5581,3.9245,5.3357,9.1017,9.21,9.9986,8.8636,8.533,7.703,9.6959,11.167,4.7418,9.3744,7.1403,12.088,7.5977,7.0655
510,19.584,17.638,15.856,25.12,11.318,8.7104,35.858,13.746,8.9939,10.298,8.159,11.186,7.3217,4.2702,6.5951,4.9976,7.4256,5.1771,9.3744,8.8899,8.4648,6.6226,9.5157,11.214,3.9395,8.342,6.3689,9.0128,7.1327,6.1219
511,18.904,16.372,13.077,26.793,13.812,8.6915,34.728,14.955,9.1545,10.345,8.7432,10.94,6.3864,3.76,6.9154,4.9126,7.3878,5.1866,9.1483,8.0869,7.983,6.1313,9.968,10.789,4.393,8.6538,5.587,9.5513,6.6698,6.3203
512,17.005,17.137,13.407,12.829,11.422,10.383,33.23,14.691,9.2867,13.661,6.4443,15.862,8.4837,2.7114,4.7956,5.0827,11.186,9.8914,9.789,7.18,8.1247,6.1502,8.7337,11.233,4.5914,10.572,6.5008,10.128,8.6349,7.1044
601,14.152,13.047,11.014,12.187,4.5725,15.786,30.611,16.75,9.3245,12.036,12.012,16.863,9.9858,6.3675,9.5252,6.6604,7.1894,5.3661,10.128,9.0033,7.6712,6.0841,10.675,6.4431,5.3755,6.7926,5.1159,13.821,8.8616,8.5215
602,14.521,12.858,11.004,12.527,9.6741,14.53,29.979,16.202,10.912,14.747,8.4228,15.446,7.9924,2.7303,8.3192,6.6604,8.8049,9.589,9.7136,6.4336,8.8049,6.7265,10.486,10.005,3.7128,9.6741,6.0863,12.858,9.7685,7.1611
603,14.256,13.741,10.999,12.913,6.8132,16.847,28.243,16.584,10.987,14.369,9.5106,17.857,9.3259,4.2967,7.4566,5.5136,9.0407,5.632,9.1872,7.2073,9.539,4.7699,11.152,7.7731,3.4644,9.0779,3.9493,17.795,11.159,5.0959
604,16.684,13.585,10.448,17.723,7.3217,11.649,33.682,15.768,10.694,13.51,7.622,12.744,6.0935,3.316,8.4228,4.3741,7.435,5.6967,8.6584,7.8318,11.327,8.3703,12.182,11.488,4.2513,9.23,7.9235,10.638,10.723,6.3769
605,14.35,14.454,10.967,11.951,6.0935,15.957,27.37,16.136,9.9103,13.944,13.068,14.757,10.09,5.9424,8.5453,7.5579,8.9183,4.2985,13.068,8.7199,8.1058,5.8573,9.7795,6.3581,4.8559,7.9074,4.8803,14.549,11.233,6.1786
606,15.733,13.985,10.744,13.357,6.88,15.281,28.16,15.037,10.272,15.639,10.51,16.557,8.1652,3.7434,8.5807,5.938,8.0689,6.9525,9.9282,7.3036,9.832,5.776,11.037,8.1679,3.779,8.9782,5.1318,14.415,10.221,5.1688
607,13.651,11.894,9.5817,13.925,6.9343,16.722,28.368,18.101,10.231,10.402,10.072,18.734,8.6821,5.3472,7.1509,4.034,8.5687,6.5942,9.4498,8.8994,9.0978,4.7615,13.821,7.7468,3.3727,9.7874,4.1832,19.178,10.978,7.4823
608,16.712,13.547,10.571,13.699,10.033,14.029,31.129,16.353,10.137,14.35,7.9518,14.908,6.9627,2.6547,8.5359,6.2163,9.2867,8.7955,9.8266,5.8196,9.6457,6.9154,11.739,10.855,4.1946,9.504,5.879,12.187,9.3529,6.7832
609,15.482,13.052,10.458,13.269,8.366,16.732,27.415,17.174,10.618,13.139,7.3954,16.485,9.8269,3.8846,6.9026,4.3664,8.1314,6.7775,10.551,8.1328,8.986,5.1409,14.03,8.5256,3.0079,8.955,4.7691,18.654,11.05,6.4638
610,15.793,14.572,10.532,12.883,8.117,16.952,29.867,17.489,10.796,16.445,10.214,18.091,9.261,4.1559,6.9346,4.7309,7.9682,6.5859,8.4793,6.5822,8.9896,4.9702,10.204,8.0179,3.0751,9.0352,4.826,14.088,9.4486,3.6845
611,13.113,13.576,10.891,12.489,6.6226,16.382,27.68,17.232,10.383,12.234,10.985,16.712,8.9561,4.837,7.622,5.5928,8.6915,6.1124,10.185,8.7482,8.6254,5.3377,11.946,8.2759,3.9395,8.4554,4.2114,16.108,11.422,6.4242
612,14.864,13.761,11.18,11.43,8.9358,14.887,28.461,18.634,10.868,16.647,9.1725,16.627,8.5926,4.2179,6.2743,5.4607,9.114,8.3533,9.2019,6.6939,9.8762,5.6033,10.219,9.5169,3.1973,8.9196,4.5128,14.647,10.064,5.1554
613,16.725,14.73,10.149,12.842,9.7589,13.365,31.633,17.457,10.421,14.49,8.0255,15.37,7.1563,3.0338,6.7823,4.6392,7.8863,8.0922,9.0038,6.349,9.9459,6.4936,12.053,11.497,4.066,10.489,6.1718,11.516,10.039,5.4567
614,13.869,12.697,11.523,12.461,9.1261,15.144,28.18,17.062,11.677,14.842,9.6288,15.031,9.4568,3.4766,6.124,6.0557,9.4757,7.7846,11.899,7.8224,10.118,5.744,12.37,8.5782,3.4199,8.5876,4.5883,18.035,10.543,5.6117
615,15.777,12.017,8.9222,16.363,7.3311,13.727,31.685,16.051,8.512,14.606,8.9787,15.031,7.3406,2.6264,8.0648,5.4511,7.9452,7.9547,8.2061,6.5753,11.696,6.9532,12.738,8.7955,3.7317,9.3434,5.6435,12.348,9.8252,6.3297
616,16.845,13.547,10.251,12.858,7.7846,17.005,28.51,16.448,10.449,14.908,12.286,16.504,9.8347,3.9112,6.6045,6.1974,7.4539,6.0274,10.128,8.4743,9.3529,5.4889,10.213,7.4728,3.8073,9.419,4.6354,14.483,8.2475,3.4672
617,16.92,13.255,10.251,12.253,9.5796,14.681,31.44,17.421,11.072,15.078,8.828,15.919,8.2948,3.6939,7.2075,4.8181,8.5687,8.2286,9.0541,6.2541,9.0883,6.5564,11.56,12.744,3.7128,9.2867,5.8413,11.422,9.9669,5.5456
618,13.33,12.546,10.627,12.744,5.7912,17.6,26.211,14.256,9.6174,13.5,15.31,13.472,9.8252,5.7912,9.3933,8.3231,7.8696,3.9395,13.859,10.26,8.2381,6.9438,9.5534,5.5267,4.3458,8.7766,5.1065,14.105,9.863,7.3784
701,27.038,10.864,5.0122,19.499,10.477,7.8318,25.815,12.65,12.981,12.367,15.329,9.3718,8.5404,4.8654,11.617,4.7048,5.026,2.598,10.759,8.8616,12.593,12.461,12.408,8.2759,5.3283,5.4133,13.077,7.8696,9.7308,9.1639
702,24.034,7.7657,3.6273,12.641,11.838,11.8,27.68,11.053,15.853,13.075,18.07,17.119,8.1247,5.4133,9.1106,5.4039,3.8356,4.8276,7.7256,7.2839,12.461,8.068,11.711,8.3231,3.6278,6.2258,12.342,9.4473,10.468,10.109
703,21.134,10.184,5.9827,18.951,5.4795,9.4946,34.728,13.595,12.867,13.085,15.451,13.869,8.1436,4.4591,10.43,3.4483,4.3363,3.1743,11.08,12.622,14.426,12.678,9.6288,8.9183,5.1582,5.3377,13.868,6.9627,8.0775,7.9735
704,21.436,9.3812,6.3972,13.954,13.576,10.109,30.187,10.269,15.201,13.17,17.015,19.641,7.3311,5.1866,9.4592,3.76,3.9301,6.4525,8.0554,7.1327,13.188,6.0179,9.6571,8.3703,2.5602,7.0005,8.7243,12.083,9.9103,8.6538
705,19.273,10.128,5.342,12.452,6.7548,12.801,29.97,8.7104,14.624,13.746,16.412,21.247,8.6726,5.3661,7.7539,3.7128,4.6386,5.6023,6.5103,6.8399,13.387,7.2933,8.8374,9.504,2.5886,8.0964,8.4794,14.341,10.912,10.373
706,17.997,8.0113,8.1779,19.367,6.7737,10.392,34.605,11.639,12.659,11.082,11.833,15.352,7.983,4.2607,10.656,4.5064,6.3203,5.4039,11.956,8.6065,15.229,11.734,9.6288,7.4162,3.8073,6.0368,11.786,8.9561,10.685,6.4998
707,20.492,9.4465,5.31,16.58,13.88,9.6425,31.472,11.633,13.954,10.919,14.365,16.63,8.5253,4.7002,10.02,4.5845,4.1075,5.802,10.691,7.9473,12.299,7.6413,11.152,7.1495,3.7775,5.2398,9.5872,9.921,12.214,8.0079
708,22.022,8.4459,4.7579,13.642,12.319,12.735,30.168,10.402,15.087,12.546,18.523,18.63,7.6712,5.0449,9.4309,5.0921,4.034,4.8087,7.4901,6.273,12.395,7.0099,9.2142,8.0869,2.4563,6.8871,10.09,10.959,9.948,8.5404
709,18.158,9.693,6.9154,15.201,10.505,9.2678,29.772,9.8819,13.396,12.603,13.171,17.903,6.991,4.6009,10.09,5.3472,5.5456,6.1974,9.6665,9.4473,12.716,7.5484,12.201,8.4176,2.9287,8.0208,8.0742,12.461,12.518,8.0491
710,18.932,11.11,7.6032,12.631,6.9816,14.804,33.343,13.047,12.574,16.693,11.89,18.876,6.4336,3.1932,10.232,3.4577,5.7534,5.8762,8.0083,7.6807,12.215,6.2541,10.58,6.5564,3.2215,6.5092,6.6704,12.659,11.252,7.0099
711,17.592,10.891,7.2756,12.392,6.3822,14.158,29.576,10.208,16.1,15.064,16.811,22.878,8.9575,6.0463,9.9487,2.5741,3.6172,7.2805,7.1447,7.2786,14.414,4.9893,9.5362,6.3703,2.3795,8.4869,7.2909,13.55,8.4647,8.5635
712,21.814,8.7482,4.7579,21.861,13.434,9.7496,35.981,13.359,13.283,13.132,15.47,14.7,9.1828,4.8465,8.5924,3.2215,5.0165,4.1663,10.59,8.6065,14.095,11.233,9.7324,5.3094,2.6453,4.2324,9.5346,6.9532,9.4568,6.5753
713,18.052,11.652,7.7091,14.211,7.631,12.49,33.755,12.202,10.93,14.644,11.559,18.596,6.6365,3.755,10.077,4.7759,6.7467,5.8182,9.0137,7.9572,14.067,7.4833,10.54,7.6825,3.6084,8.0635,7.5003,12.001,10.088,7.428
714,23.968,7.794,3.4671,14.105,11.167,10.779,26.503,10.468,14.993,13.009,17.298,15.947,8.0964,5.8951,9.365,4.3552,3.1554,4.478,7.5466,7.7752,11.422,10.638,11.881,9.1167,3.6372,6.3108,13.567,10.657,9.9764,11.242
715,13.557,8.9939,8.9693,13.661,4.2324,17.374,30.168,11.667,12.225,17.345,15.037,27.492,8.9844,6.8966,10.072,2.4563,5.8385,8.8616,7.4807,7.3311,13.179,4.5064,8.4323,6.1313,3.4388,8.9939,6.3595,16.278,8.0397,6.6982
716,23.439,8.9466,4.1926,19.754,18.895,10.061,29.103,11.252,14.719,11.422,14.019,14.454,9.0694,4.5725,10.684,5.0732,3.7506,4.752,9.1954,9.8063,11.677,7.9263,12.163,7.9641,3.5333,3.9679,11.862,7.0855,9.6552,8.2286
717,26.301,10.373,3.3917,15.673,11.431,9.6741,25.372,12.036,12.886,12.631,15.018,13.5,8.9277,5.3661,10.825,4.7048,4.3647,4.223,9.9585,8.5687,13.491,10.25,13.463,8.2003,3.9773,5.2055,14.151,7.9924,10.6,9.0222
718,25.14,9.8877,2.914,18.085,11.452,9.0173,29.245,12.02,12.5,12.265,15.517,14.338,8.803,4.2437,11.726,4.3077,4.5184,4.0962,11.546,10.289,14.18,9.8776,11.75,7.5863,4.0923,5.0593,13.063,7.0484,10.888,8.1331
719,20.501,9.9103,5.2101,11.611,8.2475,13.434,30.601,10.213,16.438,14.19,16.064,20.888,8.3325,5.9235,9.7419,3.0987,3.4105,6.2825,7.5655,7.5295,14.662,5.829,9.5911,8.0208,2.9476,8.0019,7.9141,12.508,9.3245,9.23
720,17.043,11.195,8.1685,11.327,8.8049,12.244,31.826,11.885,13.529,15.21,16.092,20.633,7.8035,6.2825,9.9868,3.2215,4.4875,7.7279,8.8562,10.279,13.056,5.2905,9.1577,7.8602,1.8989,8.7388,5.7377,12.045,10.534,7.4067
721,13.699,8.786,8.7714,13.963,5.829,17.903,31.647,13.415,11.762,15.938,15.131,25.687,7.6712,6.4998,10.835,2.6264,6.2541,8.8238,8.0177,6.6793,12.225,4.2985,8.046,6.9721,2.2012,10.184,6.6233,15.654,9.1261,5.8479
722,17.411,12.14,8.1779,15.579,8.786,15.078,31.864,12.282,12.338,16.193,15.677,19.452,6.9438,4.5253,9.4404,2.9854,5.3377,6.8021,7.2923,9.5796,12.877,5.5739,9.4686,6.8115,2.3713,7.5106,6.9342,11.101,9.8536,6.1408
801,20.337,9.7665,3.8078,13.362,5.1663,12.322,23.951,8.3423,14.06,18.773,19.515,23.35,6.7127,4.9628,6.215,3.739,3.3411,5.3969,7.299,8.845,11.867,9.3391,11.701,10.382,3.1575,7.7425,11.616,12.388,13.152,10.841
802,22.316,10.753,5.1476,10.108,9.1177,12.945,19.712,12.893,14.434,15.587,17.574,11.86,6.1228,7.7237,11.639,5.0825,4.1848,8.2346,6.5191,8.4858,9.418,12.719,12.71,5.9915,5.512,5.7151,13.432,9.7405,11.559,9.8681
804,27.577,9.3391,4.7225,16.693,12.802,11.033,19.941,12.057,13.114,16.627,15.67,10.059,6.3474,7.2574,11.696,4.408,4.2648,4.5325,9.1481,6.4983,9.4015,10.261,15.454,7.4475,5.4597,5.5978,12.595,9.8035,12.098,10.709
805,26.454,9.2891,6.5438,16.983,12.769,11.467,20.509,13.62,12.986,14.395,14.84,10.156,7.1489,7.1217,11.272,4.3609,4.4936,6.1963,9.6906,7.0587,8.9744,9.7884,13.483,8.5232,5.7095,6.3564,12.073,8.2739,11.296,8.803
806,25.196,7.2839,3.1468,15.059,9.1545,12.452,26.192,11.12,14.908,15.909,19.295,18.016,5.6117,6.1124,7.867,3.675,3.146,3.7884,6.7647,6.5564,11.365,10.137,11.937,9.8536,4.393,6.0652,14.226,12.952,11.866,11.261
807,27.974,8.6443,3.6838,15.824,10.808,10.836,20.953,10.968,12.499,14.946,16.94,12.149,6.8588,7.0761,10.741,3.9868,4.7331,4.478,8.4982,6.6793,11.091,11.091,14.443,7.1989,4.837,5.3472,14.453,10.572,11.715,10.137
808,26.859,10.024,5.1724,11.422,9.7685,14.521,20.285,13.33,14.332,17.685,16.544,11.28,6.8871,7.624,11.871,5.026,3.9679,7.4067,6.237,8.4081,9.9669,10.628,13.708,7.1705,5.5456,6.0463,11.805,7.7752,10.874,7.9452
810,25.366,7.7657,2.4119,15.324,9.9197,12.282,22.706,11.715,15.749,15.333,17.298,17.695,6.0652,6.1219,9.4027,4.478,3.9868,3.2593,7.7728,6.8493,9.1167,11.11,11.278,8.4081,6.991,4.8937,11.673,9.2206,13.274,11.129
812,27.718,11.11,5.3891,10.194,9.2584,13.075,19.776,14.417,13.774,17.09,17.232,10.213,8.7388,7.3406,12.097,4.4591,5.3377,7.2367,7.1321,8.5687,9.2867,9.6552,14.076,6.4053,5.3755,5.9613,10.458,9.4568,10.326,8.3325
1001,22.853,13.141,6.6987,11.223,14.502,9.8252,25.287,14.332,13.302,10.968,17.364,5.9046,11.223,8.3609,7.8481,6.2541,6.6604,8.0302,8.4982,8.8427,9.8536,7.9169,14.585,7.4067,4.9032,9.5796,9.0164,8.7577,9.2962,7.9074
1002,25.319,11.337,5.1159,24.497,21.247,9.1072,23.827,12.584,12.773,12.829,15.932,6.6226,8.342,7.5012,7.5749,4.9598,6.3486,3.4766,8.7997,6.1597,10.704,8.2003,12.87,8.068,4.4969,6.5281,8.3192,8.3325,10.609,8.0302
1003,26.443,12.234,5.0782,24.903,26.065,6.7548,24.439,12.99,14.388,12.603,14.368,7.5295,10.657,7.9547,6.4632,5.2622,5.7345,2.5791,8.4228,6.7926,8.6349,6.8871,12.191,7.4917,3.8262,5.1299,8.8185,7.2461,10.505,6.1313
1004,26.538,15.087,5.8602,26.009,16.59,7.4728,30.761,15.569,15.824,7.7279,8.4699,8.0208,11.384,5.8479,7.2169,4.5725,4.8843,2.6736,9.1012,8.9372,15.087,8.8144,12.691,11.582,4.4119,5.3283,8.4228,6.1124,6.8682,7.7468
1005,16.703,13.141,5.9261,19.688,5.1205,9.9103,37.837,16.249,15.342,10.912,12.38,11.053,9.7402,3.4766,7.1886,3.8356,5.5361,3.1743,12.342,9.6363,12.31,12.452,9.1766,11.318,5.2811,5.6495,13.171,8.1058,7.8224,7.2744
1006,23.032,15.438,7.8676,19.559,10.441,6.6124,36.551,16.095,18.212,7.3457,8.6639,10.943,11.774,4.5722,6.6944,4.457,5.9337,4.0381,8.9281,9.4056,14.341,8.9553,11.216,11.072,4.0524,5.8554,8.4273,6.2917,7.8606,7.3113
1007,16.363,15.494,8.3192,11.866,5.8951,6.2163,35.642,15.087,15.031,5.8101,9.3273,13.198,9.1167,2.7208,6.7458,6.0557,8.8994,6.8588,11.645,9.4001,11.564,9.8725,14.189,12.631,4.3269,8.1719,11.871,7.794,8.8144,8.5782
1008,26.32,11.375,5.6058,25.13,24.119,6.9532,24.854,13.925,13.585,12.215,15.027,7.4634,10.43,7.5295,6.5008,5.4606,5.7156,2.872,8.7432,7.1611,9.1639,6.8588,12.408,7.0855,4.034,5.0921,8.9033,7.709,10.742,6.1313
1009,24.988,10.987,5.2289,21.209,10.761,8.7482,25.862,15.078,13.217,11.866,13.812,6.7076,11.223,5.9424,9.1106,4.9693,5.2622,2.6453,12.248,8.8238,12.026,11.176,12.86,8.1058,4.5536,5.9896,10.778,8.5876,11.507,7.5862
1010,23.514,13.878,6.0392,15.21,16.363,7.9924,29.292,18.29,11.771,12.149,14.302,5.8762,9.7213,7.2556,6.1899,5.8668,7.3311,6.4242,7.5749,8.8805,11.261,9.7308,16.94,9.1828,3.9773,8.6821,7.8104,6.6698,7.4823,7.18
1011,25.999,12.593,4.9934,28.758,17.629,8.2759,30.752,15.191,15.305,7.6334,8.404,7.4823,11.781,5.3755,8.5265,4.3741,5.7534,2.6547,8.2438,8.8521,13.274,8.786,13.454,10.553,3.4672,4.0624,8.6961,6.188,7.435,5.8762
1012,26.377,13.821,5.4268,27.454,15.097,7.0477,26.06,13.576,13.755,10.203,11.956,7.8413,10.855,6.6887,7.1604,5.0921,5.7818,2.4469,9.0541,12.367,11.573,6.8966,12.672,8.0397,4.1001,4.7803,8.404,6.7076,10.26,6.188
1013,24.274,13.592,6.851,10.665,12.712,10.845,23.223,13.329,11.379,10.411,16.136,6.9234,10.283,9.3323,8.2237,6.0065,8.3955,9.0672,7.4309,9.1777,9.6807,8.6778,14.542,6.5666,5.5564,9.626,9.5675,8.47,10.421,8.9624
1014,27.426,13.566,5.0028,24.79,19.726,7.18,25.09,11.856,13.859,9.7308,11.984,7.0855,10.411,7.2083,5.6246,4.7992,6.0274,2.3618,8.2721,10.713,14.407,7.7279,12.898,10.043,4.1852,4.6197,9.7984,6.7265,10.165,5.4606
1015,21.852,13.746,6.1617,13.538,16.268,8.6065,26.418,16.117,12.055,12.423,14.943,5.1393,10.524,8.2853,6.4443,6.2069,6.6604,6.5187,8.9128,9.3434,11.346,8.8238,15.885,8.9088,5.0638,7.5957,8.8845,7.6996,8.5593,7.0194
1016,26.111,13.02,4.8684,23.086,20.027,7.7231,24.817,13.667,13.801,10.771,12.731,6.7792,10.266,6.8111,5.7145,4.5794,5.9807,3.8831,7.8101,8.8597,11.461,9.6325,14.133,9.9743,4.0033,5.9719,9.9961,7.6574,8.8551,6.4062
1017,27.35,12.385,5.6623,23.07,16.977,7.624,25.042,14.643,13.434,11.743,14.292,7.3311,11.337,7.4823,7.8952,4.8654,5.6401,2.3996,10.693,8.7482,12.244,8.068,11.899,6.5281,3.9395,5.0543,9.8455,7.4162,11.082,6.8966
1018,21.096,14.218,6.8589,13.047,18.668,9.5135,31.995,16.59,11.752,10.439,13.181,5.4417,9.4851,8.8427,7.9518,6.9532,7.9452,9.9575,7.4242,7.709,6.5753,7.1705,14.019,7.0761,4.4402,10.609,7.7256,6.188,7.6618,7.8035
1019,26.83,14.492,6.0298,28.616,14.341,5.7251,25.985,12.641,14.152,9.4095,9.4121,7.6996,11.941,7.265,6.4349,4.5442,6.5376,2.428,8.5359,10.203,15.673,7.8696,13.51,10.298,4.3647,4.7898,8.8845,6.6793,9.6079,5.9896
1020,24.469,17.761,6.482,23.184,8.5026,7.6996,35.736,15.154,17.563,6.6509,7.264,10.213,11.422,5.5078,7.0944,4.7992,6.3958,3.4861,9.902,10.713,14.502,7.9074,11.108,10.836,3.9679,5.8762,6.1146,6.1124,9.1356,5.7156
1101,17.349,12.57,6.7878,9.942,8.0251,14.371,23.021,9.2675,14.053,16.129,19.567,21.085,7.9735,7.4122,10.099,4.9356,2.6126,8.4433,4.4374,7.3589,9.9654,12.445,13.811,4.8795,5.4148,5.1951,10.553,12.713,11.495,8.0357
1102,15.031,8.4175,6.3376,13.388,7.5407,16.013,21.148,5.1836,8.4691,16.381,15.258,32.287,6.6334,10.746,4.8231,5.4662,4.6327,9.6785,8.391,13.284,8.5567,6.4404,12.077,3.6798,6.6108,12.028,5.5853,14.118,14.295,7.1813
1103,19.764,11.526,4.6731,13.519,7.5106,12.121,20.313,10.987,15.229,16.656,18.749,17.94,7.4634,7.3973,10.458,4.4686,3.6656,7.7752,5.5964,9.06,8.7104,13.859,11.852,7.0288,6.2825,4.4402,10.383,11.611,12.612,8.4365
1104,18.649,12.168,5.8442,9.6757,8.1102,15.424,21.981,15.369,12.65,15.289,18.539,11.84,8.7717,8.6249,9.1886,6.352,6.6564,11.28,6.3325,8.5176,9.007,8.9868,13.321,7.4181,6.1425,5.6012,11.429,7.1822,10.473,8.5802
1105,21.674,10.411,5.1828,14.733,9.4147,13.618,20.35,12.381,14.522,15.216,17.464,12.364,6.9764,7.0922,10.863,4.8547,4.1013,8.0329,5.2594,8.3092,8.9639,13.154,13.387,6.9978,5.9794,5.2097,11.63,8.9274,11.967,9.3879
1106,15.869,10.987,7.434,11.925,6.0605,11.955,20.836,6.9772,15.69,17.874,18.961,22.487,6.7428,7.4199,8.7824,4.4184,4.034,10.8,4.9698,10.876,9.3628,12.951,12.688,6.9626,4.1226,6.118,8.285,13.052,12.075,8.5268
1107,13.891,11.827,9.6891,12.25,5.2475,13.161,18.283,5.1149,11.857,18.255,18.169,28.123,7.4715,7.7239,3.3597,3.5405,3.916,10.427,5.8431,11.19,9.0996,10.59,13.28,6.1808,5.3657,7.7667,6.6163,17.099,13.991,8.9178
1108,13.415,12.527,6.9813,11.979,5.2338,14.133,16.62,4.9504,11.157,20.123,16.309,33.623,7.0099,7.3784,2.3365,4.0151,4.752,10.128,6.4066,13.406,10.288,9.3906,12.163,4.5158,5.4039,9.1828,6.8683,15.484,14.218,7.6051
1201,18.016,20.104,15.611,13.453,8.6915,9.2395,36.207,14.615,9.7496,11.242,6.1146,16.807,9.7969,3.7222,5.2478,4.8937,6.462,9.1261,11.89,7.2744,8.7766,6.2163,10.269,9.4946,2.9192,8.9372,7.1792,13.066,6.9154,8.2003
1202,24.714,17.402,18.221,18.214,16.533,7.9924,35.293,10.553,7.983,10.364,7.2923,8.5593,10.014,6.7454,4.4752,6.7454,6.5848,6.0841,7.2075,11.053,9.1734,8.3231,8.8751,9.9008,3.7317,9.1923,5.7189,8.2664,4.7331,9.8347
1203,20.406,17.799,18.494,14.662,11.157,9.419,35.312,13.491,8.3892,10.458,7.4336,14.095,11.781,5.6401,4.0607,6.1219,5.3283,8.3042,10.251,6.8493,5.3944,7.4539,9.789,8.871,3.9017,9.2111,7.4713,11.12,6.6415,7.8696
1204,20.605,20.161,18.325,17.345,10.94,8.0491,36.555,12.829,7.3973,9.2395,8.5924,16.127,8.9183,5.1299,4.5318,6.4714,5.8762,5.9802,8.0083,9.145,8.7671,7.0855,10.335,9.3245,4.308,8.6538,5.9638,11.053,5.5834,9.2678
1205,24.199,16.9,16.238,20.507,13.987,8.5712,36.005,10.66,7.8669,10.911,8.8474,10.856,9.0488,6.1194,4.4275,5.4804,5.5178,4.9795,8.0657,10.064,11.145,7.0967,11.449,9.6284,4.6182,8.989,4.9552,8.6666,5.0637,7.6205
1206,16.287,18.167,15.725,16.448,10.505,9.9197,35.934,14.936,8.7293,9.8914,7.0096,15.031,8.5782,3.7317,4.7767,5.3377,7.4634,9.419,11.259,7.1989,8.3798,6.8871,9.4498,12.499,4.1285,7.6996,8.1402,10.798,6.1219,7.5012
1207,21.889,17.865,19.163,16.278,11.979,9.4568,37.507,14.001,7.3973,10.732,8.1025,13.198,10.921,6.1313,3.6461,6.4431,5.3472,7.5673,7.7633,7.2839,7.8035,7.2367,8.3663,8.4743,4.6575,8.2381,6.7552,10.515,5.4228,10.175
1208,18.932,18.677,16.017,19.906,12.348,8.8616,35.774,12.924,8.1058,9.778,7.8764,16.627,7.2556,4.2607,4.2679,5.3094,7.8129,6.2352,9.12,9.06,8.8994,7.2839,9.5346,10.647,3.4766,9.6552,5.8037,9.9291,6.3297,7.0194
1209,15.692,18.772,15.913,16.788,9.7969,8.6065,33.861,13.784,7.8885,8.6065,6.3689,14.681,6.5942,2.7208,4.4564,5.8385,8.7388,9.2962,10.967,8.8049,8.9466,7.8035,10.797,12.669,4.1568,8.6065,7.7445,12.924,7.1989,7.5295
1301,20.293,16.06,11.278,24.421,12.896,9.3245,35.18,13.396,11.564,10.666,10.26,8.975,9.4568,5.3377,5.4927,4.3174,6.462,5.1866,7.0661,9.4568,8.7577,6.5092,12.069,9.4379,4.7615,7.898,5.6529,7.0288,7.8318,6.3675
1302,18.243,12.754,9.7419,27.019,15.163,9.3718,37.215,15.598,10.931,9.2395,10.383,7.1989,9.5418,6.1597,6.482,3.76,6.8493,4.6859,7.5466,8.5593,8.3137,8.2759,12.86,10.08,4.308,8.0019,5.4927,8.8521,7.2272,6.0746
1303,18.233,15.201,10.119,23.977,11.743,8.871,36.979,15.144,10.827,10.411,10.185,9.863,9.5607,4.2135,5.587,4.223,6.1219,5.9613,7.7822,8.0208,9.334,6.7454,10.486,10.231,4.5064,8.3137,5.3326,8.4743,8.9088,6.7076
1304,21.223,13.733,11.943,23.231,16.838,10.481,34.899,11.871,10.317,9.842,8.4399,7.3072,9.2031,7.8938,7.162,5.2466,6.5673,5.6385,7.3575,10.448,10.753,7.6157,14.014,8.2924,3.8079,7.255,5.9607,7.8644,7.435,7.3958
1305,25.848,17.005,12.87,22.352,12.829,9.7402,36.188,12.253,11.412,11.516,10.43,10.307,8.6065,5.4417,4.7108,4.4969,5.5645,5.2716,7.4901,7.9735,9.1545,6.1313,9.723,9.8347,4.1474,8.2286,5.2761,7.1705,5.5739,5.914
1306,23.902,15.409,14.848,18.385,16.089,10.543,34.144,10.572,9.863,10.874,8.8185,6.991,9.7874,7.5106,5.4927,6.1502,6.7926,5.5078,6.9154,10.968,12.017,7.8224,12.747,8.3325,3.7411,8.6065,5.6152,8.8899,6.3014,7.4539
1307,22.277,14.162,12.681,21.54,14.105,9.5324,35.35,10.836,10.949,10.874,9.4404,8.701,8.3892,6.6887,6.3878,4.9032,6.9343,5.2527,7.019,9.8536,11.346,7.1516,13.162,8.4932,3.9584,8.2381,6.0769,9.6268,6.9532,7.2744
1308,24.261,15.654,15.442,17.733,15.059,10.42,32.956,11.828,9.9103,11.138,8.9976,5.9046,11.875,7.2744,5.408,5.9613,6.547,6.0935,7.7916,10.543,12.149,7.4917,10.901,8.7671,3.4672,8.2475,6.4632,8.8521,6.1691,7.8507
1401,20.803,16.259,7.5937,22.248,7.9735,10.061,35.745,17.95,15.087,9.6741,10.684,9.8819,11.894,4.393,7.2546,4.7331,4.2419,3.4483,10.448,11.016,11.327,8.3609,9.1483,11.422,4.2513,4.8654,8.3569,5.8479,8.0869,6.1408
1402,22.891,18.751,7.2731,23.594,7.9614,8.5793,35.285,17.13,15.354,8.3515,8.9471,10.531,12.02,5.7731,6.6217,4.5671,5.1042,3.6641,10.576,10.593,12.413,7.8217,11.091,9.6295,3.5768,5.0425,7.3789,5.8164,8.8105,5.2129
1403,21.823,19.027,7.9141,18.838,6.7076,8.257,36.735,17.137,16.429,7.4162,8.8468,11.686,10.222,5.111,8.1308,3.9962,4.7992,5.0827,11.777,9.2489,11.582,10.213,11.249,9.5324,4.4686,5.5834,10.514,5.4322,10.354,5.5361
1404,17.298,14.02,7.7539,18.356,6.0652,9.6741,37.055,17.062,15.446,9.7685,10.298,14.521,10.685,3.864,7.688,4.2796,5.3188,4.478,10.298,7.9547,11.885,9.1356,10.788,11.186,4.308,5.7723,9.3179,6.7832,10.326,5.9235
1405,19.055,15.229,8.225,16.401,5.8857,7.9924,34.869,16.07,14.209,8.0964,8.6584,13.406,9.1167,4.0435,8.1967,5.4795,6.3297,4.941,11.391,8.6915,11.412,10.827,12.719,11.686,4.7803,7.1044,9.8926,7.0194,10.241,6.5848
1406,16.108,13.547,8.7903,13.198,6.547,7.1422,33.305,14.539,13.037,5.7251,7.2075,12.773,6.991,3.4955,6.4349,5.914,6.7454,5.3566,11.57,8.7955,9.8158,11.516,13.51,12.282,5.1582,9.5701,12.305,8.2475,12.593,10.033
1501,18.47,13.009,9.2331,15.503,9.4757,7.4067,39.881,14.785,13.614,8.2097,8.9599,13.718,8.5026,3.9773,7.0756,5.6967,6.3108,5.1488,8.762,7.8413,10.77,9.1545,14.481,10.808,4.3741,7.1894,8.3757,7.2933,8.2381,7.8224
1502,16.722,14.114,9.6382,22.192,10.846,9.1734,39.608,16.523,10.827,8.9088,9.9209,10.685,9.8063,4.5064,5.3703,4.8937,6.3581,5.5078,8.8845,8.4365,10.043,8.0869,11.579,10.751,4.2702,7.2839,6.0675,7.7185,8.0491,6.547
1503,16.368,13.369,9.6741,20.587,10.298,9.1012,38.17,14.711,10.634,10.958,9.0687,12.367,7.6541,3.3598,6.1685,5.7925,8.7042,7.124,9.7401,8.031,12.115,8.416,11.424,10.243,4.4922,9.5084,6.1154,7.1366,7.8501,7.8784
1504,17.496,13.359,9.5723,21.124,9.6552,8.2003,39.495,15.475,11.828,8.3703,8.1685,11.809,9.5607,3.5144,6.4161,5.9707,7.9169,5.3755,9.4404,8.0964,10.6,8.4648,13.284,10.288,4.9032,7.4539,6.9437,6.1786,8.4081,7.4728
1505,17.034,15.116,10.411,25.914,11.781,8.9939,36.782,15.853,9.778,11.667,10.458,11.403,7.6334,3.7222,6.9154,4.3552,8.1625,5.9613,10.119,9.0978,9.4379,7.1233,9.8455,9.8536,4.7331,8.6821,5.1159,8.2192,7.6901,6.6509
1506,16.424,13.967,10.798,24.35,13.846,9.8086,34.588,13.87,7.9598,11.856,9.2781,11.813,7.7573,1.7178,4.8884,5.5065,8.5161,7.0197,10.272,9.2574,8.4123,6.9974,8.0519,7.6498,5.2165,12.82,5.2397,12.531,10.517,6.5529
1507,18.876,11.318,10.269,29.296,11.308,7.265,39.862,17.043,14.398,7.1233,7.4618,9.863,10.572,4.2135,8.9976,5.1393,6.821,4.8087,9.2142,8.7388,9.4473,7.3028,11.711,11.63,4.7426,4.6197,6.5856,5.9424,6.6887,5.8479
1508,16.457,13.906,9.8643,24.242,10.052,8.786,39.617,15.777,9.4095,11.441,10.91,14.152,7.8885,4.2135,5.5399,4.7803,7.7752,7.0288,10.015,9.0033,9.7591,7.4917,9.902,9.9008,4.1757,9.3434,4.8615,7.3028,7.7374,6.8588
1509,15.276,12.981,11.466,17.912,11.923,12.291,35.585,15.342,10.534,12.045,9.3085,13.245,6.7076,2.8059,6.5668,5.196,8.3325,7.7752,8.8374,5.3283,9.0222,8.2381,8.7526,9.5135,4.4686,10.874,5.5775,12.707,9.1828,6.7643
1601,15.059,14.247,13.039,15.569,13.897,11.809,30.629,13.935,9.504,12.508,7.3488,13.784,9.2017,3.1271,5.5116,5.6306,10.118,8.4081,9.1295,8.0586,8.1908,5.9424,10.354,10.581,4.3836,10.392,5.766,14.549,10.949,7.5106
1602,15.712,14.382,11.532,19.57,12.825,12.376,33.288,14.369,9.284,12.578,8.6247,12.956,8.1511,2.6678,5.7161,5.5399,9.2073,8.1609,8.8074,6.376,7.8505,6.9043,9.8552,8.7626,3.6899,10.908,5.1742,14.229,10.814,6.8114
1603,13.406,13.368,11.871,13.264,11.299,14.124,29.018,14.398,10.156,13.311,7.8481,13.198,9.4662,2.3524,6.9154,5.5834,9.5513,9.589,10.835,7.7563,8.4365,6.6037,12.295,10.194,3.4577,9.6646,5.6812,16.571,11.771,6.991
1604,16.91,14.126,11.597,25.309,13.153,10.204,34.326,13.229,8.377,13.017,8.9779,12.983,7.4069,2.3146,4.4584,4.8739,7.6203,6.7328,9.2667,8.9694,7.6868,6.8811,8.176,7.8189,5.3,11.438,5.04,12.523,11.798,7.7443
1605,14.548,14.794,11.615,15.073,11.728,13.507,29.262,14.41,9.4522,12.497,7.6193,13.179,8.4344,3.1055,5.585,5.3026,9.9925,9.8416,9.6409,7.1593,8.4538,5.6154,11.158,10.223,4.5579,9.7955,5.2979,15.425,11.061,7.4522
1606,12.584,13.066,12.37,13.708,11.809,14.35,31.11,14.606,10.326,14.01,6.6704,13.292,7.6334,1.8706,7.1886,6.0463,9.4757,8.512,8.649,6.0652,9.6552,6.9816,11.428,9.863,3.6845,10.354,6.1899,15.012,10.118,7.2272
1607,15.059,13.793,12.86,14.672,13.311,10.505,30.978,12.48,9.589,12.093,7.4713,13.755,7.8035,2.7019,5.3514,5.4795,10.194,9.1734,8.8374,8.8238,9.3151,5.1016,9.7984,11.11,4.6197,11.157,6.1617,13.481,10.628,8.3798
1701,17.449,10.997,7.4618,16.996,5.4606,10.893,36.885,13.425,13.878,10.524,10.92,17.052,7.6901,4.8276,7.9141,5.3,6.6604,5.0827,9.4027,7.9641,12.414,10.175,11.711,10.326,4.5442,7.18,9.1766,8.7671,9.1545,6.8304
1702,16.448,11.466,8.7586,16.645,5.9018,11.642,33.017,13.491,11.156,13.699,10.516,15.962,7.6416,2.9686,8.849,5.0469,7.6877,6.3831,9.5508,8.0371,12.383,8.7885,12.78,8.3253,4.3887,8.2577,7.0672,12.247,11.343,7.1425
1703,17.424,11.617,8.2776,13.852,6.3901,13.159,29.942,13.266,10.056,16.311,11.661,18.584,6.6141,3.3877,9.5383,5.5447,7.4944,6.6492,9.4084,9.1352,12.649,6.773,11.412,8.2022,3.7666,8.1128,7.7687,12.351,10.965,6.975
1704,17.77,12.149,6.8966,16.816,4.9315,10.458,38.449,16.949,15.371,9.8347,11.692,15.342,9.2489,4.8181,7.9894,5.111,6.8399,4.6953,10.26,7.6145,10.231,10.354,10.722,10.373,4.0812,5.8101,11.127,7.3595,7.4162,7.0005
1801,15.409,12.574,8.7714,15.928,6.6604,24.28,35.839,15.853,11.271,21.115,8.159,20.491,7.1894,4.4214,9.7701,3.5239,6.1408,7.2083,9.478,8.871,7.1233,4.4402,9.9209,6.632,1.8706,8.0208,5.1441,13.207,5.9707,2.8814
1802,14.917,12.319,10.618,14.303,6.4053,19.802,31.025,14.284,12.026,18.564,9.3367,21.653,7.539,4.8087,11.344,4.393,6.8966,7.3311,9.6288,9.1261,8.1153,5.026,11.485,7.0477,2.2768,8.1247,6.3689,13.925,5.9046,4.0246
1803,16.476,12.31,8.225,15.645,6.2258,18.196,32.419,12.612,9.7308,19.121,11.532,19.376,6.9249,3.2877,10.458,3.5144,6.6415,8.7388,9.9303,8.8144,10.449,5.7629,9.8926,6.5753,2.3807,6.8966,5.7754,14.029,7.4728,5.7062
1804,15.361,12.215,9.6005,15.484,6.0368,19.348,30.658,12.782,10.685,20.085,11.466,21.937,7.0855,5.0827,9.1483,3.6467,6.7926,9.1072,9.3556,8.5309,8.512,4.8465,9.2802,6.3769,2.1256,7.35,6.2842,14.832,8.0019,4.0246
1805,15.05,10.94,9.4686,16.079,5.9707,20.416,32.617,13.935,10.732,19.15,10.778,23.637,7.9735,5.1016,7.4807,4.2419,6.991,8.1908,8.9693,7.2933,8.8144,4.8654,9.9397,6.7171,1.4927,8.3137,5.879,15.465,8.8994,2.9665
1806,12.447,6.883,7.8372,16.073,4.6032,20.865,32.867,13.992,11.753,16.038,8.2497,24.032,6.3827,3.2954,10.217,2.6629,6.9713,8.714,7.759,8.918,12.246,4.3335,10.328,8.0544,1.8342,10.99,8.4632,15.888,10.518,4.9244
1807,13.595,11.507,9.299,14.917,6.4431,20.624,32.891,15.673,10.732,15.191,9.4309,18.177,7.5201,3.7317,7.1509,3.76,5.6401,6.9438,12.427,10.316,7.9452,4.9504,9.8266,6.4525,2.1918,9.1167,5.5493,16.949,7.7468,5.2149
1808,14.993,11.016,9.9585,14.898,6.8493,16.608,27.85,13.349,10.005,12.744,12.314,16.391,7.5295,4.3836,8.9693,5.6684,6.7737,5.1299,12.926,10.326,9.0411,5.9802,9.8266,5.8857,3.8167,8.8333,5.1913,19.452,9.6741,5.6117
1809,12.111,8.2664,9.5817,14.898,4.9032,16.382,28.726,11.79,10.345,14.955,12.945,21.502,5.744,4.2702,10.882,3.4672,6.9438,8.6632,10.043,10.694,13.585,5.2527,9.6382,8.7104,1.7667,9.693,8.4888,16.079,10.052,5.3472
1901,18.83,13.197,13.757,14.698,15.009,9.2264,27.097,18.427,10.663,9.8716,11.568,6.6804,9.1457,7.2725,5.6173,8.2308,7.8439,9.1308,10.195,11.013,7.2253,10.291,8.8709,8.4521,3.3566,13.328,7.1959,9.6342,6.5408,6.3712
1903,23.505,16.863,16.148,17.241,16.023,8.5876,31.788,10.581,9.334,10.675,7.98,5.9896,11.138,7.265,5.4927,6.0935,6.188,6.0368,6.8118,11.828,9.2489,10.42,8.9976,9.6741,4.0435,10.675,7.3299,8.2948,5.6117,6.4714
1904,25.272,13.595,19.616,18.725,20.879,8.9844,29.414,18.536,9.8819,8.5971,8.8562,7.8507,10.175,7.4728,5.3703,6.4053,6.3014,8.2192,9.4875,7.4728,4.8276,12.055,6.0109,6.7643,3.9584,11.101,6.0204,6.8021,6.6698,5.0449
1906,17.695,13.396,13.068,13.897,13.954,8.9466,26.23,17.988,10.987,10.222,11.946,6.2447,9.9386,7.3406,5.2572,8.5404,8.2948,10.118,10.392,11.497,6.821,10.354,9.1012,8.701,3.8356,14.02,7.4995,9.7496,6.1313,6.4809
1907,22.4,15.342,19.079,17.638,18.29,8.616,34.153,13.916,7.624,10.005,9.0352,9.1072,9.8819,6.2163,6.2465,7.0099,5.2716,7.1516,8.4605,8.3042,8.2664,10.562,7.622,7.9924,2.7019,10.307,7.1604,8.2381,5.3283,7.2839
1908,19.632,13.859,12.276,14.398,18.214,7.6618,21.641,22.617,10.846,6.3014,13.181,11.28,9.7969,7.7657,6.0204,8.4081,11.271,12.026,11.325,9.2017,4.6009,9.2678,8.9504,7.9452,4.6197,12.13,5.1818,9.6363,5.6023,4.8654
1909,26.519,16.939,18.146,19.773,18.744,9.6646,31.986,10.675,8.8899,10.609,7.7822,7.2367,9.0789,6.7076,6.058,5.1771,5.829,7.0572,8.225,9.4473,7.983,10.213,6.6516,8.5782,3.7034,10.307,6.6422,6.7926,6.0652,7.6712
2001,18.271,13.16,9.0823,11.979,15.909,10.043,26.503,17.988,12.168,10.146,14.745,5.0732,11.62,9.8725,6.6893,7.9358,9.8441,11.545,6.7835,8.2853,7.4634,9.3812,10.448,6.4336,5.3472,11.639,9.365,6.6698,7.6901,9.948
2002,20.117,13.076,7.9114,11.709,15.105,11.113,26.938,17.114,12.022,9.7021,14.442,6.0389,11.857,8.7064,7.6321,7.9375,8.8976,10.536,8.2988,8.2233,8.0487,8.8019,11.336,6.1275,5.0086,12.166,9.5633,6.4199,8.1413,9.1981
2003,15.446,13.538,9.3169,12.113,15.633,12.072,26.744,17.137,12.145,10.575,13.732,6.4405,10.974,10.571,6.8827,6.6883,11.479,11.953,7.0238,7.9973,7.2486,8.8913,11.173,6.1171,4.7874,11.213,8.4336,6.9215,8.5628,8.7262
2004,21.279,13.334,6.4345,13.436,16.663,9.7929,28.949,18.281,12.492,9.6497,13.869,5.9403,10.968,8.2092,8.3468,6.9078,9.0572,9.2223,7.9848,7.5192,7.2761,7.4106,12.756,5.7176,4.6313,12.36,9.2138,6.4767,7.8059,7.9799
2101,23.722,12.905,6.2559,10.099,13.453,12.452,22.423,13.614,12.811,14.757,16.591,7.1989,9.0222,9.1167,8.9316,4.2607,7.6051,7.624,6.906,8.7482,10.553,9.419,15.056,7.3595,6.0463,8.257,8.7809,9.3151,10.156,9.7024
2102,27.01,11.358,5.7912,10.471,13.565,12.954,20.393,13.869,13.211,15.559,16.731,8.264,7.5881,9.0819,9.9544,4.1663,5.1681,6.0041,7.6225,7.8257,10.784,9.8685,15.795,6.772,5.8047,6.3452,9.0381,9.7609,10.365,8.5452
2103,26.122,10.761,3.486,18.347,13.396,11.658,19.748,12.385,12.367,14.587,15.357,9.2773,7.0949,6.3581,10.948,4.3174,4.4119,4.3363,9.0447,6.2447,11.875,11.403,15.875,8.6443,4.2796,6.0935,11.08,10.288,11.025,10.704
2104,26.897,10.043,4.5318,14.19,15.749,11.261,18.702,11.545,12.669,15.9,16.346,9.863,7.6712,7.7657,9.5817,4.0435,5.829,4.7898,8.762,7.0761,11.138,10.468,16.299,7.4162,5.3755,5.9046,8.4511,10.402,12.565,8.616
2105,26.122,11.62,5.5681,13.245,17.345,12.149,20.285,11.016,13.547,14.256,14.537,9.0505,8.0019,7.2083,9.968,4.7331,5.6023,5.3094,7.2263,7.4539,10.572,9.6552,16.987,8.2853,5.111,6.3581,8.6866,9.7969,11.299,9.3906
2106,25.489,11.649,4.2679,13.897,16.731,11.762,22.282,11.913,13.642,13.784,15.677,7.898,8.4459,6.4809,8.4888,5.0921,5.5456,4.8654,7.4336,6.3297,12.14,10.128,16.827,8.7293,4.8276,6.7359,9.5628,10.269,10.798,9.334
2107,26.726,11.875,4.805,11.223,16.334,11.752,22.894,12.537,13.916,14.473,15.875,8.9088,8.3892,6.7737,8.7903,4.7992,6.8777,4.9315,6.84,6.3297,11.28,9.5701,16.478,8.3987,4.9221,6.103,8.6961,9.3434,10.619,10.118
2108,26.358,9.7874,4.3056,20.491,17.704,10.779,21.038,12.168,12.744,13.236,14.905,10.477,6.2919,7.1611,10.835,5.5267,4.7331,4.2135,9.4686,5.5834,10.647,8.6632,14.283,7.6996,4.9693,6.1408,10.976,9.5418,9.9575,9.2962
2109,29.069,9.2489,3.42,15.985,14.445,10.846,21.038,12.697,13.746,16.24,16.704,11.894,8.3703,7.1989,10.693,4.2324,5.3944,4.9504,8.649,6.6509,8.5593,9.6646,13.963,7.0005,4.8087,3.8545,12.785,9.4757,11.384,8.0019
2110,22.91,12.367,5.6341,8.3231,10.553,13.727,22.96,15.541,12.159,13.727,15.348,6.5848,8.2948,7.8413,10.58,4.2041,7.0855,10.458,7.6974,8.7104,10.043,9.7969,14.999,6.8871,4.3174,8.7577,10.128,9.1167,10.052,9.7874
2202,12.126,10.464,7.333,12.326,3.7719,19.641,25.883,10.524,9.6798,12.343,16.442,26.768,8.2247,8.0223,7.9859,4.3829,4.5767,7.2759,7.684,11.198,12.346,5.0921,11.121,5.7176,5.3172,9.7548,7.0105,16.321,13.147,7.3581
2203,11.03,9.6956,8.8125,13,4.7062,23.889,32.612,13.491,12.285,18.29,15.064,27.226,10.062,6.7333,6.3282,3.4823,3.9381,5.9849,5.9638,9.6897,12.243,2.949,10.566,5.6272,2.0796,9.0189,4.4726,15.003,10.584,4.3331
2205,13.24,9.1311,7.3264,13.595,7.6494,22.593,31.02,10.133,9.1325,18.038,16.819,23.775,10.69,8.6416,6.122,2.7946,5.3557,6.6929,7.3791,9.9963,8.7624,6.2413,13.082,5.9141,3.9387,7.2322,6.574,15.616,10.543,5.92
2206,14.152,9.6486,8.7028,13.227,8.0252,15.95,21.924,6.2297,9.0933,17.415,16.095,27.735,8.8183,8.9934,6.3618,4.3078,3.88,9.0465,6.7352,10.823,9.272,8.5913,14.367,5.8688,4.6175,8.3671,5.551,17.328,14.392,8.1656
2207,11.601,9.9103,7.2263,13.359,4.7048,19.915,23.714,8.0208,8.8333,14.36,17.976,27.407,8.8521,9.5324,7.7256,3.7128,4.0246,6.1408,7.4242,10.921,12.678,6.7076,13.548,5.5456,4.4119,8.7766,7.509,16.297,14.426,7.0194
2208,19.499,12.792,6.0109,12.291,4.8843,14.728,24.816,8.701,14.691,16.807,17.467,22.995,8.427,6.1786,6.1994,3.3821,2.5791,6.4431,4.739,9.2489,13.831,8.0113,9.6665,9.0128,2.5791,8.2759,8.5736,12.385,12.461,9.6646
2209,14.766,10.316,7.7351,11.214,3.7978,17.95,27.473,11.63,13.925,15.04,17.665,27.482,9.6268,7.35,8.7903,2.9854,2.3996,7.9735,5.1536,7.5106,13.651,5.3944,8.7337,6.4809,2.9381,9.3718,5.3514,16.268,10.061,6.0274
2301,19.281,15.611,9.12,15.193,10.965,11.064,32.992,18.979,10.27,10.26,10.877,6.9561,10.982,7.9987,6.3034,7.2351,9.4829,9.4964,7.824,8.904,7.873,9.195,12.816,6.908,4.7299,10.339,7.7808,6.3763,6.4309,6.1758
2302,19.329,15.144,7.8575,14.738,10.118,10.099,31.336,16.769,11.592,10.099,10.043,6.6887,12.678,7.6618,6.906,7.4634,9.948,9.0694,7.6503,9.3812,8.5404,8.512,12.154,7.8602,4.2607,12.121,8.4228,7.8129,6.9438,7.7279
2303,22.23,13.897,8.1213,12.527,15.749,9.6552,32.146,21.086,12.773,9.1923,13.275,6.5187,10.392,7.6523,6.4066,8.4743,9.6457,8.4837,7.5937,7.7468,6.2069,8.4081,13.689,7.5862,4.478,11.063,7.4336,6.2163,6.6415,5.8385
2304,19.339,14.766,9.2237,12.678,7.8129,10.043,31.044,16.901,12.726,10.789,10.373,7.265,11.412,8.0208,6.7929,7.6712,7.9452,9.9953,10.1,11.327,9.3245,10.194,11.965,8.7104,4.3647,12.754,9.5817,7.5012,6.4525,7.1516
2305,18.602,13.996,9.8394,14.242,11.597,10.325,33.024,15.358,10.611,10.225,9.6327,7.0436,11.141,8.481,7.728,7.8736,7.9149,9.3554,8.2674,10.212,8.4879,8.9641,12.049,9.4394,4.4472,11.665,7.9926,7.3222,6.0959,7.6654
2306,22.638,13.705,7.4538,13.376,16.908,9.8339,30.982,19.541,12.467,9.6689,14.017,6.1859,10.526,7.6006,7.2433,8.1419,8.9918,8.4039,8.0893,7.3578,6.4629,6.6877,12.903,5.1828,4.4571,11.715,8.5249,6.1362,6.4454,6.8477
2308,18.297,15.074,10.394,13.124,9.5122,9.1204,33.227,15.262,9.7651,10.24,9.3102,8.0992,9.8448,7.5159,6.9448,7.9428,8.1306,10.574,9.3012,10.289,8.9003,8.6069,11.519,9.9345,4.6114,11.852,9.7286,7.7938,7.016,8.1715
2309,20.063,14.233,10.659,15.033,15.281,8.6956,33.67,19.04,10.569,11.283,12.469,6.0681,10.731,8.069,7.3889,8.7011,9.3893,8.1976,8.3145,9.2283,6.7454,8.0852,11.933,8.3073,4.0894,9.5638,5.8466,6.3431,5.7392,6.7376
2310,21.058,14.738,9.4592,13.359,15.626,9.7591,33.588,21.124,12.149,9.6174,12.87,6.4147,11.157,8.0586,6.4349,8.1342,9.4095,8.9466,6.6987,8.8238,5.4606,8.5593,12.983,7.0099,4.2324,9.4568,7.9518,5.9707,6.3675,5.7629
2311,17.506,13.708,9.2142,13.302,8.8899,8.257,26.343,12.641,10.326,10.298,10.401,8.2097,12.253,7.6429,7.4524,9.1545,9.5513,9.9197,10.138,11.573,9.5324,10.373,10.741,8.871,4.4119,12.282,10.957,8.7293,6.8021,8.6443
2312,22.683,13.623,7.5372,12.65,15.626,10.033,32.259,20.775,12.338,10.392,12.361,6.3297,10.931,7.6996,6.1334,7.8885,9.6268,9.4379,7.3111,7.709,6.0841,7.8602,14.01,5.0827,4.0529,11.082,7.6691,5.2811,7.4539,6.0746
2313,21.438,14.24,9.6461,12.585,16.111,9.5478,33.123,20.271,11.857,10.07,13.1,6.4063,11.222,8.4554,5.9927,8.5649,8.8768,8.5149,7.7086,8.418,6.1721,7.7367,12.898,8.3571,4.0246,9.599,6.9037,6.7577,6.6217,6.6477
2315,20.812,15.276,12.069,16.75,14.388,8.616,32.777,18.696,9.9197,11.431,11.278,6.1786,10.524,8.7293,7.264,8.3892,7.9169,8.427,7.8858,10.468,6.3108,8.0397,10.42,8.8144,3.675,10.137,5.1913,5.5928,5.5645,7.4917
2401,11.606,14.211,11.008,8.3014,14.873,10.939,18.999,19.327,20.129,7.1097,13.708,9.3059,8.6742,8.717,7.0014,12.017,12.109,13.506,5.7522,8.1897,5.5159,7.7413,12.343,9.3146,4.2836,13.131,8.7156,5.5331,6.8123,5.2548
2402,13.198,12.527,13.708,10.505,12.905,10.165,24.308,16.92,16.287,8.7199,13.171,9.9197,8.8238,8.7955,6.4726,11.809,10.553,13.132,6.7175,8.153,7.1516,6.3958,11.014,8.2664,4.0907,10.874,7.7916,6.8021,6.7359,6.6226
2403,13.746,12.631,13.416,10.477,12.574,10.921,25.617,20.992,13.812,7.1044,13.727,9.0694,9.1356,8.2192,7.0096,10.931,9.948,13.028,8.6113,8.5971,5.8007,6.9532,10.59,8.6349,3.6089,11.913,8.1119,7.4823,6.4053,7.8318
2404,13.444,13.141,13.595,9.863,12.518,10.175,23.931,18.262,15.73,7.709,14.085,9.2395,8.1625,8.2664,6.6987,12.187,10.458,12.952,7.9235,8.5687,6.5376,7.35,11.221,8.2664,3.675,11.129,8.338,7.2178,6.3675,7.2461
2405,13,13.094,11.956,7.9641,12.508,11.866,19.927,17.657,17.789,7.4539,13.652,9.9386,11.564,9.1828,5.9827,11.308,10.496,13.264,5.9073,7.4823,7.9169,7.709,9.6288,7.4634,4.5725,12.659,8.3098,6.4809,7.9641,6.6887
2406,13.831,12.878,15.058,12.103,12.486,12.464,24.269,18.559,16.476,7.4748,13.782,8.7011,9.7607,8.7404,6.5602,10.361,10.978,12.758,6.9315,6.9898,6.2008,6.3951,9.1382,7.4045,3.626,10.476,8.5581,7.4326,7.03,7.9379
2407,12.508,12.3,13.03,8.8616,12.272,9.1828,22.593,20.189,15.957,7.5768,14.585,10.798,10.033,9.334,7.6974,11.601,10.118,14.955,8.7997,7.3311,5.6117,5.4133,12.333,8.5215,4.0057,12.055,7.8858,8.4176,5.4133,6.6037
2408,12.584,13.897,11.051,8.8994,13.264,12.291,18.381,18.035,20.302,7.1516,13.322,9.2867,9.2017,7.539,6.4914,12.508,11.365,13.198,5.5493,8.0208,6.1124,8.2759,10.335,7.9735,5.3188,13.226,8.7903,6.2258,6.7171,6.0557
2409,13.014,12.611,15.281,10.329,13.297,12.289,21.445,16.645,16.988,7.6633,13.086,8.7441,9.907,8.6645,6.7991,9.9381,10.552,11.576,6.3878,6.1844,7.1897,7.3691,10.275,7.8537,4.1156,11.421,8.8485,7.473,8.768,7.7872
2410,13.415,13.188,13.567,10.685,12.943,11.356,23.394,16.297,17.449,8.5782,13.727,10.59,8.9655,8.8144,6.84,12.414,11.053,13.264,6.7458,7.6712,6.8777,5.6684,10.175,7.5579,4.308,10.553,7.3488,7.0194,6.9816,6.632
2411,13.925,13.377,14.151,11.923,12.461,11.393,24.694,18.309,15.465,8.4648,13.831,8.8427,9.5985,8.4648,6.7929,11.441,11.29,13.576,7.2263,6.8021,6.4242,6.0935,9.6005,8.1908,3.9962,10.411,7.3394,7.4445,7.1138,7.983
2501,19.405,12.65,11.749,15.919,15.248,8.2853,25.193,16.845,10.723,10.213,13.614,6.1219,11.242,8.0397,7.4242,8.6254,8.068,8.3798,9.12,9.0883,7.3406,10.08,10.467,9.2962,3.4199,11.431,6.1146,11.016,7.0477,6.8682
2502,18.017,13.802,11.963,12.638,12.811,9.3497,26.582,18.831,12.082,9.0864,12.92,8.8257,8.6718,7.7817,6.5157,8.1626,9.633,11.143,11.247,9.4668,6.1977,10.414,10.519,9.872,3.5545,11.548,7.056,9.3856,6.3126,5.9191
2503,21.037,13.494,11.872,15.338,13.677,8.4554,29.639,13.282,9.9248,11.455,13.571,6.456,11.271,8.2204,7,8.3185,7.1484,7.5152,8.0034,10.226,8.5417,9.1523,11.3,9.6253,4.195,10.834,6.4814,9.5791,6.1704,7.3266
2504,22.966,16.145,13.322,15.239,11.63,7.5768,34.125,16.561,10.033,11.847,11.786,5.829,10.477,7.4728,7.0379,7.6712,7.9735,9.2584,8.0366,10.231,6.9532,8.3703,9.9491,8.8805,3.2877,10.581,6.6893,5.385,6.1313,6.8304
2601,23.316,11.327,4.5223,13.708,5.2811,14.379,24.025,7.1233,14.511,20.444,18.721,23.127,7.6429,5.3661,7.4618,4.0435,2.9192,3.7034,5.0028,9.0128,10.779,7.35,13.445,8.7671,3.7317,4.7426,11.786,10.383,15.409,9.0978
2602,15.333,12.456,8.1287,10.001,7.1383,15.022,22.896,7.7566,12.572,16.86,20.068,21.82,8.034,8.2533,8.0468,4.7929,2.6506,8.0383,5.1224,8.8939,11.798,10.452,14.143,5.0457,4.4444,6.3464,8.0757,13.729,13.224,7.7076
2603,18.337,11.346,8.3098,12.943,6.6793,13.623,24.006,6.0652,14.445,18.488,18.278,22.163,7.1611,5.026,8.9787,4.1474,3.3916,7.6996,4.6637,8.7388,12.319,8.8427,14.34,7.0761,3.8262,6.0746,11.523,13.434,12.971,8.3987
2604,12.13,11.044,8.828,11.393,5.9707,15.286,22.96,8.2948,10.477,15.89,18.146,22.579,8.6821,8.6821,7.9423,3.2121,4.2041,8.9466,6.7364,9.8819,12.083,8.6821,14.057,5.196,4.1474,7.2367,8.6113,16.618,14.209,9.2773
2701,17.126,11.559,13.095,12.964,14.918,9.448,21.24,21.149,10.279,6.0222,10.444,13.304,7.974,9.5749,8.9753,7.9881,10.234,13.396,12.398,8.4818,5.152,10.923,9.0171,8.2558,4.5097,11.581,7.3162,7.37,6.9501,5.7305
2702,12.933,14.473,9.4121,5.3661,8.5498,12.026,16.968,22.957,13.51,7.8224,11.061,12.395,6.5187,6.8021,8.9033,7.9452,14.776,15.805,10.204,7.3595,7.9074,9.4568,13.134,8.7199,4.5725,12.867,10.354,10.052,6.6226,8.7388
2703,19.877,13.085,15.366,15.531,18.488,9.8914,26.314,22.929,10.269,6.4431,8.5642,11.308,9.2867,8.7388,6.3689,7.1894,8.9466,12.385,11.805,8.5498,4.582,9.419,6.2747,8.1247,4.4119,12.187,6.3595,8.1908,5.9518,4.3741
2704,13.566,13.113,13.793,13.991,12.376,9.3623,21.198,21.379,11.233,5.6684,9.4121,11.545,8.5782,7.3028,7.5843,7.6901,11.762,13.699,12.587,8.5876,4.7615,10.534,10.411,9.5324,3.4199,11.781,8.8468,9.3245,6.6509,6.3297
2706,13.056,14.719,8.7432,5.6684,7.8696,12.744,16.29,23.486,14.162,7.7563,10.806,11.894,7.0005,6.8777,9.4875,8.4176,14.407,15.607,8.4794,7.4162,7.265,8.8049,12.945,7.9263,4.308,13.396,10.741,9.8441,6.8966,9.4473
2707,20.671,8.9655,5.3891,15.701,14.398,9.589,31.458,12.612,14.284,11.45,14.698,17.818,8.0113,4.6575,9.2896,4.0624,3.7222,5.6212,10.703,6.4147,11.063,7.0761,10.166,6.3014,3.2499,4.9882,9.5817,10.704,13.765,8.4837
2708,15.475,11.658,10.486,12.13,13.245,6.8966,17.91,21.275,10.194,6.273,10.411,12.697,7.435,9.2678,9.7419,9.4001,13.434,15.154,12.21,8.6065,6.2258,10.846,11.164,8.4176,4.5347,12.603,8.4511,8.3609,5.6401,6.188
2709,17.893,10.335,15.31,15.078,16.627,12.13,22.499,19.924,10.061,7.2839,9.1483,12.414,8.5593,8.7388,8.2627,7.2556,8.8427,11.393,12.446,7.7468,4.5914,10.987,8.338,8.2664,4.5442,11.875,6.3972,8.6726,6.7548,6.1691
2710,12.121,13.859,11.033,8.6443,10.146,10.789,18.155,22.201,12.47,7.435,10.901,12.943,7.18,7.8602,9.3838,9.0694,14.067,14.728,10.797,8.2003,6.7076,9.0694,12.201,8.9466,4.2513,13.311,9.6476,10.666,6.4147,7.18
2801,24.157,13.519,7.7068,15.39,17.714,9.6363,32.043,19.263,10.94,9.7969,14.01,5.7156,8.4176,7.7468,6.6704,8.4081,8.7104,8.9655,7.5372,7.539,7.2461,8.8805,13.284,7.3122,4.5064,10.005,7.3582,7.2083,7.0383,7.1611
2903,22.523,9.482,5.6067,15.042,11.764,14.781,21.017,14.539,13.794,14.016,14.883,8.9572,8.2135,7.6913,10.364,4.2282,5.5866,8.7398,6.7347,7.3705,9.8773,10.542,14.873,7.6589,5.4874,5.4198,12.592,8.3835,8.9145,8.6715
2911,21.916,12.932,5.9378,10.772,11.043,13.349,22.132,15.441,13.235,12.766,13.83,6.6795,9.2702,7.2976,10.626,5.046,7.0445,11.213,7.7859,8.1266,10.743,10.98,14.587,8.6164,5.1631,7.9871,10.447,7.8682,8.0299,9.5301
2912,18.555,11.927,6.8645,14.603,10.993,14.043,23.909,15.311,11.703,11.207,15.678,8.5952,7.0956,9.5062,8.3817,6.7632,7.3792,10.596,7.6716,8.511,8.7102,10.172,15.307,8.279,5.0887,7.0711,9.6154,7.9721,8.6288,8.5584
2921,25.716,9.2111,5.1159,14.492,8.9183,16.07,22.103,14.606,13.311,15.342,16.648,10.827,7.9263,8.6254,10.543,3.4672,4.5158,7.9735,5.6812,8.9372,8.0397,10.779,14.142,8.0964,5.8196,5.0449,13.331,7.6901,10.402,8.4365
2926,19.358,9.0505,4.626,18.035,13.056,14.898,23.111,16.58,13.425,12.518,15.046,8.8238,7.2367,8.5026,9.12,4.0624,6.1408,8.4837,6.0675,8.2948,8.9277,10.751,16.554,7.3217,5.6495,5.8951,11.739,7.6807,9.145,9.9386
2930,22.607,12.159,5.3797,15.267,12.121,15.22,23.403,14.483,13.462,13.67,14.877,6.9721,8.8144,6.8115,10.759,4.9882,5.6306,8.871,8.0083,7.4539,9.693,10.307,14.208,9.1545,4.7803,5.6401,11.824,7.4162,7.9735,8.2475
3004,16.514,11.897,9.18,12.363,12.008,11.021,23.324,16.093,11.458,8.6824,13.699,9.1072,8.2914,11.465,7.4294,8.6295,7.8888,14.132,9.2382,6.5791,7.1063,9.1638,14.059,8.1689,6.5001,8.7374,9.4315,8.1361,9.125,8.7276
3005,19.551,11.383,6.5325,19.004,12.881,10.431,23.959,17.541,11.647,11.79,14.504,6.7778,9.2639,7.9259,8.5824,5.9615,5.6717,12.69,7.9593,7.9615,7.8178,12.083,14.599,6.7549,4.9592,7.5556,11.21,7.1995,8.0544,7.732
3006,16.788,12.017,9.6099,10.6,12.622,10.581,22.734,16.58,12.348,8.5971,13.115,9.334,9.3718,12.858,6.9531,9.9103,9.3906,13.368,9.4592,6.3958,6.547,8.0491,13.774,7.7563,6.462,9.6174,8.9128,7.5673,10.25,8.8805
3007,14.02,11.752,11.937,9.4757,11.705,8.6538,21.914,16.363,12.48,8.0491,15.659,8.0302,12.338,10.071,8.2533,8.3514,9.6552,13.519,11.428,5.2811,7.2272,8.2192,12.465,8.1719,6.1124,12.508,9.1295,8.6632,9.589,8.0869
3008,15.726,12.488,8.9587,19.618,16.516,9.9514,26.34,16.65,9.9611,10.584,10.311,5.685,11.795,8.8609,7.235,5.055,9.2437,13.471,8.0986,9.31,7.5768,9.6521,11.869,7.5033,4.7857,10.43,10.039,7.8416,8.32,8.0869
3013,12.792,11.223,10.675,13.963,9.7402,9.8158,24.6,14.795,8.9466,7.8318,11.664,5.7534,13.651,8.6632,7.1509,5.2433,8.8994,12.385,11.862,9.2962,9.8441,12.14,13.595,8.616,3.6939,15.333,10.383,7.624,10.326,8.6821
3014,20.17,11.29,6.6704,16.712,10.921,11.082,24.929,18.224,11.157,12.915,13.445,6.0179,10.165,7.3784,8.762,5.0921,6.8115,12.556,7.2075,9.5418,9.0694,10.402,14.095,8.6254,4.3836,7.6523,10.59,7.0194,6.906,7.5295
3015,19.069,12.245,5.7584,14.059,11.514,13.12,23.108,17.644,11.283,12.63,15.352,7.5784,8.699,7.7777,9.4064,6.1538,8.2656,12.537,7.4105,7.61,8.6492,10.821,14.526,8.6091,4.8881,7.3265,10.133,7.4125,7.6963,8.6891
3016,15.299,12.992,8.711,14.325,11.71,10.3,23.019,17.597,11.548,8.903,14.848,8.4478,11.312,10.529,6.5602,9.0073,8.0227,13.804,9.8472,6.8208,7.9412,8.0333,13.532,8.6035,5.7959,10.056,8.1133,8.4457,8.4012,7.5739
3017,18.249,11.905,7.923,21.624,15.824,9.8451,24.483,17.807,10.045,10.031,11.768,5.1523,11.724,8.2243,8.0223,4.8291,7.9122,12.821,9.1703,8.15,8.1741,10.387,13.164,7.3151,3.9092,9.9935,9.9113,7.0592,8.8331,7.8925
3018,13.85,11.8,9.6947,15.05,11.157,10.496,24.317,16.372,9.6363,8.8144,13.049,5.5739,12.537,8.8899,7.2828,5.0071,9.3906,13.141,10.75,8.427,9.2867,10.449,13.548,9.2678,4.5725,14.02,9.8832,6.6415,8.616,7.3217
3019,18.205,11.866,7.443,14.445,12.858,11.601,24.289,18.281,10.921,10.657,15.225,8.0586,7.6051,9.948,8.6678,6.8966,7.3406,13.264,9.0164,8.1814,7.9735,10.213,14.358,7.1894,5.9991,8.6915,8.6395,6.3203,8.1153,8.4743
3020,14.558,11.979,9.0164,6.7454,11.441,10.543,20.577,17.6,13.727,7.8696,14.142,10.09,11.261,10.562,6.7458,11.441,10.298,14.313,10.317,6.2163,8.4365,7.6996,13.463,8.871,6.6982,9.2206,8.8374,7.3595,9.1167,7.6901
3022,16.117,13.056,8.7149,17.119,11.715,10.024,22.263,15.645,11.422,9.3056,14.754,8.0208,8.9466,10.203,7.7916,8.8238,6.6604,13.113,9.4592,6.9154,8.6443,9.8819,15.593,7.709,6.2541,9.0128,11.117,7.1611,9.5701,7.2367
3023,19.443,11.658,7.0567,13.595,11.8,12.726,24.863,17.496,9.5513,12.867,13.972,7.0194,10.402,7.4823,8.4982,5.2149,8.5782,13.113,6.9437,9.2395,8.342,9.4095,13.426,7.8885,4.8654,9.8441,10.034,7.0477,9.4662,8.1908
3027,19.008,11.62,6.0298,17.383,12.669,12.348,25.174,18.318,10.572,12.026,14.764,6.5659,8.3231,8.6254,8.4511,6.2163,6.2919,12.763,7.8387,8.6538,7.9452,10.43,13.454,8.153,5.4228,6.8588,10.043,6.5187,8.3325,7.5957
3028,14.048,11.998,9.7042,9.0883,10.931,9.504,21.528,17.081,12.773,8.8238,15.206,8.5215,12.13,11.072,8.0648,9.8536,9.4757,14.18,10.458,6.3864,8.2475,7.0666,12.917,8.7388,5.7534,11.45,8.6207,9.4757,8.7671,7.4067
3031,19.792,11.479,6.5951,15.947,12.423,12.008,24.43,17.95,9.5701,13.803,14.453,8.0491,8.6065,6.6226,7.8858,5.1299,8.6538,12.839,6.4255,8.3231,7.624,10.156,13.708,8.7766,4.6103,8.6349,9.9114,7.2178,7.794,7.4067
3101,13.037,11.649,10.354,17.572,14.19,10.496,27.285,17.893,9.2111,9.1261,12.644,6.1408,13.538,9.0033,6.4161,5.0354,9.9858,13.529,8.5642,8.9466,8.616,9.8158,10.882,6.821,3.4861,10.789,9.186,7.4634,7.7374,7.1422
3102,12.167,12.978,14.628,16.078,12.175,13.194,25.111,17.988,12.663,8.5141,12.752,9.6789,13.645,10.824,6.8345,7.0482,11.887,12.347,7.5307,6.6492,6.452,6.7799,8.2884,6.7684,2.8728,10.33,8.1895,6.9043,6.3818,7.3502
3109,13.33,12.111,11.994,14.417,11.157,12.102,25.155,15.39,10.761,8.3325,12.305,7.2083,15.456,10.874,6.9908,6.4242,10.477,11.384,10.816,8.3609,8.8049,8.153,9.4498,8.7388,3.231,11.469,8.2156,8.3325,8.427,6.6887
3124,12.579,13.678,13.135,15.025,17.454,12.509,27.106,18.643,13.526,8.0069,12.504,7.7501,11.128,9.268,6.6524,6.9945,13.271,14.49,6.9035,6.7193,6.4454,7.9432,9.7295,6.8657,2.7064,11.199,7.8929,6.9772,7.1715,7.2182
3125,12.234,12.811,14.274,16.75,13.784,14.577,25.024,18.129,14.398,7.9263,12.907,10.288,11.696,9.8819,7.1038,7.4728,10.694,12.329,7.1792,6.2636,6.4147,6.3203,8.583,7.5012,3.7034,11.101,8.1967,7.4539,6.8966,8.4081
3129,13.5,11.29,11.004,13.236,11.214,11.327,24.468,14.832,8.8238,9.2017,12.842,6.6793,15.475,9.06,6.4161,5.3377,9.5418,12.433,10.514,8.5876,9.4568,9.9575,11.372,7.2083,3.2404,13.113,9.2237,8.5026,9.5418,7.3689
