1,-3.5424,-6.5306,-6.3023,-9.5755,-9.2823,-3.8128,-9.9768,-8.1756,-5.1779,-0.27665,-6.6037,-4.177,-7.2656,-2.8229,-6.7222,-8.0781,-7.0949,-3.5976,-3.2449,-8.8233,-7.9752,-4.7772,-14.384,-2.7972,-0.88542,-3.0785,-2.1261,-5.1558,-7.6437,-3.3233
2,-3.81,-4.73,-5.04,-10,-10.06,-4.93,-9.26,-7.96,-5.1,-2.64,-6.51,-2.67,-5.99,-2.23,-4.75,-10.01,-7.37,-3.52,-2.53,-8.13,-7.92,-5.29,-16.24,-3.09,-0.61,-4.27,-1.32,-3.18,-9.77,-3.22
3,-4.2218,-5.9322,-6.83,-11.227,-13.308,-5.5208,-11.896,-9.9851,-6.1519,-2.4852,-7.9932,-4.2949,-9.3985,-6.7019,-7.5571,-9.4765,-7.4083,-3.2768,-2.2605,-10.805,-9.289,-5.9003,-18.153,-2.4472,-0.65398,-6.8876,-2.5058,-3.6242,-8.9235,-4.1616
4,-4.74,-6.92,-6.03,-12.42,-7.79,-3.62,-11.22,-8.52,-6.62,1.39,-6.07,-5.42,-7.23,-0.5,-6.71,-9.23,-8.12,-3.02,-4.64,-9.24,-9.83,-6.4,-14.14,-2.54,-1.04,-1.95,-1.84,-4.83,-10.38,-2.44
5,-3.87,-4.02,-3.09,-9.64,-7.68,-5.11,-8.42,-6.47,-3.55,-1.39,-5.99,-2.29,-4.81,-0.11,-1.57,-8.74,-5.7,-2.72,-3.01,-7.82,-7.51,-4.14,-13.51,-3.08,-2.08,-3.18,-2.1,-1.71,-9.37,-3.6
6,-2.48,-2.25,-4.43,-7.97,-9.45,-3.84,-8.28,-6.16,-4.37,-1.91,-5.65,-2.21,-7.04,-1.15,-3.34,-7.65,-4.59,-1.73,-0.82,-8.4,-6.72,-4.42,-13.93,-0.89,1.25,-3.94,-1.38,-1.2,-7.35,-1.34
7,-6.79,-9.29,-10.97,-11.69,-10.13,-6.6,-15.63,-9.64,-8.86,-0.78,-10.38,-7.77,-9.94,-2.7,-10.78,-11.04,-8.39,-4.14,-6.12,-9.64,-9.77,-5.91,-14.94,-3.28,-3.63,-5.77,-4.47,-10.2,-9.07,-4.51
8,-3.18,-4.26,-3.53,-10.43,-7.01,-3.59,-7.55,-6.4,-3.84,1.05,-5.29,-3.07,-4.07,0.49,-2.73,-7.77,-6.01,-2.76,-3.11,-8.48,-6.47,-3.03,-12.67,-2.63,-1.34,-2.08,-1.36,-1.84,-8.82,-2.52
9,-3.59,-2.13,-4.2,-6.72,-8.46,-3.93,-6.76,-5.42,-3.93,-1.56,-5.14,-2.26,-4.27,-0.54,-1.7,-7.68,-4.13,-1.67,-1.16,-8.02,-4.11,-3.82,-13.5,-1.77,1.31,-3.09,-2.41,-1.81,-6.12,-1.59
10,-3.66,-6.03,-7.92,-12.32,-14.48,-6.74,-12.34,-10.27,-6.53,-0.32,-8.44,-3.31,-10.48,-10.54,-9.18,-6.25,-9.67,-2.55,-2.38,-10.96,-8.75,-3.26,-19.51,-1.88,-0.65,-6.42,-2.91,-3.9,-7.17,-3.36
101,-1.69,-1.74,-2.61,-3.26,-2.39,-3.01,-2.49,-3.34,-3.46,-0.16,-2.62,-2.83,-3,1.27,-1.83,-3.08,-2.05,-1.32,-1.19,-3.04,-2.46,-2.38,-4.91,-1.25,-3.02,-2.26,-2.22,-0.17,-6.6,-2.48
102,2.85,5.09,2.06,1.72,2.14,2.9,1.77,1.62,1.96,5.3,3.29,2.37,0.85,6.56,4.11,1.74,1.88,4.1,2.27,1.57,1.97,3.51,0.11,4.47,3.47,3.09,2.29,5.94,0.05,3.64
103,2.55,4,3.33,2.69,2.3,2.25,2.08,1.26,2.37,5.11,3.18,2.41,0.92,6.51,4.55,2.32,3.69,3.67,3.8,2.18,2.96,4.34,0.57,4.84,3.09,3.39,3.53,4.93,-0.2,3.55
104,-4.52,-3.41,-4.29,-5.9,-5.06,-5.8,-5.53,-5.98,-5.03,-1.93,-4.42,-5.38,-5.95,-1.02,-3.84,-5.01,-4.03,-3.86,-3.67,-5.48,-4.61,-3.3,-8.01,-3.57,-5.23,-4.33,-4.45,-2.5,-9.12,-4.71
105,1.49,3.32,1.99,1.45,1.36,1.97,1.14,1.07,1.4,4.27,2.46,1.22,0.34,5.92,3.2,1.04,1.72,2.86,1.63,0.86,1.19,3.09,-0.76,3.92,2.66,2.03,2.22,4.76,-0.84,2.53
106,-5.24,-5.53,-4.4,-5.78,-6.73,-4.29,-6.2,-5.73,-5.04,-0.87,-4.12,-5.57,-5.43,-0.05,-3.32,-5.06,-3.75,-2.87,-2.99,-5.4,-5.56,-1.76,-9.91,-2.24,-2.97,-3.17,-3.74,-2.83,-8.11,-2.23
107,-4.78,-4.74,-5.41,-6.93,-5.99,-6.51,-7.09,-7.46,-6.94,-1.77,-4.74,-6.36,-6.67,-1.14,-4.43,-6.26,-4.78,-4.75,-4.37,-6.89,-5.04,-4.49,-9.87,-4.87,-5.51,-4.41,-6.05,-4.43,-10.44,-4.49
108,0.61,0.48,0.83,0.66,0.63,0.86,0.73,0.08,0.48,3.87,1.7,0.56,-0.08,4.87,2.43,0.64,1.89,1.94,1.73,0.26,0.98,2.65,-1.39,3.21,1.61,1.37,1.65,2.73,-1.84,1.95
109,-5.4,-5.2,-4.42,-4.96,-5.62,-3.31,-5.88,-4.34,-4.26,-0.61,-2.88,-4.64,-4.15,0.93,-3.35,-4.24,-3.3,-2.38,-2.76,-4.69,-3.99,-1.2,-7.24,-1.31,-2.47,-2.9,-2.78,-2.07,-7.44,-2.28
110,0.29,2.33,-0.1,-0.65,-0.41,0.4,-0.63,-0.82,0,3.3,0.81,-0.07,-1,4.38,1.64,-0.44,0.25,1.5,0.27,-1.04,-0.39,1.93,-2.87,1.96,1.42,0.69,-0.03,3.36,-2.82,1.63
111,1.93,4.31,1.52,1.23,1.46,2.2,1.07,0.96,1.49,4.83,2.57,1.47,0.49,5.99,3.29,1.21,1.63,3.24,1.67,0.71,1.27,3.24,-0.79,3.5,2.9,2.26,1.6,5.11,-0.59,3.25
112,-5.81,-4.43,-3.82,-5.16,-6.09,-2.97,-6.45,-4.2,-3.98,-0.56,-2.86,-4.64,-4.16,1.06,-2.92,-4.34,-2.35,-2.16,-2.44,-4.48,-5.1,-0.88,-8.13,-1.25,-1.89,-2.34,-2.33,-1.89,-7.3,-1.87
113,-3.77,-4.39,-3.51,-3.91,-4.03,-3.33,-3.99,-3.96,-3.08,-0.16,-2.06,-3.97,-3.69,1.24,-2.34,-3.12,-1.85,-1.78,-1.93,-3.66,-2.81,-1.09,-6.03,-1.03,-2.87,-2.48,-2.23,-1.14,-6.84,-1.96
114,-3.37,-3.91,-3.09,-4.22,-3.74,-4.17,-4.47,-4.66,-3.46,-0.87,-2.45,-4.9,-4.37,0.79,-3.02,-3.56,-2.2,-2.33,-2.36,-3.91,-2.9,-1.53,-6.64,-2.01,-3.69,-2.8,-2.78,-1.49,-7.52,-2.61
115,-4.86,-5.1,-4.31,-5.82,-5.24,-4.38,-6.28,-5.68,-5.39,-1.4,-4.44,-4.99,-5.42,-0.29,-3.11,-5.06,-4.14,-3.48,-3.83,-5.84,-5.05,-2.05,-8.63,-3.04,-3.52,-3.92,-4.13,-2.64,-8.4,-3.29
116,-2.33,-2.89,-3.45,-4.16,-3.71,-3.41,-4.22,-4.56,-3.63,0.17,-2.54,-3.19,-4.2,0.77,-1.91,-3.84,-2.9,-2.21,-2.39,-4.22,-3.42,-1.54,-7.22,-1.82,-2.3,-2.54,-3.07,-1.29,-7.24,-1.73
201,-7.68,-7.44,-7.56,-8.95,-8.98,-9.77,-10.26,-9.22,-9.77,-4.03,-7,-8.34,-8.25,-4.66,-6.07,-9.17,-6.47,-7.26,-5.56,-9.12,-7.21,-8.06,-13.18,-6.43,-7.94,-6.35,-9.2,-7.35,-12.78,-5.91
202,-0.84,1.61,-0.54,-2.83,-0.57,-1.95,-2.58,-2.96,-1.04,2.73,-0.29,-2.18,-3.26,1.66,0.22,-2.21,-0.22,0.13,1.51,-1.85,0.97,0.13,-5.94,0.35,-1.19,0.21,-2.03,0.57,-7.04,1.05
203,-1.4187,1.5917,-0.41598,-2.7973,-1.1687,-2.1619,-2.2769,-2.5014,-1.5287,2.5463,-0.040978,-1.3214,-3.0169,1.3558,0.32674,-2.2696,0.17086,-0.15462,2.2499,-0.97601,0.55631,0.20311,-5.2701,0.94949,-0.63234,-0.34232,-3.6896,-0.037808,-7.6542,-0.0078084
204,-5.5884,-4.0575,-5.44,-7.1054,-6.3028,-6.9011,-7.6113,-7.6405,-6.8917,-2.4217,-4.9732,-6.8809,-6.7234,-2.4909,-5.2006,-6.5167,-4.755,-5.2588,-3.9228,-6.884,-4.1057,-4.8647,-9.614,-4.494,-6.3011,-4.7398,-6.5367,-4.6563,-10.749,-4.5973
205,-4.38,-3.06,-4.61,-6.58,-5.5,-6.37,-7.09,-7.38,-6.75,-1.73,-4.08,-6.16,-6.28,-1.59,-4.06,-5.88,-3.8,-4.92,-3.42,-6.51,-3.7,-3.64,-8.93,-4.24,-5.78,-3.76,-5.81,-4.11,-9.94,-4.48
206,-2.3118,0.38635,-2.3301,-4.1983,-2.1893,-2.7811,-3.6605,-3.7611,-2.2696,1.8306,-1.4664,-2.6261,-3.8564,0.20879,-0.87402,-3.4976,-0.90956,-0.73315,0.69753,-2.2845,0.14797,-1.5688,-7.3719,-0.56421,-1.3761,-0.19305,-3.4177,-1.2806,-8.3575,-0.63297
207,-4.9415,-1.9275,-4.3875,-6.5197,-5.2249,-6.7133,-6.8871,-6.628,-5.49,-1.3844,-4.5225,-5.6469,-6.8292,-3.0371,-3.5204,-6.2474,-3.7204,-4.0939,-1.9689,-5.3068,-2.9092,-4.1157,-9.9776,-2.8999,-4.5379,-2.8946,-5.6231,-3.8524,-10.617,-3.0578
208,3.1145,5.6534,2.8568,1.6468,4.2122,3.3437,2.2389,1.3663,2.5411,6.4786,4.2934,2.3304,0.97373,6.605,4.7226,2.1542,4.2537,4.2845,5.2273,3.3696,3.2037,3.8025,-1.2515,3.6212,3.9357,4.1601,2.2116,4.1693,-3.1256,5.5201
209,-9.31,-8.6,-9.2,-10.84,-10.07,-10.8,-11.09,-10.73,-11.14,-4.96,-8.49,-9.46,-9.67,-5.89,-8.22,-9.87,-8.42,-8.46,-7.58,-9.98,-8.43,-9.13,-13.83,-7.6,-9.73,-8.03,-10.37,-8.84,-14.01,-7.02
210,-5.83,-3.91,-5.17,-7.69,-6.48,-7.14,-8.1,-8.25,-7.67,-2.08,-5.44,-6.5,-7.31,-3.34,-5.17,-6.9,-4.7,-5.31,-3.81,-7.28,-4.49,-5.36,-10.87,-4.82,-6.37,-5.02,-6.89,-5.74,-11.31,-4.39
211,5.3791,7.2829,4.7906,3.319,6.2268,4.9604,4.4472,3.3092,3.4266,7.9982,5.8513,5.0354,3.2305,8.2544,5.9659,3.3354,5.8491,7.0481,7.5517,5.0601,4.6176,5.9902,0.49472,6.4792,5.5541,5.9463,3.2152,6.4877,-1.4306,7.0361
212,4.35,6.08,3.88,2.3,4.46,3.56,2.9,2.09,2.55,5.96,4.08,3.83,2.31,6.88,4.55,2.95,4.79,5.08,6.47,3.54,4.66,4.62,-0.02,5.1,4.03,4.99,2.69,6.22,-2.2,5.88
213,4.85,7.31,4.36,3.16,6.09,4.42,4.3,2.85,3.19,8.08,5.73,4.37,2.98,8.14,5.68,3.07,5.54,6.21,7.21,4.71,4.28,5.77,0,5.65,5.5,5.48,2.57,5.29,-2.04,6.88
214,-2.25,0.34,-2.17,-4.12,-2.11,-2.74,-3.38,-3.37,-2.47,2.27,-1.31,-2.34,-3.86,0.32,-0.94,-3.38,-0.82,-0.55,1,-1.97,0.2,-1.04,-6.51,-0.5,-1.34,-0.52,-3.56,-0.96,-8.52,-0.81
215,-8.7535,-7.2691,-8.5517,-10.381,-9.6132,-9.9192,-10.843,-10.746,-10.435,-4.3652,-8.3957,-9.5438,-9.2242,-5.7101,-7.9919,-9.4625,-7.2253,-8.0962,-6.4542,-9.5409,-7.5389,-8.6541,-13.536,-7.3282,-9.3343,-7.6094,-10.068,-8.6473,-14.057,-7.0181
302,-6.66,-7.47,-7.23,-11.27,-10.19,-6.64,-6.83,-8.59,-9.22,-4.23,-7.44,-7.55,-6.73,-4.13,-6.91,-9.06,-7.79,-4.28,-7.02,-7.39,-8.19,-4.87,-10.69,-7.54,-4.5,-5.45,-6.92,-6.76,-11.02,-6.76
303,-7.01,-8.13,-8.52,-13.42,-10.48,-5.87,-10,-8.86,-12.17,-3.05,-5.8,-8.13,-9.1,-3.37,-6.78,-7.32,-9.05,-4.56,-8.01,-7.43,-7.75,-5.7,-10.32,-8.45,-6,-4.4,-7.47,-6.43,-8.02,-3.97
305,-8.97,-10.44,-9.85,-14.02,-11.11,-8.28,-12.1,-10.45,-11.88,-3.78,-7.82,-11.51,-9.83,-5.08,-10.36,-10.51,-10.19,-6.88,-9.24,-10.27,-9.86,-8.08,-13.15,-9.54,-6.5,-6.99,-9.08,-7.06,-13.74,-7.37
306,-7.72,-9.95,-8.98,-11.87,-9.85,-5.84,-11.04,-8.22,-10.39,-2.79,-5.37,-9.2,-7.39,-4.54,-7.85,-8.33,-7.7,-4.91,-7.15,-9.18,-8.28,-7.46,-9.93,-6.26,-5.21,-5.22,-5.77,-7.69,-9.74,-4.45
307,-7.37,-6.15,-8.88,-12.38,-10.63,-5.71,-7.41,-7.09,-10.18,-3.22,-5.85,-6.95,-7.45,-2.42,-6.12,-5.48,-9.52,-4.75,-10.53,-7.81,-8.26,-6.35,-10.17,-7.81,-6.12,-4.29,-7.16,-7.18,-7.7,-8.09
310,-11.74,-10.75,-11.16,-11.94,-12.82,-7.76,-12.37,-9.2,-5.6,-0.18,-5.49,-10.84,-12.09,-0.14,-8.01,-6.73,-5.67,-4.88,-4.88,-5.76,-6.73,-5.77,-8.54,-4.15,-2.92,-10.65,-8.2,-3.15,-9.59,-3.63
311,-10.38,-11.11,-8.86,-11.94,-12.1,-7.38,-13,-9.47,-8.8,-2.04,-7.85,-9.98,-9.43,-3.68,-8.39,-8.49,-9.9,-6.64,-7.01,-9.04,-9.43,-8.66,-10,-6.76,-3.61,-6.67,-8.66,-6.84,-10.82,-4.43
312,-4.66,-5.71,-6.08,-7.45,-5.12,-1.25,-4.56,-2.87,-5.18,0.66,-1.13,-4.12,-3.59,0.45,-2.97,-3.89,-2.97,0.94,-2.68,-4.21,-4.56,-3.37,-4.36,-1.89,-0.71,-1.92,-0.68,-3.98,-4.27,-0.67
313,-10.88,-11.68,-10.33,-13.93,-12.07,-7.83,-13.11,-10.56,-12.56,-3.62,-7.05,-10.87,-9.47,-4.6,-9.85,-9.11,-10.24,-7.05,-9.69,-10.54,-10.46,-7.88,-13.17,-10.06,-6.55,-6.24,-6.81,-8.63,-11.03,-5.53
314,-6.32,-5.55,-7.81,-11.93,-9.71,-4.3,-7.36,-6.57,-11.34,-2.49,-4.59,-6.05,-7.36,-1.72,-5.47,-5.06,-7.93,-3.16,-8.53,-6.52,-7.42,-5.91,-8.72,-7.38,-4.71,-3.1,-5.77,-5.88,-6.51,-5.36
315,-4.5383,-4.6836,-4.7235,-7.7147,-8.783,-5.031,-3.5873,-7.6793,-7.6851,-3.5062,-5.2935,-5.5494,-4.282,-2.2456,-4.6616,-7.4488,-6.5361,-3.4288,-4.9821,-5.722,-6.1541,-4.5092,-8.0284,-6.643,-3.9088,-3.7441,-5.7546,-5.0257,-9.782,-6.4157
316,-9.38,-10.71,-10.76,-14.58,-11.11,-7.23,-11.21,-9.62,-12.04,-2.67,-7.65,-10,-9.41,-5.29,-8.17,-8.65,-9.76,-5.83,-8.6,-8.25,-8.79,-7.42,-11.75,-9.21,-5.69,-5.35,-8.51,-7.25,-10.14,-5.13
317,-6.54,-4.66,-8.57,-10.98,-9.32,-5.29,-5.48,-6.11,-9.19,-2.55,-4.78,-6.04,-6.25,-2.42,-4.96,-5.37,-8.4,-3.08,-9.4,-6.16,-7.15,-4.55,-8.56,-7.31,-4.85,-3.17,-5.13,-6.02,-7.9,-6.93
318,-4.98,-4.26,-6.39,-9.43,-6.8,-2.89,-5.54,-4.41,-8.55,-0.96,-2.91,-5.19,-5.83,-0.2,-3.97,-4.24,-4.71,-0.83,-5.44,-5.1,-4.44,-3.7,-6.83,-4,-2.58,-1.72,-2.66,-3.87,-4.51,-1.73
319,-5.8,-4.98,-7.27,-10.87,-8.23,-3.94,-6.85,-5.56,-9.98,-2.3,-3.79,-6.3,-6.96,-0.93,-5.38,-5.08,-6.31,-2.34,-7.08,-6.32,-5.84,-4.7,-8.24,-5.52,-4.22,-2.94,-4.68,-4.25,-5.65,-3.08
320,-5.49,-7.2,-6.42,-8.23,-7.11,-1.69,-5.95,-3.52,-4.98,0.72,-1.43,-5.34,-4.98,0.33,-3.76,-5.29,-3.66,-0.27,-2.97,-5.4,-5.64,-5.3,-5.1,-1.85,-0.82,-3.06,-2.1,-4.87,-4.07,-1.17
321,-10.66,-10.41,-8.97,-11.02,-11.93,-7.03,-13.73,-9.23,-8.63,-2.34,-6.78,-10.58,-8.92,-3.7,-8.23,-9.73,-6.61,-6.5,-7.26,-9.61,-8.61,-9.77,-10.8,-5.87,-3.98,-6.75,-8.98,-6.68,-11.05,-5.06
322,-5.49,-6.35,-7.11,-9.93,-6.36,-3.64,-6.93,-4.92,-8.84,-1.78,-3.04,-6.32,-6.09,-2.4,-5.03,-5.03,-5.52,-1.96,-5.22,-6.21,-5.66,-4.48,-7.01,-4.59,-3.4,-3.02,-3.45,-5.35,-6.88,-2.89
323,-8.45,-8.56,-9.2,-13.81,-11.1,-8.09,-10.11,-9.6,-13.94,-5.73,-8.97,-9.28,-10.07,-5.86,-8.58,-10.62,-10.76,-5.93,-9.82,-10.3,-10.31,-6.98,-13.01,-9.94,-8,-6.72,-9.36,-8.73,-12.42,-8.64
401,-5.59,-5.36,-7.32,-8.94,-8.26,-5.02,-8.68,-6.88,-8.87,-3.25,-5.93,-7.89,-6.48,-2.48,-8.3,-7.2,-6.61,-4.07,-8.43,-8.56,-7.43,-6.66,-9.9,-6.2,-3.9,-4.09,-5.01,-6.12,-8.43,-5.51
402,-6.95,-7.69,-8.19,-8.97,-9.04,-6.81,-9.89,-7.46,-11.18,-3.99,-6.86,-10.03,-6.95,-4.88,-8.04,-7.53,-7.8,-3.87,-8.37,-8.72,-7.23,-9.24,-10.13,-7.23,-4.95,-5.78,-6.39,-7.84,-9.08,-6.74
403,-7.5779,-5.0116,-9.7347,-12.287,-10.568,-6.1487,-8.8194,-7.534,-10.252,-4.3784,-6.1968,-8.4521,-7.0356,-2.8025,-7.4717,-7.0735,-10.302,-6.1197,-10.816,-9.2967,-9.0936,-5.8104,-10.274,-8.4896,-4.8995,-5.4849,-6.8548,-7.8758,-8.2642,-8.0777
404,-4.82,-5.92,-6.75,-7.41,-7.74,-4.63,-6.64,-4.02,-8.25,-1.14,-2.39,-7.85,-3.95,-2.19,-5.68,-6.23,-4.59,-1.25,-5.86,-5.98,-6.79,-8.92,-6.98,-4.43,-2.27,-2.97,-3.25,-6.03,-5.22,-3.96
405,-7.68,-6.86,-9.45,-11.21,-10.53,-6.41,-11.73,-8.26,-10.82,-4.79,-7.39,-8.86,-7.7,-3.23,-8.19,-8.87,-8.76,-6,-10.76,-10.58,-9.4,-7.48,-11.58,-8.08,-4.83,-5.12,-7.68,-7.28,-10.21,-8.76
406,-5.6763,-2.8943,-9.0793,-11.578,-8.9971,-4.0982,-6.4297,-7.1252,-7.8328,-2.7986,-3.0038,-7.9537,-3.9355,0.67138,-4.1206,-3.6609,-11.391,-3.3014,-6.7176,-5.5733,-7.2432,-3.7353,-9.2325,-8.4821,-2.006,-3.1985,-4.2045,-4.9173,-5.3428,-4.7102
407,-6.27,-7.57,-8.47,-8.86,-8.48,-3.72,-7.29,-5.67,-7.57,-0.64,-3.74,-8.41,-5.81,-2.31,-6.12,-7.11,-5.38,-1.86,-6.69,-8.16,-7.5,-8.38,-6.84,-4.37,-2.05,-5.14,-4.27,-6.48,-5.93,-3.76
408,-5.55,-7.19,-6.29,-8.09,-7.36,-2.66,-6,-4.08,-5.48,0.59,-2.48,-6.68,-4.56,-0.07,-4.73,-5.75,-3.39,0.07,-4.14,-5.96,-5.95,-6.06,-5.6,-2.56,-1.32,-3.15,-2.49,-4.35,-4.75,-1.82
409,-5.5,-4.86,-5.23,-7.38,-6.42,-3.38,-6.85,-5.75,-6.25,0.07,-4.35,-6.99,-5.64,-1.18,-5.96,-5.56,-4.56,-1.5,-6.04,-6.77,-5.88,-6,-7.1,-3.83,-1.53,-2.75,-3.25,-5.1,-5.87,-2.72
410,-6.94,-7.09,-7.02,-8.38,-9.43,-3.11,-6.25,-3.54,-5.75,0.79,-2.18,-8.38,-5.28,-1.07,-5.12,-7.51,-4.21,-1.05,-5.06,-8.76,-7.88,-9.65,-6.78,-2.34,-0.74,-7.12,-3.74,-6.04,-3.84,-3.09
411,-7.16,-8.71,-8.45,-10.33,-10.1,-5.57,-8.88,-5.6,-8.26,-1.25,-4.13,-10.48,-5.82,-3.35,-7.09,-8.21,-5.55,-3.33,-7,-9.86,-8.82,-9.94,-9.81,-4.69,-3.21,-5.98,-6.1,-6.46,-6.43,-3.27
412,-9.26,-10.56,-11.76,-12.04,-10.48,-9.13,-12.23,-9.14,-11.06,-4.73,-7.71,-12,-8.87,-6.69,-10.71,-9.85,-7.91,-6.49,-8.78,-12.43,-10.34,-9.39,-12.63,-6.9,-6.25,-6.97,-9.06,-9.25,-11.36,-6.27
413,-7.36,-8.24,-8.41,-9.29,-9.4,-7.97,-11.26,-8.64,-11.9,-5.39,-7.6,-10.16,-8.74,-5.64,-9.55,-7.94,-9.05,-4.92,-9.03,-8.99,-7.92,-8.82,-11.19,-8.54,-6.33,-6.29,-7.41,-8.23,-10.06,-7.3
414,-9.46,-7.97,-11.63,-13.14,-11.63,-8.02,-12.07,-10.17,-13.62,-7.79,-8.9,-10.28,-10.26,-6.62,-9.08,-8.8,-11.95,-8.61,-11.46,-10.47,-11.07,-8.43,-12.2,-10.68,-7.9,-8.35,-9.72,-9.08,-12.26,-9.6
501,-2.824,-0.39016,-5.5737,-3.1617,-5.6425,-0.094838,-5.4728,0.079321,-4.9549,2.0299,-0.46752,-3.7403,-3.1022,1.3307,-0.73676,-1.269,-0.37732,1.2344,-1.5227,-2.7531,-0.68736,-0.16116,-5.0281,-0.52408,-1.6824,-0.77116,-1.9146,-2.0331,-0.8514,-0.8808
502,-2.4,-1.2,-5.98,-5.41,-8.21,-0.19,-7.47,-1.12,-4.86,2.47,-2.09,-2.27,-3.36,1.05,-1.79,-2.71,0.09,0.79,-0.2,-4.18,-2.63,-2.84,-7.61,-1.29,-0.6,-0.42,-1.18,-2.29,-1.71,-0.58
503,-3.85,-3.58,-6.03,-4.79,-8.27,-2.48,-6.47,-2.43,-7.19,0.34,-1.52,-6.34,-4.23,-1.35,-4.05,-3.86,-3.34,-0.29,-5.08,-6,-4.15,-6.49,-7.03,-2.34,-2.84,-2.49,-2.83,-3.74,-3.13,-3.21
504,1.68,2.44,0.14,2.02,2.77,4.37,-0.21,2.76,-0.4,5.77,5.61,0.25,1.17,4.79,3.85,3.6,3.47,5.37,1.84,2.62,3.62,3.4,0.89,2.06,3.01,3.81,2.65,3.1,3.5,1.87
505,-6.94,-7.64,-9.85,-10.18,-15.01,-6.33,-12,-6.04,-7.76,-1.42,-6.28,-9.22,-8.67,-3.6,-6.08,-9.27,-6,-5.53,-3.1,-10.98,-9.01,-12.04,-13.22,-4.34,-4.99,-4.85,-6.36,-7.33,-5.59,-4.05
506,5.07,6.07,4.14,5.74,6.92,7.11,3.52,4.9,4.24,9.18,9.53,4.36,5.17,7.93,6.42,7.92,6.97,8.28,5.04,6.08,6.2,6.89,2.44,4.84,6.53,6.78,5.93,6.44,6.22,5.87
507,-4.96,-3.51,-7.66,-7.71,-9.29,-2.52,-9.01,-3.49,-6.1,0.64,-3.64,-4.16,-7.18,-0.65,-3.05,-3.66,-2.8,-1.59,-0.06,-7.26,-4.99,-2.59,-11.49,-1.82,-1.42,-2.31,-3.19,-5.25,-3.58,-1.1
508,0.95,2.88,-0.9,1.5,2.14,3.65,-1.15,2.86,-0.92,5.73,5.18,0.03,0.97,4.35,3.39,3.77,3.56,5.04,1.55,1.83,2.97,3.83,-0.01,1.6,2.25,3.29,2.24,2.85,3.04,1.65
509,-3.5372,-3.1165,-5.98,-4.7399,-8.3498,-2.2579,-7.0085,-2.0005,-6.2552,0.78769,-1.7596,-6.5201,-3.7948,-1.1383,-3.3307,-3.8166,-1.9584,-0.16333,-4.2838,-5.4076,-4.3149,-6.3764,-7.21,-1.6941,-2.2356,-1.6627,-2.7903,-3.4122,-2.9965,-1.6714
510,-5.76,-4.1,-9.35,-8.41,-11.04,-2.63,-9.52,-3.78,-6.01,0.82,-3.72,-5.65,-6.78,-1.04,-3.94,-5.46,-3.99,-2.01,-1.29,-8.49,-6.45,-5.8,-11.84,-2.78,-2.05,-2.53,-3.74,-5.19,-4.24,-1.61
511,-5.06,-2.81,-8.79,-8.77,-9.77,-1.06,-10.49,-3.04,-5.79,1.71,-3.87,-3.55,-5.34,-1.29,-4.56,-4.27,-2.4,-0.56,-0.48,-8.2,-5.09,-3.79,-11.69,-3,-2.01,-1.66,-3,-4.16,-4.28,-1.05
512,-0.99,-0.02,-2.94,-1.21,-1.3,1.36,-2.88,0.77,-3.77,3.08,2.75,-3.24,-1.57,2.21,0.39,0.84,0.34,2.91,-1.45,-0.97,1.04,0.89,-1.85,0.55,-0.32,0.74,0.02,-0.32,0.57,0.02
601,12.67,11.27,10.53,10.23,10.26,13.15,8.42,11.03,10.45,13.93,13.89,12.24,9.01,13.9,12.46,12.2,12.96,14.92,10.12,10.33,10.92,10.18,9.88,11.01,13.99,12.82,10.13,11.28,11.28,10.66
602,6.34,7.4,3.65,5.14,5.44,8.02,3.18,7.48,5,10.26,6.83,6.64,3.9,8.2,7.38,7.76,7.94,7.74,5.82,3.92,7.41,8.02,4.11,5.87,8.05,6,6.54,6.7,6.04,6.56
603,10.772,10.574,9.8666,9.5464,9.7639,13.084,9.0854,10.862,10.333,13.613,11.715,11.527,8.3699,13.476,11.279,11.067,11.197,13.776,9.9095,9.7664,10.642,11.404,8.8367,10.158,12.511,11.977,9.5847,10.971,11.1,10.33
604,-1.31,0.01,-2.32,-1.56,0.39,1.41,-5.49,-0.35,-1.29,3.26,0.13,0.5,-3.49,2.23,1.48,-2.14,1.4,0.14,-0.53,-3.08,-2.27,-2.17,-5.11,1.87,0.41,-0.58,-2.19,-2.28,0.85,-2.03
605,12.15,10.86,10.63,9.5,9.89,13.13,8.87,10.94,10.42,13.97,12.53,11.79,9.19,14.45,11.52,10.88,12.61,14.11,9.96,9.77,10.52,11.13,9.53,10.61,12.26,12.39,9.68,11.21,10.98,9.61
606,9.5149,9.8507,7.7025,8.0777,9.6369,11.684,6.6534,9.7857,9.2071,12.527,10.251,10.069,5.6382,12.944,10.516,8.8366,10.53,10.757,9.3977,8.2374,9.3155,10.399,7.6675,9.6779,10.797,10.049,6.8981,9.5481,9.4186,8.6745
607,11.75,10.85,10.45,9.95,9.61,12.86,8.18,10.97,10.36,13.82,12.9,12.18,8.48,12.66,11.24,12.07,11.89,14.54,9.93,9.02,10.83,10.32,9.29,10.46,13.69,12.69,9.99,10.99,11.5,11.4
608,3.59,4.33,1.44,2.8,3.45,4.75,0.08,4.11,1.96,7.43,4.47,4.49,0.35,6.12,5.08,4.47,5.25,5.2,3.65,1.16,4.57,5.36,2.05,4.4,5.77,2.88,2.59,3.29,3.72,3.61
609,10.912,10.73,8.7876,8.7197,9.6383,12.955,8.913,11.099,9.9032,13.853,12.296,11.648,8.2557,13.047,11.177,11.948,10.986,14.442,7.9932,9.7114,10.503,11.474,8.4737,9.8444,13.412,11.985,10.068,10.831,10.905,11.061
610,9.702,9.247,8.4124,8.5662,8.8828,11.327,7.1489,10.041,9.0576,12.29,9.8731,9.695,6.4465,13.071,10.813,9.1836,10.538,11.779,9.3024,8.9829,9.5968,10.443,8.1581,8.6289,11.198,9.9261,7.4272,9.8735,9.3772,8.7145
611,11.49,10.96,10.66,10.05,9.75,13.2,8.56,11.04,10.44,14.01,13.12,12.49,8.96,13.45,11.61,11.59,12.3,14.67,10.15,9.49,10.94,10.71,9.6,10.78,13.34,12.73,10.08,11.17,11.51,10.45
612,9.9292,9.9004,8.7062,9.0676,9.3448,11.664,7.8022,10.81,10.038,13.025,10.936,10.01,6.5693,13.059,11.781,10.713,11.398,11.638,9.9491,9.0952,10.582,11.089,8.5777,9.102,11.898,10.157,8.2805,10.166,9.9707,8.6249
613,3.7192,4.3529,2.782,3.4087,4.3989,5.6743,1.4152,4.7028,3.1892,8.3027,5.5433,5.1383,0.45652,6.9683,5.9561,4.6354,6.0309,5.857,3.8144,2.059,5.0167,5.7567,2.8006,4.9315,6.3507,3.7076,2.4222,4.1253,4.2316,3.4989
614,10.68,10.65,8.33,8.47,9.41,12.48,7.59,11.02,10.23,13.84,11.67,10.82,7.5,13.16,12.06,11.4,12.05,12.01,8.27,9.82,10.69,11.41,8.41,9.49,12.56,11.46,9.44,10.46,10.17,10.22
615,3.07,3.58,1.64,2.47,4.2,4.53,-0.03,3.77,2.52,7.25,3.25,4.09,-1.21,6.18,5.02,2.72,4.88,3.85,4.89,1.67,2.37,1.47,0.3,4.78,5.45,3.01,1.06,3.07,4.29,3.03
616,10.5,10.14,9.15,8.71,9.42,11.98,7.4,10.39,9.71,13.12,10.89,10.48,7.4,14.09,11.57,9.53,11.17,12.96,9.52,9.31,9.97,10.58,8.67,9.6,11.39,10.98,8.08,10.7,9.76,9.97
617,4.42,5.27,3.18,4,4.71,5.52,1.97,5.11,3.09,8.96,5.81,5.52,0.63,7.3,6.04,4.65,6.66,6.3,4.54,2.12,5.85,6.19,3.23,4.91,7.07,3.85,3.7,5.02,4.54,4.9
618,11.73,11.09,10.3,9.13,10.39,13.07,8.18,11.09,10.15,13.7,12.69,11.37,8.79,14.74,12.26,10.83,12.16,13.93,10.02,10.41,10.18,10.95,9.64,10.36,11.8,12.16,9.1,11.61,10.45,9.97
701,-3.89,-0.6,-3.21,-3.1,-2.53,0.09,-5.7,-5.83,-2.72,-0.21,-9.43,0.11,-2.6,-0.98,-2.64,-2.39,-0.97,-1.94,-8.02,-3.98,-3.93,-2.47,-6.4,-2.21,-0.01,-0.21,-1.63,-1.88,-5.25,-5.29
702,1.15,6.13,3.6,2.58,1.22,3.87,-1.15,0.19,3.71,6.5,-2.34,2.06,0.88,5.62,3.41,2.66,5.91,2.6,1.58,3.74,2.97,3.81,0.26,4.63,6.52,5.21,4.27,3.15,1.91,2.04
703,-5.76,-4.88,-8.92,-8.45,-4.65,-3.76,-9.56,-6.72,-4.96,-3.05,-10.42,-5.55,-8.93,-2.68,-6.26,-7.04,-5.46,-5.4,-10.12,-8.88,-9.68,-9.78,-9.38,-2.64,-3.44,-3.28,-7.88,-4.22,-6.76,-6.77
704,6.07,9.55,6.55,4.56,3.38,7.76,3.18,4.95,7.76,9.67,2.13,3.52,3.12,7.49,6.47,7.1,9.06,5.37,5.96,7.33,4.73,7.32,2.26,7,9.28,7.07,6.19,7.54,4.66,6.9
705,4.91,10.31,7.04,7.99,5.42,7.61,3.44,4.55,7.43,8.73,2.26,3.94,4.04,8.66,7.97,6.72,8.94,7.11,5.19,6.99,6.96,7.71,3.66,8.22,8.62,8.82,7.38,7.15,4.11,4.65
706,-0.72,0.24,-5.71,-5.43,-2.21,-1.1,-6.77,-2.65,-0.36,1.7,-5.4,-1.64,-4.06,-0.64,-2.56,-4.26,-0.83,-3.4,-5.95,-3.61,-4.33,-8.05,-7.59,0.8,-0.64,-1.54,-3.24,-2.46,-2.96,-0.5
707,2.4322,5.5923,1.5366,0.90006,0.58219,3.373,-1.347,1.0555,3.7293,5.0615,-1.1692,1.255,0.4599,4.488,1.1655,2.612,5.0159,2.1744,0.95083,2.6438,0.77605,2.6037,-0.68708,3.8416,4.5223,4.1949,2.0606,3.0788,1.4373,2.4477
708,4.33,8.33,5.84,3.73,1.89,6.1,1.24,2.63,5.7,8.33,0.67,2.44,2.22,6.59,4.87,5.1,7.99,3.95,3.7,5.86,3.69,5.85,1,6.25,7.69,5.79,5.56,5.42,2.69,4.54
709,3.78,6.51,3.37,2.27,2.06,5.68,0.51,3.32,5.65,7.91,1.55,2.6,1.98,6.06,3.19,5,6.01,4.01,4.6,4.22,2.97,5.12,0.81,4.49,5.97,6.04,2.52,4.39,3.49,4.27
710,5.23,8.23,4.8,5.68,5.88,7.9,2.95,5.09,6.88,10.05,6.82,7.68,2.71,9.68,6.73,6.71,7.85,6.88,7.42,6.27,5.97,7.11,3.76,7.04,7.62,7.85,3.47,5.83,7.59,7.13
711,9.9695,14.613,10.669,10.802,10.986,11.066,7.5708,9.3173,11.328,11.491,6.5323,8.5441,8.2997,12.698,11.782,12.242,12.893,11.288,10.495,10.594,10.147,11.874,7.296,12.112,13.72,12.037,11.286,12.675,8.8807,11.536
712,0.94,4.28,-0.21,0.68,0.39,1.58,-2.44,-0.16,2.55,3.12,-3.59,0.68,-0.91,2.37,0.64,0.17,3.88,-0.06,-2.74,0.4,-0.76,-0.62,-2.25,3.56,3.7,3.2,1.63,1.96,0.65,2.18
713,4.3062,6.4431,2.1665,3.9461,5.1012,6.2899,1.1382,4.0263,5.772,8.4581,5.128,6.1178,0.43693,7.4584,4.6734,4.2449,6.1859,4.6338,5.9727,3.9201,4.3167,5.5048,1.9483,6.297,6.1281,5.6371,1.9119,4.5885,5.8849,4.4272
714,-0.33,5.8,3.09,3.11,1,3.63,-0.7,-0.27,2.95,6.72,-3.68,2.77,1.72,4.89,4.26,2.35,5.78,2.56,0.64,3.09,2.52,3.57,-0.02,4.83,6.76,5.33,4.64,2.89,2.56,0.11
715,10.82,15.79,11.85,11.61,12.53,12.89,8.85,10.85,12.22,11.25,10.6,11.25,9.63,14.85,13.91,14.05,14,12.72,12.81,12.2,11.91,13.08,8.64,12.63,15.43,14.05,13.04,14.41,11.4,12.91
716,1.62,5.91,3.02,2.22,0.37,4.37,-0.74,0.11,2.94,3.82,-2.84,1.79,0.99,4.85,1.93,2.49,5.61,2.33,0.48,2.49,1.07,3.42,-0.24,4.26,5.32,4.81,3.65,2.77,1.43,2.17
717,-3.99,1.79,0.06,-1.31,-2.02,1.22,-5.04,-3.98,-1.61,1.73,-8.41,0.03,-0.77,0.56,1.35,-1.52,1.59,-1.29,-5.42,-1.3,-2.46,-0.52,-5.33,-0.11,2.27,0.64,-0.08,-0.67,-1.48,-3.13
718,-3.9288,2.2811,-1.5164,-1.5724,-1.4668,0.92952,-4.7447,-3.7007,-1.5361,1.0574,-8.0663,-0.37326,-2.1546,0.096794,-1.2775,-1.7642,1.3622,-1.7649,-6.6758,-2.6459,-3.9119,-1.2351,-5.0156,-0.59515,1.5584,0.89905,-0.42916,-1.2063,-1.9966,-3.1852
719,8.53,12.88,9.53,10.02,7.95,8.97,5.71,7.4,9.83,10.67,4.7,6.19,6.44,10.55,10.11,9.68,11.03,9.68,8.23,9.19,9.07,10.19,5.78,10.82,11.21,9.58,10.09,10.3,6.74,9.12
720,9.16,12.82,9.33,9.66,7.57,11.11,6.78,9.33,10.33,12.12,6.16,8.15,6.58,11.54,11.32,11.8,11.97,10.11,10.84,10.05,9.19,11,5.92,10.47,12.84,11.2,8.75,10.56,8.64,10.3
721,10.87,15.24,11.37,10.43,11.16,13.12,8.58,10.95,11.62,13.26,11.19,11.59,9.27,15.22,12.85,13.62,13.54,12.65,12.87,11.94,11.43,12.26,8.48,12.15,14.65,13.79,11.81,12.76,11.26,12.55
722,8.14,11.76,8.64,8.2,7.95,11.03,5.88,8.41,9.22,11.99,8.15,9.12,7.18,12.44,10.14,10.63,10.98,10.17,9.91,9.32,8.59,9.91,6.64,9.34,11.75,11.15,7.17,8.91,9.64,9.55
801,1.5771,7.526,2.6816,4.6228,2.8677,3.4322,-0.81773,0.58669,3.7089,5.649,-1.0599,0.87471,2.8658,4.8472,4.7406,3.7662,6.194,3.5487,0.57504,4.2161,3.8596,3.9253,-1.6137,5.0218,6.6272,4.4501,4.6894,3.2742,0.43406,2.321
802,2.1933,9.09,7.9422,7.3189,4.9427,4.1561,4.1702,5.5588,5.5244,8.795,3.0442,8.603,8.5997,7.7149,8.3523,4.0838,8.7608,5.6967,5.1934,8.3217,7.0819,7.3993,2.007,7.9722,9.2301,8.0477,5.8097,7.5094,2.7003,6.2602
804,-3.6278,3.7874,2.5083,2.4543,-0.83046,2.2457,-2.3534,-2.0159,0.73576,5.6196,-4.8647,4.3499,3.6193,0.64433,4.2399,-0.14982,3.9007,0.091336,-0.75853,1.7924,1.0731,2.4327,-3.5287,3.8515,5.0875,3.2848,2.0877,1.0782,-0.25502,0.014793
805,-4.2562,0.577,-0.93397,-1.2448,-4.6394,-1.445,-4.4829,-4.0157,-1.6184,3.7524,-5.1354,0.49106,-0.37165,0.44459,-0.38244,-2.7722,1.5197,-1.2321,-2.3037,0.055917,-1.125,0.18968,-6.1983,1.5241,1.8176,-0.23603,-0.74357,-1.0906,-4.3801,-1.7982
806,-1.28,5.19,2.49,3.36,0.7,2.99,-2.07,-1.04,2.19,5.59,-3.27,0.89,1.92,3.65,4.63,0.78,5.09,2.91,-0.18,2.36,1.82,3.04,-2.64,4.5,5.72,4.43,4.15,1.93,1.56,-2.2
807,-3.89,3.57,1.98,1.51,-0.55,1.68,-3.14,-2.87,0.46,5.36,-6.21,2.41,1.84,2.01,3.63,-0.37,3.33,-0.22,-2.03,0.85,1.26,2.13,-3.32,2.53,5.34,2.84,2.12,0.05,-0.03,-2.29
808,2.77,9.87,8.51,8.81,5.46,5.18,3.98,5.19,6.07,8.76,3.45,8.64,9.27,8.99,8.32,5.43,9.77,6.54,5.94,8.76,7.34,7.74,2.98,9.29,9.79,9.13,7.08,8.86,3.54,7.93
810,-9.04,-0.71,-3.69,-0.33,-4.54,-3.16,-7.64,-7.61,-4.75,3.05,-8.86,-1.97,-2.92,-1.8,0.26,-4.41,0.24,-2.44,-8.02,-3.23,-4.11,-0.72,-7.9,-1.24,0.71,0.5,-1.72,-3.31,-4.11,-6.7
812,2.94,7.42,7.33,6.83,1.83,4.68,2.3,3.57,3.89,6.39,0.48,7.96,7.04,6.73,5.82,4.22,7.23,4.37,5.06,6.84,6.27,6.17,0.1,9.15,8.54,6.74,4.79,6.16,1.82,6.52
1001,0.98,1.88,0.74,-0.25,-2.15,-0.39,-4.65,0.93,0.74,1.71,-2.68,4.18,2.36,2.07,4.24,-2.78,4.33,1.2,2.3,1.48,1.38,1.79,-4.52,-1.09,0.36,2.5,0.42,3.27,-2.64,1.86
1002,-0.22,4.17,1.34,-0.8,-3.34,3.47,-2.3,-2.37,0.01,2.35,-6.09,2.91,1.23,1.22,3.79,-1.01,3.26,0.82,0.33,1.09,1.47,1.2,-4.52,1,2.66,2.01,1.89,2.18,-3.19,3.12
1003,-0.21,2.89,0.74,-2.22,-3.72,3.65,-2.21,-3.06,0,-0.21,-5.01,-0.02,-2,2.77,3.26,-3.54,3.77,1.41,1,-0.03,0.12,0.8,-5.75,0.65,3.2,2.5,2.12,2.12,-2.91,2.27
1004,-8,-9.2,-9.05,-11.4,-9.57,-4.51,-11.95,-8.36,-7.61,-1.52,-7.19,-5.01,-8.63,-5.45,-6.12,-9.78,-5.8,-4.32,-9.57,-9.98,-13.8,-9.5,-13.77,-3.65,-4.15,-4.35,-4.76,-5.93,-8.01,-5.12
1005,-4.87,-9.5,-11.49,-12.14,-8.8,-8.12,-13.7,-8.78,-7.82,-5.68,-12.01,-10.37,-13.54,-3.19,-8.84,-9.1,-9.68,-5.44,-9.74,-10.28,-12.35,-14.15,-12.23,-4.16,-6.97,-5.62,-9.2,-6.11,-10.57,-5.48
1006,-10.015,-11.3,-10.984,-13.304,-10.155,-5.9196,-13.309,-9.6793,-10.641,-3.0553,-8.2663,-6.7475,-10.361,-6.9223,-9.0735,-10.917,-7.6016,-7.555,-11.419,-10.899,-14.469,-10.649,-14.478,-3.7428,-5.9155,-7.0235,-7.2718,-9.5813,-8.4226,-7.0544
1007,-13.65,-10.32,-12.77,-14.26,-10.04,-9.9,-14.5,-10.48,-13.23,-7.73,-11.4,-10.92,-11.9,-9.05,-11.47,-11.51,-11.72,-10.44,-12.66,-13.67,-13.72,-13.25,-15.49,-8.63,-9.21,-9.67,-13.35,-14.55,-9.32,-10.57
1008,0.4,3.09,0.37,-2.27,-3.51,3.63,-2.05,-3.2,0.03,0.06,-4.9,-0.37,-3.18,2.63,3.34,-3.08,3.62,1.37,0.35,-0.1,1.07,1.14,-5.76,0.89,3.66,2.86,2.22,2.37,-3.16,2.61
1009,-3.48,-2,-3.99,-4.23,-3.59,-0.25,-6.25,-6.81,-3.17,-0.62,-8.58,-0.34,-5.78,-1.43,-1.36,-4.27,-1.36,-2.43,-5.25,-4.09,-4.27,-2.91,-7.62,-2.62,-0.94,-1.07,-2.34,-1.87,-5.1,-1.53
1010,-2.44,-1.26,-1.33,-4.87,-5.66,-4.48,-7.86,-3.74,-1.79,-0.55,-4.62,0.24,-1.61,0.11,-0.11,-6.3,-1.01,-1.55,-0.79,-4.67,-3.67,-3.54,-10.06,-2.7,-1.72,-2.43,-1.8,0.47,-7.26,-2.54
1011,-3.75,-6.23,-5.89,-10.19,-6.86,-3.28,-9.5,-6.08,-5.18,1.56,-5.8,-4.21,-5.31,-2.2,-3.21,-7.78,-4.46,-2.45,-5.61,-7.83,-9.22,-5.22,-13.08,-2.47,-2.07,-1.35,-1.92,-3.55,-7.64,-2.48
1012,-3.3,-4.03,-3.39,-5.86,-3.72,1.78,-4.98,-6.03,-3.25,-2.89,-5.75,-1.53,-8.06,0.75,-0.52,-7.84,1.26,-0.96,-5.69,-6.19,-3.31,-2.82,-10.82,-0.57,2.37,0.66,-0.14,-0.35,-5.17,-0.32
1013,1.6406,4.4995,3.0496,1.954,-0.44424,2.4835,-0.38914,2.3922,2.5003,4.1287,-2.3093,5.2843,4.8522,3.3456,5.6233,-1.0158,5.3625,1.9848,4.5553,3.1382,2.7311,3.7327,-3.9321,1.8191,2.3611,2.6839,3.6003,3.7629,-0.56899,5.0439
1014,-5.27,-4.29,-4.1,-6.65,-4.86,-0.3,-5.8,-5.69,-2.29,-0.79,-6.03,-1.69,-3.94,-0.26,0.37,-7.67,1.19,-1.57,-4.14,-6.33,-7.28,-3.37,-11.75,-1.5,-0.23,-0.36,-0.66,-1.24,-5.84,-1.31
1015,-2.74,-0.79,-2.65,-3.95,-5.12,-3.77,-7.91,-3,-1.73,0.11,-5.05,1.5,-1.21,-0.82,0.93,-5.53,0.68,-1.26,-1.1,-2.74,-1.86,-2.72,-7.93,-3.17,-2.79,-1.38,-1.9,0.78,-6.98,-1.41
1016,-2.9741,-2.0431,-2.1874,-5.0455,-5.9879,-2.0297,-5.1995,-5.0117,-2.354,0.42496,-5.4951,0.14033,-2.7108,-0.62766,1.3718,-5.8851,0.75878,-0.57914,-2.335,-4.1775,-4.003,-2.1184,-9.7143,-1.9395,-1.5545,-0.62941,-0.75303,-1.0151,-4.7673,-1.8565
1017,-1.42,0.15,-1.63,-3.72,-3.47,2.41,-3.86,-5.19,-1.49,-0.63,-5.92,-0.56,-5.46,0.77,1.7,-3.98,1.37,-0.42,-3.37,-3.3,-1.15,-1.16,-7.52,-0.38,2.7,1.39,0.13,0.49,-3.89,0.5
1018,2.74,4.57,3.09,1.32,-2.3,1.03,-4.58,1.95,1.68,3.66,-0.17,5.05,3.76,4.97,4.61,0.19,4.83,2.7,4.79,1.42,3.48,3.32,-4.87,1.01,3.26,3.44,1.97,5.39,-1.68,1.56
1019,-7.72,-8.34,-6.26,-8.26,-5.38,-1.17,-8.22,-6.83,-3.69,-2.73,-6.76,-3.19,-6.77,-1.05,-2.54,-10.16,-0.26,-2.3,-6.12,-8.4,-10.63,-5.04,-13.05,-2.17,-0.67,-1.35,-1.78,-2.81,-6.98,-2.33
1020,-9.57,-11.9,-10.78,-14.09,-7.74,-6.7,-12.3,-9.1,-8.48,-3.59,-7.91,-6.39,-11.51,-5.81,-9.04,-12.01,-6.15,-8.17,-11.09,-10.15,-14.99,-12.02,-14.36,-3.44,-5.47,-5.55,-5.43,-8.77,-8.5,-6.75
1101,6.2589,12.205,11.569,11.642,6.2065,9.7587,8.15,8.9,9.5662,11.016,6.0123,11.98,11.483,11.482,12.881,9.6002,12.92,10.098,7.825,10.92,9.8909,11.687,5.754,9.788,10.725,12.61,9.1014,11.523,8.0511,9.035
1102,16.288,21.249,19.533,19.746,17.958,19.658,15.719,17.022,18.636,16.833,15.987,16.507,17.705,19.873,21.037,19.7,21.141,20.178,16.511,17.135,17.664,20.428,14.613,16.855,18.744,21.117,18.721,19.262,17.373,18.028
1103,2.16,6.98,8.56,6.39,0.56,5.18,4.74,4.99,4.74,8.37,2.31,8.04,7.14,7.4,7.16,4.89,8.5,5.18,3.05,5.01,4.72,7.49,0.54,5.65,7.22,7.98,5.35,5.96,4.66,4.86
1104,2.2583,8.4197,8.1606,8.453,4.1462,4.3484,4.5088,4.1205,3.974,4.6011,-0.15017,6.972,7.823,8.0826,5.4956,5.466,7.1349,5.2616,5.327,6.0149,6.3401,6.1857,-1.1651,8.6201,9.3076,8.2144,5.0939,6.2492,-0.82229,6.1366
1105,0.78768,6.829,5.7596,6.4435,0.7395,3.864,3.3036,2.5651,3.8629,7.6622,1.0779,6.198,6.5938,6.2248,5.917,3.6551,7.4924,4.1853,3.5982,5.4376,4.3861,5.8209,1.3541,6.6045,6.9306,7.1852,4.2818,5.6524,1.2355,3.6837
1106,5.3751,8.3735,10.25,9.3981,5.1534,6.9047,6.9058,6.4156,6.658,9.6041,4.9286,9.4273,9.5476,9.1594,8.4069,7.6106,10.186,7.0632,5.4871,5.3038,6.6655,8.8613,3.1805,6.5704,10.079,9.9421,6.9362,6.9038,7.7874,9.274
1107,9.6182,15.457,14.031,14.095,10.203,13.644,9.3007,11.895,12.933,14.064,9.4379,12.706,12.922,14.453,16.72,13.093,15.42,13.132,10.258,12.614,11.832,14.04,7.7092,12.402,12.908,16.513,11.956,13.865,12.557,12.228
1108,12.19,16.19,15.71,15.68,11.91,13.46,11.54,12.07,12.31,11.65,10.77,12.48,13.36,14.84,16.44,14.68,16.42,14.64,11.15,11.38,12.77,15.04,8.22,12.1,15.24,16.84,14.07,14.19,12.7,13.29
1201,-6.16,-6.89,-7.09,-8.75,-9.94,-5.83,-7.66,-5.26,-9.13,-1.68,-3.27,-8.95,-5.18,-3.08,-6.29,-7.78,-4.55,-2.65,-6.72,-6.56,-7.63,-9.97,-8.93,-5.36,-3.28,-4.22,-4.57,-6.86,-5.04,-4.56
1202,-10.41,-7.98,-11.31,-13.03,-14.36,-9.17,-12.95,-6.64,-6.4,-1.07,-8.13,-8.11,-10.92,-7.69,-4.66,-12.85,-5.37,-5.05,-4.9,-15.72,-16.44,-15.74,-12.43,-4.41,-1.72,-12.6,-8.35,-5.45,-7.17,-4.41
1203,-7.97,-8.06,-8.65,-10.11,-11.26,-6.32,-9.87,-5.62,-8.84,-2.11,-4.62,-9.93,-6.14,-4.14,-7,-9.78,-5.86,-3.52,-7.9,-10.21,-8.74,-11.27,-11.31,-4.83,-3.05,-6.58,-5.65,-6.44,-6.11,-4.23
1204,-9.49,-10.75,-11.83,-12.11,-15.14,-9.13,-14.51,-9.07,-9.12,-5.02,-10.91,-11.92,-9.58,-4.53,-10.05,-12.12,-8.9,-6.33,-6.62,-14.28,-15.39,-16.77,-12.98,-5.36,-5.78,-9.42,-8.81,-8.92,-6.88,-5.32
1205,-7.8735,-8.8875,-10.078,-11.99,-16.11,-8.3433,-13.471,-6.37,-7.1933,-1.8685,-7.4122,-8.8908,-10.639,-8.7796,-5.7138,-12.836,-7.2612,-6.5521,-3.5668,-13.576,-14.835,-16.009,-14.529,-5.2332,-3.553,-9.4313,-6.8458,-6.4054,-5.2112,-5.0036
1206,-5.94,-6.94,-8.42,-7.61,-9.29,-5.45,-8.68,-5.24,-9.15,-1.77,-4.82,-9.44,-5.38,-3.32,-6.28,-6.08,-5.05,-1.95,-7.18,-8.42,-5.9,-7.92,-9.58,-4.76,-3.76,-3.73,-4.42,-5.15,-5.15,-4.04
1207,-10.16,-10.24,-11.83,-11.51,-14.4,-9.7,-13.67,-9.62,-9.73,-3.46,-9.72,-12.05,-9.84,-5.59,-8.49,-11.58,-8.53,-6.01,-8.47,-14.6,-11.85,-14.11,-12.44,-4.96,-3.91,-9.46,-8.08,-7.88,-8.76,-6.5
1208,-7.68,-7.05,-9.06,-10.46,-14.29,-7.08,-12.93,-5.59,-8.09,-1.65,-7.01,-9.86,-6.76,-3.29,-7.6,-9.78,-5.07,-4.08,-5.27,-11.82,-12.88,-14.99,-12.42,-4.16,-5.18,-6.23,-7.55,-6.26,-4.52,-3.64
1209,-6.05,-6.28,-7.4,-6.77,-9.82,-5.33,-8.83,-4.39,-8.62,-0.93,-5.12,-8.49,-4.98,-2.47,-6.02,-5.8,-4.81,-2.87,-6.28,-8.55,-7.31,-9.63,-9.74,-4.08,-3.94,-3.34,-5.44,-4.86,-4.12,-3.88
1301,-5.33,-6.02,-8.58,-8.71,-10.61,-4.14,-10.67,-5.31,-6.98,0.33,-5.22,-4.3,-8.77,-2.83,-5.17,-4.42,-3.98,-2.47,-1.5,-7.98,-5.27,-4.43,-13.4,-2.05,-1.88,-3.7,-4.27,-6.57,-5.55,-2.69
1302,-5.25,-7.38,-9.15,-10.02,-10.87,-4.48,-12.82,-8.33,-6.46,0.21,-8.26,-4.11,-10.3,-5.43,-8.17,-6.2,-6.52,-3.72,-3.27,-9.2,-7.82,-5.17,-15.16,-1.8,-2.49,-4.45,-4.17,-8.43,-6.55,-3.64
1303,-5.84,-6.02,-8.47,-8.45,-9.05,-2.74,-11.58,-5.4,-6.04,0.56,-6.23,-3.97,-8.12,-2.49,-6.2,-3.73,-3.54,-2.12,-1.68,-8.38,-6.41,-5.09,-13.66,-1.94,-2.24,-3.39,-3.52,-7.04,-5.07,-1.86
1304,-4.3503,-5.435,-7.7744,-11.415,-13.059,-6.3194,-11.687,-8.7393,-6.6132,-0.827,-7.8183,-2.6664,-10.039,-7.371,-6.8941,-7.0297,-7.9055,-2.9444,-1.9733,-11.164,-7.4544,-3.7836,-16.366,-1.7516,-0.99461,-5.1357,-3.5882,-3.7209,-6.5205,-3.3278
1305,-5.37,-5.42,-8.06,-7.59,-11.56,-5.58,-9.95,-4.63,-6.59,0.02,-4.41,-4.89,-8.68,-1.88,-3.56,-6.03,-3.59,-3.17,-0.71,-7.69,-5.44,-5.13,-12.05,-3.35,-1.55,-2.8,-4.07,-5.76,-4.68,-2.75
1306,-6.57,-6.02,-7.83,-10.87,-15.57,-8.48,-13.06,-6.03,-6.18,-0.44,-6.1,-4.2,-10.33,-7.91,-3.77,-11.43,-8.05,-5.38,-3.04,-13.06,-12.01,-11.21,-15.1,-4.08,-1.31,-8.27,-6.52,-3.6,-5.76,-4.03
1307,-5.83,-6.16,-8.76,-10.13,-14.33,-8.14,-12.12,-6.75,-6.97,-0.7,-5.73,-4.09,-9.15,-5.16,-4.63,-8.7,-7.15,-5.34,-2.43,-11.1,-8.48,-7.39,-14.48,-4.62,-2.23,-4.82,-5.32,-5.91,-6.71,-4.33
1308,-9.07,-7.76,-8.59,-11.24,-15.19,-9.25,-13.6,-9.39,-7.85,-2.16,-7.49,-5.82,-9.74,-5.39,-6.33,-9.8,-9.22,-5.58,-6.23,-13.16,-10.49,-8.96,-16.43,-4.62,-3.44,-7.05,-8.41,-5.24,-8.34,-4.58
1401,-6.09,-10.65,-11.4,-12.36,-9.21,-6.01,-12.88,-11.15,-7.15,-5.83,-11.47,-5.7,-11.45,-3.98,-8.48,-9.5,-6.04,-5.08,-9.82,-9.52,-12.59,-11.88,-12.62,-3.42,-6.14,-6.3,-6.27,-7.01,-7.15,-5.78
1402,-7.6117,-10.666,-10.623,-11.894,-8.7436,-5.5137,-13.32,-9.3816,-7.1495,-5.2014,-8.5458,-6.3545,-11.115,-4.3253,-9.706,-11.802,-4.6787,-6.9454,-9.7632,-9.4104,-12.733,-11.262,-14,-2.9901,-4.9896,-4.9121,-5.2156,-7.5653,-7.2656,-6.9498
1403,-10.35,-10.57,-12.38,-12.81,-10.27,-8.44,-14.92,-9.36,-10.03,-5.89,-9.43,-8.03,-10.31,-7.11,-11.22,-13.47,-8.55,-8.73,-10.7,-10.36,-14.49,-14.69,-14.82,-5.02,-8.91,-7.22,-8.22,-10.46,-9.15,-10.9
1404,-3.75,-8.16,-11.36,-12.87,-8.64,-7.35,-15.06,-8.22,-6.37,-4.73,-11.58,-9.4,-10.4,-6.75,-7.53,-9.38,-7.99,-7.52,-8.55,-7.54,-12.15,-14.99,-13.17,-1.57,-5.16,-5.71,-7.61,-6.74,-8.95,-4.76
1405,-8.12,-9.15,-11.5,-11.26,-8.76,-6.73,-13.52,-8.03,-8.26,-5.11,-9.56,-7.84,-8.88,-6.97,-9.02,-12.55,-7.97,-9.69,-8.26,-8.87,-13.36,-14.52,-14.87,-3.58,-8.64,-5.76,-7.61,-9.21,-9.32,-8.98
1406,-10.57,-8.74,-11.16,-12.03,-8.13,-7.55,-14.08,-9.24,-10.41,-5.13,-8.72,-8.65,-10.67,-8.05,-10.58,-12.44,-8.74,-8.79,-11.1,-12.49,-11.22,-12.9,-15.41,-7.9,-9.51,-9.11,-11.51,-12.7,-8.67,-12.58
1501,-8.56,-6.26,-9,-11.21,-7.6,-4.66,-12.17,-6.32,-10.87,-1.92,-6.85,-7.23,-9.01,-4.8,-7.64,-9.42,-6.64,-5.01,-8.45,-9.64,-9.63,-9.41,-13.21,-3.41,-4.19,-6.2,-5.36,-10.11,-6.03,-5.36
1502,-6.39,-8.08,-10.8,-10.24,-9.75,-6.46,-15.24,-8.7,-8.31,-0.47,-9.82,-7.14,-10.24,-3.52,-8.64,-9.48,-6.41,-4.13,-4.55,-9.7,-8.06,-7.6,-14.06,-2.34,-3.41,-5.33,-4.11,-10.14,-7.83,-3.62
1503,-2.6446,-1.6697,-6.2908,-5.572,-5.3655,-0.33256,-9.5066,-1.4748,-6.1453,1.966,-2.7221,-2.7924,-5.3482,0.07633,-2.1433,-4.4713,-1.0033,-0.072123,-1.788,-5.3232,-3.635,-4.1199,-9.5724,-0.744,-0.62098,-1.9399,-1.2765,-4.3606,-2.0393,-0.67375
1504,-6.12,-6.27,-8.22,-9.71,-7.54,-4.81,-13.94,-7.37,-10.42,-0.32,-7.45,-7.01,-8.03,-1.83,-9.15,-8.23,-7.03,-3.62,-5.8,-8.57,-7.35,-7.17,-12.3,-2.29,-2.2,-4.53,-3.28,-8.56,-6.77,-3
1505,-5.45,-3.85,-8.02,-8.79,-8.84,-1.61,-11.78,-3.7,-6.05,0.63,-4.28,-3.27,-6.63,-1.42,-5.07,-4.02,-3.09,-0.67,-1.73,-8.11,-6.3,-4.51,-13.16,-2.64,-3.01,-2.73,-3.31,-6.04,-4.67,-1.41
1506,0.79818,1.6676,-3.8249,-1.6605,-2.8964,1.4705,-3.555,3.2632,-0.96369,5.1002,1.0265,2.1882,-2.8009,2.2262,1.3191,-0.08674,2.141,2.4817,2.6769,-0.79933,0.83171,3.1874,-3.122,1.8284,2.0592,1.9015,1.8629,0.95123,1.251,2.102
1507,-8.79,-8.39,-10.6,-15.39,-9,-5.58,-15.66,-9.22,-11.7,-1.67,-9.81,-8.45,-8.81,-3.88,-12.43,-10.47,-10.96,-5.73,-9.53,-9.03,-11.01,-7.56,-14.62,-2.91,-3.72,-6.01,-4.58,-11.47,-10.12,-4.19
1508,-5.2,-5.29,-9.11,-7.99,-9.05,-2.88,-12.5,-4.39,-7.28,-0.16,-4.46,-5.12,-7.87,-1.48,-5.48,-5.35,-3.56,-1.53,-3.2,-8.35,-6.52,-6.36,-12.13,-2.45,-2.73,-3.79,-3.69,-7.49,-4.12,-2.82
1509,1.49,2.77,-2.52,-0.25,-1.1,3.77,-1.68,3.27,-0.42,5.66,1.87,2.37,-1.78,3.08,1.89,0.97,3.33,3.45,1.89,-1.27,1.76,3.86,-1.47,2.43,3.57,1.91,2.9,2.05,2.23,3.46
1601,-0.1,2.76,-2.49,0.65,0.13,2.75,-2.45,3.24,-1.55,5.36,4.16,-0.18,-0.18,3.97,2.91,2.16,2.44,4.29,0.84,0.55,2.17,3.02,-1.19,1.35,1.11,2.29,1.94,1.83,2.64,1.44
1602,2.0298,3.6035,-2.9289,0.038531,-1.229,3.0337,-0.75489,4.6711,0.92044,6.9035,2.3441,2.9096,-2.0579,4.7358,3.0354,0.56874,3.5242,3.3116,3.1248,0.049123,2.1793,4.1493,-0.099917,2.9454,3.3723,2.9355,2.9823,3.5002,3.0679,3.7278
1603,6.83,8.13,4.38,6.44,7.15,8.83,4.84,8.15,6.53,11.96,8.78,7.5,5.65,10.08,9.09,8.04,8.95,8.86,5.78,5.87,7.76,8.78,4.7,6.35,8.53,7.9,7.71,8.03,7.13,6.82
1604,-0.75416,1.2935,-4.8505,-2.5415,-4.6173,2.066,-5.0845,2.5954,-2.8922,4.2327,0.86247,-0.4413,-2.4145,2.2002,1.5923,-0.96398,1.1395,1.9325,1.8723,-1.106,0.64617,1.8353,-4.4074,1.2232,0.67358,1.0323,-0.14521,-0.52575,0.38684,0.56774
1605,3.2247,5.3994,0.88712,3.3319,3.1177,5.5999,1.0964,5.8375,2.3336,8.5159,6.3743,3.5187,2.897,6.8248,5.4716,4.8324,5.0994,6.9207,3.6698,3.2432,4.827,5.9521,1.7968,3.4806,4.094,5.1919,5.2583,5.1494,5.2192,4.3633
1606,3.76,5.81,0.81,4.02,3.34,5.76,1.8,6.07,3.2,8.76,5.66,4.64,1.8,6.84,5.42,5.1,5.97,5.53,3.94,2.08,4.81,6.73,1.78,4.31,5.54,4.65,4.71,5.39,4.66,5.56
1607,-1.13,1.45,-3.78,-0.6,-0.75,2.27,-3.68,2.23,-3.2,4.26,2.83,-2.02,-1.15,2.77,1.89,0.76,1.47,3.61,-0.05,-0.45,1.14,2.02,-1.87,0.28,-0.39,1.14,0.44,0.51,1.46,0.17
1701,-2.65,-2.4,-5.95,-6.29,-5.52,-2.12,-8.2,-4.03,-3.85,0.44,-6.26,-2.59,-5.7,-0.86,-2.13,-6.6,-1.38,-3.56,-4.74,-5.53,-4.82,-9.13,-9.78,-0.46,-2.21,-2.85,-4.65,-3.97,-3.93,-3.5
1702,1.9939,3.3748,-1.5261,0.042684,2.0301,2.973,-2.5838,1.9024,1.458,5.9675,-0.50435,3.1564,-2.8311,4.1093,2.9542,-0.35604,3.4821,1.5359,2.3828,-0.35676,0.28008,-1.687,-2.7228,3.4784,3.8858,2.0424,-0.3917,1.4392,2.7588,1.36
1703,5.8301,7.605,3.4277,5.3657,6.5374,8.4573,2.7231,6.1048,6.6008,9.8362,6.2948,7.3025,1.3183,9.2928,6.0728,4.9607,7.5404,6.2009,7.6791,4.5322,6.215,7.5672,4.2153,7.9214,7.8521,6.8149,2.8608,6.1486,7.2576,5.5082
1704,-3.47,-5.52,-7.03,-9.16,-8.15,-5.02,-11.49,-5.12,-6.77,-1.28,-7.96,-5.61,-7.57,-1.27,-4.41,-7.92,-4.46,-3.52,-6.66,-6.49,-6.14,-11.68,-10.57,-1.4,-3.25,-3.01,-5.52,-5.01,-6.87,-3.43
1801,11.55,14.13,11.86,9.85,12.29,14.5,9.7,12.12,11.46,14.61,14.02,12.04,9.39,15.9,13.75,12.51,13.29,14.24,12.13,13.19,11.16,12.27,10.01,12.09,12.86,13.73,10.14,12.49,13.29,13.45
1802,10.49,13.08,10.91,8.32,11.19,13.35,8.16,11,10.17,14.25,13.01,11.56,8.55,14.73,12.29,11.31,12.26,13.04,10.9,11.86,9.74,11.35,8.61,10.61,12.24,12.32,8.91,11.41,12.23,12.16
1803,9,11.72,9.11,7.49,9.83,11.91,6.42,9.43,9.02,13.04,11.78,10.29,6.05,13.54,10.84,9.72,10.97,11.09,9.92,10.32,8.9,10.06,7.72,9.95,11.06,11.2,7.06,9.49,11.45,10.59
1804,11.08,14.21,11.53,9.12,11.44,13.81,8.75,11.61,10.94,13.94,12.74,12.66,9.15,15.38,12.62,12.43,12.99,13.65,11.68,12.31,10.54,11.89,9.31,11.44,13.98,13.44,10,12.02,12.7,12.44
1805,12.31,15.37,12.52,10.59,12.35,14.99,10.27,12.48,12.33,15.09,14.24,13.23,10.95,16.14,13.51,13.59,14.03,14.76,12.97,13.45,11.78,12.88,10.8,12.41,15.51,14.75,11.83,13.18,13.39,14.24
1806,12.531,16.592,13.068,11.663,13.985,15.054,10.475,12.769,13.222,15.125,13.85,13.262,11.395,16.785,13.786,14.641,14.804,14.855,14.216,13.556,12.553,13.685,10.921,13.37,16.109,15.273,13.031,14.044,13.811,14.192
1807,11.37,13.48,10.75,9.54,12.35,13.85,8.66,11.86,11.01,13.39,13.75,11.46,8.92,15.91,13.24,11.9,12.8,13.85,11.73,12.82,10.86,11.68,9.89,12.07,12.29,12.7,9.01,11.92,13.1,11.8
1808,11.16,12.15,9.79,8.86,11.42,13.59,7.7,11.28,9.92,12.7,13.42,11.18,7.99,15.41,12.34,11.05,12.23,12.88,10.66,11.29,10.09,11.01,9.24,11.21,11.61,11.82,8.25,11.17,11.59,11.29
1809,10.48,14.19,10.7,9.18,10.46,13.05,7.89,10.65,10.72,13.58,11.1,11.21,9.2,14.52,12.09,12.52,12.81,12.4,11.65,11.18,10.6,11.21,8.32,10.78,14.58,13.16,10.32,11.52,11.75,12.17
1901,-11.019,-9.1818,-10.164,-12.284,-13.87,-8.8543,-12.77,-10.319,-7.734,-3.1337,-8.5903,-10.989,-11.577,-4.8196,-8.3072,-9.6256,-11.648,-6.9164,-9.2734,-13.302,-13.53,-11.932,-16.002,-6.3499,-4.6477,-10.667,-10.669,-8.8985,-12.412,-6.6644
1903,-11.37,-7.11,-11,-13.19,-15.59,-8.82,-15.13,-6.37,-6.45,-1.39,-5.75,-6.82,-12.08,-8.86,-5.2,-8.37,-9.2,-5.68,-5.34,-14.9,-15.69,-12.93,-16.4,-4.51,-2.64,-12.5,-10.54,-4.76,-8.86,-4.9
1904,-12.73,-9,-11.56,-11.86,-13.8,-7.31,-14.06,-8.53,-6.49,-0.72,-5.36,-8.96,-12.56,-2.43,-7.66,-7.96,-5.75,-5.99,-5.67,-8.99,-13.53,-10.97,-9.69,-4.36,-3.54,-12.31,-8.57,-4.04,-9.82,-3.75
1906,-11.15,-9.19,-10.41,-12.82,-13.8,-9.09,-12.73,-10.59,-7.61,-3.3,-9.45,-11.14,-11.83,-5.19,-9.25,-9.74,-13.3,-6.91,-10.64,-13.41,-14.03,-12.07,-17.06,-6.62,-5.09,-11,-11.14,-9.16,-12.62,-6.98
1907,-10.01,-8.16,-8.86,-10.58,-12.02,-7.21,-13.35,-7.65,-7.98,-2.32,-6.89,-8.97,-9.67,-3.21,-7.92,-9.7,-6.42,-6.05,-6.33,-11.59,-10.5,-10.67,-10.48,-5.06,-3.15,-9.23,-8.36,-5.88,-9.4,-5.19
1908,-10.24,-6.45,-8.04,-9.57,-11.42,-5.75,-10.21,-7.4,-7.39,-0.42,-4.61,-9.17,-8.77,-0.59,-6.59,-6.27,-4.89,-3.42,-4.05,-6.05,-8.8,-7.06,-9.65,-2.52,-3.87,-7.14,-5.5,-3.76,-9.64,-2.91
1909,-13.22,-6.5,-12.31,-13.76,-14.5,-7.93,-14.34,-5.39,-5.85,-0.54,-5.18,-7.15,-12.73,-7.42,-5.73,-8.11,-6.61,-5.17,-4.55,-13.83,-16.88,-14.31,-12.55,-2.62,-1.64,-13.87,-9.32,-5.23,-8.19,-3.52
2001,-1.17,2.19,0.67,-0.62,-2.78,0.15,-1.73,1.09,0.1,2.61,1.01,1.79,0.65,2.55,2.17,-0.21,1.52,0.89,2.76,-0.33,0.65,1.02,-5.29,3.44,1.76,2.27,-1.6,1.51,-2.42,2.15
2002,-0.26165,2.5339,1.7978,0.55836,-3.3957,0.75756,-0.69208,1.7685,0.74397,3.3286,0.73916,3.4146,1.472,2.9665,3.2081,0.5115,3.4628,0.6629,2.4932,-0.34194,0.6963,1.2382,-5.2638,3.3942,2.5713,2.9571,-0.014217,3.1559,-1.6759,2.6303
2003,-0.26775,4.4238,1.1163,0.56553,-2.4959,1.7762,-0.15284,1.9663,1.4927,4.0623,1.7483,3.4985,2.4596,2.5663,3.3453,1.361,2.4433,1.4887,3.3913,1.6649,2.4745,2.7022,-4.1137,4.4943,2.4427,3.3924,-0.47663,2.2766,-1.6427,4.0122
2004,0.82821,3.6232,2.6709,1.2577,-2.7634,0.99912,-1.1779,1.969,1.4844,4.0585,0.76677,4.7841,3.1538,4.644,5.0116,2.0913,4.5034,1.8029,3.8984,-0.13146,3.3098,2.7822,-3.8513,3.9122,4.3328,3.3062,2.292,4.25,-0.95484,2.9915
2101,0.52,5.71,2.26,1.21,0.15,2.17,-0.14,0.88,1.68,4.76,-2.98,5.03,5.27,2.06,4.57,0.66,5.14,1.8,3.08,3.03,3.8,3.38,-3.33,3.6,3.99,3.42,3.27,4.37,-1.82,5.04
2102,-0.20059,4.3435,1.8872,3.0834,-1.1719,2.0716,-0.87887,-0.83968,1.0345,5.8939,-2.6235,4.4392,4.3027,1.3183,4.0809,0.51554,4.0692,0.99692,0.8424,2.512,1.558,2.8292,-3.609,4.985,5.6172,3.0282,2.0577,2.2214,-1.2134,2.5431
2103,-2.11,2.46,0.57,-0.11,-2.09,1.42,-3.48,-3.36,-1,3.28,-6.39,2.54,0.85,-0.04,2.06,-2.12,2.01,-0.1,-3.22,-0.42,-0.97,0.57,-5.48,0.7,3.18,-0.29,0.58,0.14,-2.59,0.87
2104,-1.81,2.27,2.35,0.54,-1.85,1.8,-2.79,-2.93,0.05,4.28,-6.31,3.47,3.52,-0.82,3.02,-0.88,2.85,-0.69,-1.28,0.87,-0.41,1.9,-5.44,2.46,4.87,1.03,1.62,0.57,-3.26,1.06
2105,-0.66,3.15,1.35,0.94,-1.61,1.54,-2.54,-1.38,-0.1,5.04,-3.63,3.03,4.19,-0.08,2.73,-0.78,3.57,0.89,-0.49,1.04,0.59,2.05,-4.28,1.05,3.88,1.59,1.76,1.83,-4.54,2.12
2106,-2.05,2.09,-0.61,-0.6,-2.77,1.13,-4.05,-3.19,-1.24,3.11,-5.55,1.94,1.76,-0.9,1.72,-1.83,2.01,0.01,-2.4,-0.09,-0.69,0.82,-6.15,-1.34,1.48,0.92,1.27,0.69,-3.52,1.45
2107,-0.98,2.76,1.06,0.37,-1.97,1.47,-3.46,-1.56,-0.1,3.76,-4.52,2.99,4.02,-0.63,2.62,-0.82,2.8,1.13,-0.94,0.94,0.05,1.57,-5.05,0.89,3.53,1.82,2.3,1.75,-4.59,2.62
2108,0.57,4.91,2.08,2.45,-0.17,4.88,-0.17,-0.03,1.65,5.43,-6.01,4.52,3.4,3.37,5.49,1.91,4.38,2.14,-0.92,1.95,1.86,3.16,-1.43,4.37,5.24,3.06,3.56,4.2,-0.62,2.3
2109,-0.95,4.94,2.37,2.37,-0.29,3.84,-1.53,-1.23,1.58,6.25,-5.8,3.25,2.81,3.76,4.91,1.28,4.64,1.16,-0.89,2.84,2.47,3.39,-2.91,4.01,6.48,3.71,3.6,2.78,1.41,1.96
2110,2.16,7.06,5.22,4.65,3.55,4.5,2.61,2.5,3.45,6.36,-0.11,6.26,5.15,5.67,5.94,1.98,6.35,2.93,4.86,5,5,4.52,-3.99,7.93,6.33,5.47,3.12,7.07,2.35,4.52
2202,12.748,17.011,14.264,14.777,14.684,14.747,11.788,12.029,15.097,13.405,10.4,12.543,12.595,14.969,14.633,14.74,16.273,14.443,13.183,14.162,15.015,15.491,11.681,15,16.617,14.613,14.571,12.615,12.585,15.05
2203,15.091,18.458,15.21,15.235,16.153,16.78,12.445,13.7,17.216,14.718,12.008,13.046,13.547,16.764,16.297,16.572,17.33,16.019,15.534,15.307,16.202,16.57,13.21,16.567,18.649,16.643,15.934,16.648,13.333,16.427
2205,13.88,15.934,15.627,17.967,15.913,16.562,13.261,14.052,16.962,14.984,13.682,15.436,13.612,16.817,17.943,16.621,18.648,16.528,14.471,16.522,16.451,17.627,12.133,14.608,18.073,17.784,15.845,15.543,13.689,16.485
2206,11.603,16.539,16.413,16.436,14.631,16.711,11.52,14.88,15.253,15.442,12.355,14.416,14.811,17.064,18.58,15.355,18.014,16.57,12.913,15.883,15.023,16.918,10.206,14.315,15.952,18.384,15.186,16.008,15.144,14.915
2207,9.88,15.09,14.01,15.45,12.05,13.01,10.73,11.53,13.56,12.01,10.02,13.77,12.91,15.41,15.07,13.45,15.95,14.49,12.22,13.83,14.35,15.5,10.48,14.14,15.55,14.51,13.52,12.97,11.01,14.01
2208,7.28,12.26,8.85,9.52,8.06,9.1,5.71,6.56,9.23,9.47,4.76,6.07,7.21,10.76,9.79,9.64,11.28,9,7.57,9.03,9.61,9.44,5.68,9.33,11.54,10.56,9.12,8.9,7.25,7.22
2209,12.18,16.57,12.62,13.23,13.92,13.23,9.86,11.06,14.51,11.92,7.96,10.38,10.91,14.04,13.42,14.2,15.11,13.33,11.9,12.73,12.61,14.01,9.68,14.25,15.4,14.45,13.56,14.35,9.82,13.84
2301,-5.9446,-4.0236,-6.8722,-6.6249,-11.101,-6.8093,-7.5384,-7.6126,-6.127,-1.0628,-4.3038,-3.6375,-4.1,-1.1163,-3.5671,-4.9839,-4.5019,-3.9456,-5.8963,-6.3127,-6.0101,-5.4065,-12.579,-2.8284,-2.1529,-4.3903,-6.4666,-3.3444,-6.1862,-1.0824
2302,-7.31,-6.72,-8.72,-8.03,-10.13,-8.32,-9.39,-7.37,-8.68,-2.51,-5.19,-6.02,-8.8,-2.75,-4.8,-7.06,-5.35,-5.6,-5.27,-9.91,-7.83,-8.04,-14.44,-4.54,-4.28,-6.67,-8.37,-6.01,-9.03,-4.64
2303,0.23,2.63,0.95,-0.73,-3.68,-0.44,-1.87,-0.37,0.22,2.68,-1.07,3.13,0.28,3.49,2.86,-0.69,0.99,2.08,3.09,-2.56,2.55,2.12,-7.05,1.38,5.26,1.02,1.75,2.03,-1.77,2.61
2304,-12.69,-12,-13.84,-14.44,-17.25,-15.12,-14.99,-14.12,-14.87,-6.64,-12.28,-11.13,-11.22,-7.18,-10.98,-13.16,-12.28,-10.72,-10.92,-13.43,-14.08,-14.9,-18.2,-12.03,-10.85,-12.78,-14.83,-12.26,-13.14,-7.67
2305,-7.6765,-6.3907,-9.0249,-9.6522,-12.51,-8.3658,-10.163,-9.8002,-8.4883,-3.0337,-7.3826,-6.784,-7.3927,-3.5496,-6.2854,-8.9224,-7.7607,-5.3551,-6.4887,-10.58,-7.6086,-7.2605,-15.199,-5.479,-4.8315,-7.5512,-7.9905,-5.5111,-8.554,-4.0016
2306,1.3434,4.204,2.0799,0.68227,-2.8105,1.1034,-1.1257,0.60037,2.0761,3.9689,0.45996,4.8281,2.7496,5.5165,5.1224,2.0452,4.0168,3.0969,4.2008,-0.6607,4.1688,3.6687,-4.0907,3.3515,6.3752,2.9486,3.5282,4.113,-0.99934,2.5899
2308,-8.4362,-7.2316,-9.9339,-10.632,-11.232,-8.609,-10.421,-8.7663,-10.423,-3.4372,-7.1693,-9.4063,-7.5391,-3.7234,-6.7637,-8.5743,-6.8032,-6.448,-6.6052,-10.225,-7.9371,-8.1621,-14.243,-6.0054,-7.2359,-6.2739,-8.3484,-7.2244,-10.337,-5.0758
2309,-2.0537,-0.20199,-2.2168,-4.1462,-7.4415,-2.3003,-4.7531,-3.5818,-2.308,0.26965,-2.7041,-0.074538,-2.7607,1.718,0.40716,-4.7228,-3.4296,0.68201,0.046897,-6.6317,-0.40473,0.46628,-10.726,-0.0081205,2.5632,-1.0131,-0.69953,0.17168,-3.0633,0.63398
2310,-0.26,1.28,-0.61,-1.44,-4.1,-0.95,-1.42,-0.42,0.02,2.33,-1,1.71,-0.56,3.22,2.48,-1.09,-0.43,0.94,1.13,-2.41,1.19,1.32,-7.26,2.09,4.01,1.29,1.58,2.32,-1.72,2.84
2311,-9.01,-8.36,-9.32,-9.92,-10.8,-10.36,-11.52,-10,-10.59,-5.52,-7.83,-8.24,-9.48,-5.04,-8.45,-10.54,-7.4,-7.81,-8.46,-11.13,-10.59,-10.83,-15.58,-6.94,-7.17,-8.23,-10.9,-9.12,-12.66,-7.42
2312,-1.6,1.47,-0.76,-1.85,-3.16,-1.19,-1.5,-1.31,-0.37,1.93,-0.93,2.22,-0.16,2.56,2.55,0.21,1.24,1.1,2.17,-2.47,1.51,1.06,-6.11,2.08,3.87,1.2,0.6,2.48,-3.05,1.65
2313,-0.23749,1.4321,0.2,-1.7954,-4.8337,-0.7436,-1.9597,-1.014,-0.3213,2.0992,-1.3975,2.1083,-0.31,2.7706,2.4879,-2.0825,-1.2414,2.0628,1.6889,-4.2275,1.9841,1.7372,-8.4745,1.5281,4.4847,0.79141,1.0952,1.5031,-1.7693,1.9789
2315,-1.48,-0.98,-3.58,-4.48,-7.53,-1.57,-5.11,-3.41,-3.06,0.24,-2.07,-0.9,-3.07,1.55,-0.04,-3.79,-2.62,0.98,-0.26,-6.01,-1.47,-0.92,-10.28,-0.37,1.75,-1.41,0.19,1.18,-2.52,1.07
2401,3.7175,5.6572,4.951,2.5192,3.9739,4.1277,4.252,1.2747,1.138,6.2091,3.4333,5.26,2.0921,6.134,4.235,0.84229,3.3745,5.9788,7.6901,5.1164,3.5144,6.2946,-2.7775,6.1618,4.4441,3.0396,-0.50029,5.4951,-4.4029,6.2449
2402,-3.69,-0.49,-2.49,-4.19,-3.1,-4.34,-3.72,-3.44,-2.54,1.39,-2.11,-2.57,-3.77,-0.78,-1.73,-3.53,-0.79,-2.25,0.59,-2.21,-1.41,-0.75,-8.44,0.74,-2.99,-1.09,-6.25,-0.72,-8.85,-1.78
2403,-4.19,-0.37,-2.59,-4.72,-3.4,-4.75,-4.82,-4.26,-3.17,0.44,-2.06,-2.51,-4.97,-1.27,-1.96,-4.26,-1.37,-3.2,-0.05,-3.88,-1.38,-1.71,-8.35,-0.11,-3.29,-2.15,-6.19,-2.37,-9.55,-2.41
2404,-3.36,0.25,-1.96,-3.8,-2.68,-3.48,-3.28,-3.4,-2.59,1.27,-1.45,-1.51,-3.76,-0.62,-1.37,-3.35,-0.89,-2.49,0.47,-2.28,-0.85,-0.83,-8.4,0.67,-2.5,-1.42,-5.83,-1.05,-8.97,-1.62
2405,2.99,5.33,3.38,2.91,3.32,4.24,2.74,0.33,1.55,5.97,3.39,3.91,1.27,4.89,4.41,1.48,1.98,4.62,6.25,4.75,3.79,4.3,-2.98,4.37,3.45,1.75,-1.88,4.98,-4.45,5.22
2406,-4.103,0.01266,-2.7233,-3.8147,-3.663,-4.28,-3.0264,-2.8157,-2.5494,1.2567,-2.2277,-3.494,-2.1978,-0.93966,-2.018,-2.1265,-1.0297,-2.186,-0.43404,-1.8151,-0.91133,-0.50296,-8.5667,-0.0051725,-3.3977,-0.82798,-6.8694,-0.89872,-9.347,-2.4523
2407,-1.06,2.31,0.12,-2.71,-0.95,-2.11,-2.01,-2.09,-1.56,2.75,-0.01,-0.46,-2.61,1.64,0.43,-1.9,0.4,-0.58,2.9,-0.83,0.68,0.18,-4.47,1.53,-0.57,-0.2,-3.24,-0.21,-7.52,0.31
2408,3.52,5.57,4,2.32,3.7,4.22,2.9,0.64,1.55,6,3.61,5.56,1.88,5.68,3.83,1.06,3.01,5.61,6.7,5.04,3.8,6.38,-3.09,5.34,4.98,2.59,-0.54,4.65,-4.1,5.64
2409,-0.012942,3.1477,0.65012,0.02942,-0.29805,-0.20361,1.4588,-1.2176,0.050998,4.1105,0.61689,-0.35489,-0.51759,1.251,1.7216,1.4585,0.86444,1.6871,3.3453,2.329,1.8513,2.2844,-5.1125,1.2988,-0.51158,0.87045,-3.7083,2.3505,-6.9963,0.84365
2410,-2.88,0.36,-1.25,-3.22,-2.34,-3.4,-2.85,-2.39,-1.84,2.3,-1.44,-2.05,-3.09,0.02,-0.78,-2.41,0.03,-1.27,1.48,-1.06,-0.72,0.65,-7.47,1.53,-2.27,-0.27,-5.54,0.32,-8.06,-1.05
2411,-4.75,-0.75,-3.56,-5.08,-4.16,-5.41,-4.6,-3.94,-3.49,0.26,-3.01,-4.06,-3.72,-1.69,-2.8,-3.8,-1.6,-2.88,-1.22,-2.96,-2.15,-1.12,-9.02,-0.18,-4.19,-1.37,-7.63,-1.78,-9.73,-2.97
2501,-6.99,-4.4,-6.21,-9.43,-11.77,-5.85,-8.83,-7.11,-4.58,-1.94,-6.71,-6.16,-8.51,-2.67,-4.26,-8.85,-6.89,-3.93,-5.21,-9.64,-7.92,-6.09,-14.4,-3.55,-0.97,-5.77,-6.11,-3.46,-7.83,-3.36
2502,-7.2892,-6.8372,-6.4357,-8.8056,-9.382,-6.8951,-8.5707,-7.9688,-6.9818,-1.5833,-6.1474,-7.2895,-7.254,-0.69315,-5.8798,-7.2873,-6.1398,-4.517,-5.1047,-7.5981,-7.5479,-6.6992,-12.565,-5.6144,-5.0413,-4.7835,-6.7947,-4.8914,-9.9415,-4.6021
2503,-7.4676,-5.5991,-7.1182,-9.5604,-12.168,-6.5734,-10.54,-7.7806,-5.7114,-2.3874,-6.8373,-6.5344,-8.4578,-2.7222,-4.8057,-8.7435,-7.6997,-4.2491,-5.2874,-11.2,-8.56,-7.0626,-15.48,-4.3384,-1.6988,-6.4762,-6.7447,-4.5406,-8.0892,-3.9482
2504,-2.73,-2.93,-4.99,-5.65,-6.81,-2.88,-5.4,-3.17,-4.03,-0.36,-2.25,-3.09,-3.8,1.37,-1.73,-3.95,-2.45,0.05,-0.6,-5.65,-2.6,-2.45,-10.28,-1.65,-0.6,-1.59,-1.83,-0.35,-3.95,0.55
2601,1.48,7.96,4.27,4.44,3.09,3.73,0.88,0.97,2.49,5.96,-0.16,4.55,4.46,6.25,5.86,3.83,6.59,4.63,0.4,5.52,5.57,5.38,-0.13,5.86,8.02,6.09,4.69,3.98,2.7,3.26
2602,7.5696,14.128,12.574,13.22,9.5104,10.883,9.1617,10.017,11.585,10.849,8.3386,11.319,12.352,13.2,13.32,11.135,14.631,12.23,9.8501,12.64,12.31,13.217,8.1144,12.328,12.711,12.814,11.708,11.752,9.0375,11.555
2603,3.91,11.02,7.65,8.64,4.39,6.88,4.83,5.28,7.19,8.72,3.67,8.76,8.17,8.97,8.25,6.18,9.64,9.24,5.42,9.08,8.49,9.07,3.61,8.66,9.73,10.23,7.89,7.05,6.7,6.76
2604,8.12,13.68,12.52,14.19,9.97,11.71,9.31,10.58,12.17,10.78,8.61,12.13,11.76,13.78,14.31,11.57,14.84,12.86,9.99,12.95,12.51,13.11,8.23,12.38,13.59,13.47,12.38,11.33,10,12.46
2701,-8.9714,-8.6717,-7.9793,-11.799,-9.6277,-9.5208,-10.277,-9.7259,-9.0363,-4.9924,-8.6367,-9.8735,-9.2145,-4.5126,-9.5454,-9.8343,-8.548,-6.0007,-8.4927,-10.053,-9.4617,-6.985,-12.727,-7.3831,-8.4787,-8.1559,-9.0273,-6.1859,-13.816,-8.4926
2702,-0.14,-0.11,-0.63,-2.24,-4.43,-0.65,0.79,-2.41,-4.35,-0.79,-0.1,-2.13,-0.12,0.86,-0.25,-2.71,-2.24,0.15,-0.42,-0.94,-2.7,-0.97,-3.45,-1.95,-0.12,-0.17,-3.41,-0.74,-5.24,-2.08
2703,-12.55,-11.63,-12.39,-12.25,-13.89,-9.24,-13.77,-10.91,-7.77,-3.33,-6.85,-12.55,-11.92,-2.83,-10.87,-8.27,-7.13,-6.45,-6.86,-8.41,-8.18,-6.83,-11.72,-7.21,-7.22,-11.11,-7.97,-6.07,-12.93,-6.31
2704,-6.69,-6.83,-6.23,-11.04,-9.07,-6.63,-7.08,-7.75,-9.53,-3.34,-7.1,-7.83,-7.42,-3.82,-7.29,-7.99,-7.53,-4.19,-6.91,-7.24,-7.4,-5.88,-10.33,-6.08,-5.64,-4.67,-6.97,-5.28,-10.38,-5.83
2706,0.43,1.01,0.59,-1.23,-3.25,0.23,1.51,-1.59,-3.08,0.39,1,-1.07,2.06,2.1,0.73,-1.25,-1.17,0.83,0.9,0,-2.17,0.19,-2.17,-0.87,0.69,1.78,-2.8,0.1,-4.04,-1.21
2707,2.55,5.33,2.34,0.06,-0.12,4.68,-0.55,1.29,3.79,6.89,-1.93,0.91,0.5,4.69,2.03,2.78,5.37,2.51,1.61,3.3,1.03,3.33,0.13,4.09,5,4.95,2.11,3.86,0.45,2.89
2708,-6.88,-7.89,-6.76,-9.78,-7.58,-8.06,-8.15,-8.22,-7.65,-4.21,-6.9,-8.33,-7.81,-3.36,-7.74,-8.44,-7.42,-5.41,-6.35,-8.43,-7.76,-6.22,-10.9,-6.21,-7.77,-7.18,-7.23,-4.7,-12.65,-7.63
2709,-10.45,-10.05,-8.64,-13.36,-10.96,-8.8,-10.45,-10.4,-8.39,-3.31,-8.52,-11.89,-9.39,-4.16,-10.92,-10.88,-9.71,-6.59,-9.07,-10.61,-10.47,-7.71,-13.62,-7.74,-7.24,-8.63,-9,-6.46,-14.59,-8.06
2710,-2.98,-3.72,-3.77,-7.39,-7.53,-4.07,-2.36,-5.41,-7.18,-2.49,-3.82,-4.98,-4.02,-1.13,-3.56,-5.88,-5.15,-1.65,-3.35,-4.58,-4.67,-3.3,-6.72,-4.7,-3.07,-3.03,-4.11,-3.53,-8.63,-4.47
2801,1.03,3.17,2.71,-1.4,-3.23,-0.29,-4.4,0.23,-0.51,2.24,-1.33,3.56,1.89,4.21,3.48,-1.14,1.94,0.73,3.73,-0.87,2.16,1.72,-7.2,2.64,4.7,0.96,1.22,2.25,-3.26,2.03
2903,-2.3667,4.6848,2.1,1.1779,-0.2784,-0.30001,-0.36994,-1.5458,-0.77831,5.1229,-2.0533,4.3415,1.8636,3.0654,1.6927,-1.0088,4.929,0.6533,0.73083,1.0642,2.0803,2.9418,-4.6234,4.8296,2.7934,3.5066,-0.29214,2.3807,-1.4069,3.2455
2911,-0.79513,5.1433,2.5949,2.0102,0.3772,1.7219,0.2644,0.61124,1.0484,4.4837,-0.099638,3.8088,2.8312,4.0935,2.7118,-2.0327,3.2553,0.28114,2.831,1.1932,2.106,2.0898,-3.8909,5.1926,3.1421,3.4564,-0.046012,4.6971,-0.007099,2.5584
2912,-5.0955,1.741,0.5351,-0.71024,-2.4011,-4.2731,-3.2385,-4.2213,-4.5481,1.6051,-4.6701,3.0299,0.043043,-2.7644,-0.65886,-5.5533,0.49208,-2.6039,-1.539,-1.5289,-0.11617,-0.71678,-9.4577,2.0109,-0.63195,0.37759,-3.6074,-0.37586,-7.508,0.46488
2921,0.32,7.18,5.96,6.02,0.91,2.52,1.79,0.29,1.8,4.56,0.09,4,5.07,5.62,4.71,3.19,8.06,4.01,2.69,5.02,5,5.43,-1.93,7.12,6.04,7.1,3.5,5.21,-0.75,5.36
2926,-4.46,2.11,1.76,1.35,-2.65,-3.16,-1.41,-5.49,-3.27,1.99,-4.35,2.46,0.27,-0.18,-0.75,-1.6,3.06,-1.58,-1.98,-2.38,0.31,1.3,-9.56,2.51,1.4,2.17,-2.29,-0.54,-5.58,0.5
2930,-1.24,5.51,1.62,1.72,-1.4,1.02,-0.01,-0.49,0.71,5.59,-2.24,4.11,2.4,3.33,2.5,-2.23,4.49,0.91,2.18,1.91,2.42,2.73,-2.29,5.65,2.57,3.28,-0.13,4.14,0.83,3.17
3004,-6.0365,-0.0066722,-1.4874,-3.935,-7.3147,-5.6623,-7.4175,-3.2069,-2.5825,-0.30091,-3.5511,-1.3439,-3.1274,-3.5664,-2.4384,-8.4197,-4.0792,-3.7532,-1.5627,-2.7728,-1.2167,-6.1583,-12.014,-1.4416,-3.8396,-3.3043,-6.9691,-1.7633,-9.9416,-0.62294
3005,-4.8652,1.4678,-2.7895,-3.8908,-5.7397,-4.6379,-7.034,-3.2866,-2.203,-1.0541,-2.6401,0.21198,-2.6186,-1.7552,-2.4925,-7.4757,-0.5839,-3.3293,-1.2842,-3.2602,-2.7241,-4.7862,-11.115,-0.69775,-0.1857,-1.7321,-5.2251,-3.0376,-5.8793,-0.69034
3006,-7.07,-2.04,-3.22,-5.34,-7.53,-6.72,-7.71,-3.98,-3.94,-0.79,-5.59,-2.55,-3.8,-4.64,-3.72,-9.14,-6.17,-5.12,-2.2,-3.97,-1.4,-6.86,-14.58,-1.72,-5.08,-4.78,-7.37,-2.33,-12.51,-0.79
3007,-7.23,-3.73,-6.9,-6.23,-7.93,-6.71,-9.36,-7.15,-5.72,-1.77,-8.11,-4.98,-6.19,-4.56,-4.84,-8.01,-6.8,-6.84,-2.76,-5.02,-5.32,-6.16,-13.15,-1.67,-7.16,-5.68,-10.42,-4.08,-14.56,-4.12
3008,-3.5196,3.1342,-3.0334,-3.4,-2.6676,-1.1157,-4.1347,-0.75148,-0.7162,2.1239,-0.049747,0.16843,-2.0233,0.29901,-0.31986,-2.7439,-0.14201,-1.9109,0.43453,-1.105,-1.2324,-0.31429,-7.5795,2.2727,0.23188,0.060997,-4.1167,-0.062468,-3.5769,0.9145
3013,-8.96,-3.1,-10.15,-12.38,-12.27,-9.83,-13.49,-9.22,-6.33,-3.16,-6.62,-6.67,-11.18,-6.07,-7.03,-9.03,-7.64,-9.96,-8.83,-7.1,-11.23,-12.32,-16.31,-6.19,-5.08,-10.89,-11.46,-9.95,-12.8,-6.58
3014,-5.46,1.23,-2.75,-4.02,-4.69,-4.18,-7.13,-3.47,-2.3,-1.98,-1.81,-0.96,-3.64,-0.63,-3.13,-7.21,0.3,-4.32,-1.57,-4.03,-3.51,-2.44,-10.6,0.2,-0.33,-1.61,-5.88,-2.45,-5.17,-0.62
3015,-2.0908,3.913,2.3604,0.68115,-1.8432,-0.34365,-2.5326,0.21252,0.58199,2.2627,-1.0612,4.2246,2.4175,1.7923,1.1661,-3.8813,1.7857,-0.37175,2.1803,0.76629,1.5553,1.6882,-6.1744,4.2389,2.7732,3.0143,-0.33067,2.6643,-2.186,2.8517
3016,-7.1361,-3.2205,-7.2971,-5.9271,-6.7558,-6.8233,-8.3392,-5.6014,-4.9374,-1.3688,-6.4853,-3.7068,-5.8662,-4.9745,-5.3187,-8.6783,-6.3319,-6.3567,-2.1873,-5.5415,-3.0414,-8.371,-13.302,-3.2896,-5.3041,-5.4157,-8.5569,-3.67,-12.068,-2.2304
3017,-6.5279,0.76753,-6.1494,-6.6254,-7.066,-5.216,-8.453,-3.3736,-3.2944,-1.4743,-2.7382,-1.6807,-5.3814,-1.8009,-3.1721,-6.8677,-2.2339,-6.1324,-2.5616,-3.9538,-4.786,-4.7474,-10.631,-1.304,-1.5091,-3.4184,-7.4358,-2.9215,-7.8708,-1.9853
3018,-7.77,-1.98,-8.03,-9.72,-11.9,-9.33,-11.64,-8.67,-5.7,-2.89,-6.14,-4.79,-8.5,-4.57,-5.7,-9.21,-5.87,-9.52,-4.77,-6.08,-8.09,-8.53,-13.87,-4.41,-5.02,-7.41,-9.79,-7.33,-12.46,-4.86
3019,-3.67,3.43,2.85,-1.13,-1.66,-1.68,-4.78,-1.94,-0.5,2.19,-1.01,3.56,0.67,-0.76,0.05,-5.13,0.28,-0.85,1.4,0.74,1.8,-0.99,-7.44,1.79,0.16,0.83,-2.9,1.35,-5.38,2.76
3020,-3.96,-2.02,-4.04,-2.7,-5.31,-3.36,-5.47,-3.28,-2,0.47,-5.51,-1.57,-3.15,-2.11,-1.42,-6.89,-6.12,-1.98,-0.01,-2.4,-1.8,-4.47,-13.55,0.76,-4.95,-3.77,-11.16,-1.7,-12.51,-1.2
3022,-8.67,-3.31,-8.11,-7.51,-7.88,-9.17,-9.06,-5.32,-6.14,-3.57,-6.2,-3.08,-6.43,-6.58,-6.04,-10.15,-6.12,-7.15,-3.82,-6.1,-5.61,-9.6,-15.3,-4.61,-3.95,-6.46,-8.62,-6.69,-12.96,-4.05
3023,0.2,5.9,2.83,1.35,-0.92,2.54,-1.14,-0.02,2.5,3.54,1.5,3.39,2.56,4.23,2.51,-0.53,3.14,1.52,3.72,1.56,2.4,3.06,-5.12,4.87,3.86,3.23,-0.18,4.07,-0.53,3.12
3027,-4.11,4.39,2.37,-0.56,-2.98,-0.85,-5.38,-1.25,0.71,2.1,-0.78,4.22,1.42,0.2,0.43,-5.04,1.22,-0.05,1.71,0.21,1.53,-0.91,-7.88,2.36,3.31,1.73,-1.16,1.93,-2.81,2.3
3028,-6.54,-3.97,-6.83,-5.77,-6.13,-6.44,-7.03,-5.74,-5.84,-2.02,-7.83,-3.92,-5.07,-4.62,-4.96,-8.43,-7.48,-5.78,-1.95,-4.94,-2.8,-6.58,-13.61,-1.91,-7.13,-5.3,-9.73,-4.21,-14.17,-3.39
3031,-1.03,5.48,2.48,1.15,-2.71,1.07,-1.95,-0.44,2.32,2.06,0.55,3.73,1.85,4.09,1.94,-2.65,2.33,0.43,3.28,0.88,1.99,2.02,-6.53,4.69,3.74,3.4,-0.06,3.16,-1.3,2.66
3101,-4.59,0.71,-6.91,-7.34,-5.03,-5.07,-5.91,-3.4,-3.26,0.34,-3.31,-3.59,-5.1,-3.47,-2.25,-3.86,-4.62,-3.35,-2.74,-2.39,-4.71,-4.51,-11.15,-0.58,-2.35,-3.11,-8.14,-2.29,-6.35,-1.25
3102,-5.2211,-2.1193,-7.2887,-8.5887,-6.6305,-8.4325,-5.3522,-6.3055,-5.2784,-1.5687,-4.0004,-6.2798,-5.7551,-5.274,-3.5611,-4.3975,-5.4845,-3.6796,-3.3004,-3.0884,-3.8076,-4.6602,-11.975,-1.0953,-4.6715,-4.9156,-10.677,-3.3127,-10.036,-2.4742
3109,-7.33,-2.31,-8.86,-10.33,-8.7,-10.04,-8.52,-8.61,-6.01,-3.46,-5.75,-7.78,-8.93,-7.36,-5.7,-6.9,-6.67,-5.67,-5.2,-5.65,-7.04,-8.72,-13.87,-4.09,-5.24,-7.81,-11.98,-5.99,-9.41,-3.42
3124,-3.4861,0.78886,-4.3141,-4.0556,-4.4467,-3.8538,-3.8695,-2.9046,-2.2318,1.3837,-3.0488,-2.999,-2.2015,-2.173,-1.7405,-2.1342,-3.6013,-1.8113,-0.75165,-0.84481,-1.3887,-1.2735,-8.7708,0.94085,-1.6916,-0.29148,-6.3326,-1.0358,-7.2251,-0.12314
3125,-3,-0.25,-4.26,-5.76,-4.06,-5.99,-2.81,-3.45,-2.59,1.05,-2.09,-3.79,-1.9,-2.35,-1.58,-1.73,-3.83,-1.55,-0.88,-1.11,-1.41,-1.49,-8.8,0.61,-2.49,-1.23,-7.39,-0.49,-8.93,-1.22
3129,-7.6,-1.66,-9.79,-11.52,-9.49,-9.86,-11.83,-8.59,-5.64,-3.2,-6.07,-6.94,-9.86,-6.13,-5.28,-7.65,-7.25,-6.82,-7.32,-5.84,-9.16,-11.12,-13.84,-5.43,-4.62,-8.52,-11.69,-8.31,-8.5,-3.62
