1,35.018,35.548,36.701,36.083,35.238,36.331,34.845,34.385,36.586,36.825,33.978,36.978,36.519,36.106,35.43,35.445,36.033,36.478,35.259,36.695,36.416,34.983,36.948,36.675,37.835,36.426,36.925,38.056,37.252,36.787
2,34.24,34.99,34.57,35.61,35.34,36.87,35.21,34.71,35.72,36.83,33.86,36.54,36.09,35.24,35.41,34.71,36.25,36.26,35.66,36.13,35.84,34.48,36.25,36.37,37.17,36.23,35.73,36.99,37.2,36.02
3,34.606,35.39,34.556,36.315,35.739,36.81,35.485,35.088,36.154,37.139,34.236,37.295,36.151,36.091,35.925,35.499,36.693,36.933,35.638,36.743,35.971,34.378,36.308,36.783,37.519,36.523,36.48,37.699,37.457,36.237
4,35.79,35.34,37.24,36.47,34.7,36.67,34.95,34.01,36.82,37.01,33.78,36.85,36.65,36.39,35.28,35.77,35.79,37.36,36.04,36.39,36.74,35.5,36.32,36.52,37.67,36.81,36.4,38.28,36.87,37.04
5,35.38,35.33,36.51,36,35.15,37.22,35.53,35.5,36.99,37.61,33.77,37.48,36.54,36.15,36.5,36.28,36.25,37.12,36.01,37.27,37.72,35.51,37.21,37.19,37.36,36.38,36.38,38.11,37.61,36.55
6,36.48,36.5,35.67,37.77,36.79,38.88,37.13,36.28,37.1,38.52,36.5,38.26,37.46,36.74,37.99,36.9,37.99,38.16,36.32,37.91,37.16,35.48,37.56,38.13,39.53,37.95,36.44,38.72,38.73,38.05
7,33.88,33.75,35.01,34.53,33.41,34.85,32.62,32.23,35.35,35.03,32.57,35.35,35.07,34.53,33.37,33.34,34.37,35.22,33.86,34.86,35.08,33.79,35.35,34.41,36.13,35.4,34.37,37.07,34.96,34.86
8,36.6,35.66,37.75,36.84,35.3,37.05,35.97,35.47,37.37,37.83,34.38,37.58,37.29,36.94,36.8,37.18,36.23,37.73,36.49,37.36,37.91,36.29,36.85,37.86,38.03,36.85,37.69,38.68,37.78,37.36
9,36.27,36.69,35.48,37.56,37.19,38.87,37.25,36.33,37.44,38.61,36.78,38.37,37.82,36.79,37.8,36.91,38.06,38.5,36.56,38.38,37.6,35.86,37.8,38.53,39.81,38.12,36.14,39.18,39.15,38.61
10,35.59,36.04,36.35,36.52,35.95,36.32,35.52,35.13,37.35,37.57,34.21,37.97,36.71,37.28,36.45,36.13,36.99,37.07,35.96,37.08,36.77,35.93,37.18,37.36,37.65,36.67,37.31,38.41,37.64,36.83
101,29.86,31.23,30.33,31.91,30.26,31.9,27.48,28.54,27.47,30.67,30.23,29.46,29.97,32.06,32.05,30.6,30.63,33.06,29.84,31.09,31.6,29.72,30.21,30.92,32.36,32.94,30.32,28.12,32.78,31.63
102,31.71,33.28,34.07,33.04,31.52,34.21,30.35,31.19,31.56,33.63,31.61,31.37,33.08,34.44,34.08,34.06,32.64,34.63,31.6,33.19,33.89,32.48,32.5,32.53,34.17,35.71,32.94,32.64,35.83,34.72
103,30.5,32.42,30.73,31.73,30.11,32.14,28.92,30.07,28.85,30.23,30.34,30.18,31.81,33.17,33.41,32.71,31.32,32.67,29.56,32.27,32.56,30.98,31.97,32.02,32.5,33.83,32.11,30.63,32.99,33.11
104,27.97,27.11,27.7,28.47,27.94,30.04,26.02,26.89,24.68,28.94,27.41,27.5,28.09,29.14,29.28,27.94,27.22,31.26,28.54,28.46,29.08,28.21,28.29,27.37,28.41,30.13,27.79,26.15,28.81,30.42
105,31.64,33.85,33.89,33.43,31.88,34.38,30.05,31.13,31.57,33.6,31.74,31.2,33.46,34.36,34.3,33.79,33.13,35.09,32.17,33.5,34.19,32.8,32.36,32.53,34.09,35.65,32.88,31.94,35.91,34.67
106,34.17,32.62,36.62,34.49,33.18,37.17,31.98,33.42,29.13,35.37,32.35,33.07,33.04,34.67,35.29,32.68,32.16,34.81,35.3,32.1,34.71,33.16,32.75,31.22,34.14,36.05,31.65,31.68,34.48,37.39
107,28.21,26.97,28.67,28.07,27.69,29.91,26.45,27.57,25.29,28.89,27.17,28.59,28.31,28.52,29.78,27.53,26.98,29.81,28.89,27.66,28.63,27.2,27.77,27.13,28.83,29.61,26.5,26.35,27.87,30.41
108,30.94,32.93,32.14,32.76,31,33.17,28.58,30.32,29.56,31.89,31.96,30.28,32.18,33.88,33.62,33.21,32.27,34.28,31.7,32.81,33.08,31.64,31.98,32.2,33.48,34.61,32.91,31.54,34.53,33.83
109,30.87,31.23,32.66,31.44,30.83,33.93,28.64,30.01,26.87,32.2,30.12,29.98,30.93,33.15,32.26,31.07,30.69,34.07,32.02,30.97,32.44,31.46,30.87,29.96,32.13,33.81,30.89,29.5,33.38,34.51
110,31.08,31.22,33.41,31.09,31.4,32.96,28.4,29.69,30.19,34.01,31.42,30.2,31.15,33,32.82,31.38,30.74,33.28,31.99,31.12,32.54,31.57,31.22,30.95,32.79,34.2,31.28,31.86,34.31,34.08
111,31.63,32.56,34.15,32.33,31.56,33.86,29.79,30.32,31.64,34.09,31.68,30.95,32.49,33.74,33.74,33.26,32.04,34.1,32,32.52,33.78,32.29,32.31,32.13,33.94,35.4,32.56,32.87,35.56,34.72
112,31.46,32.33,34.97,32.09,31.88,34.45,29.46,31.16,27.17,33.29,30.45,30.68,31.16,33.51,33.47,31.32,31.13,34.48,33.49,31.14,33.96,32.22,31.02,30.18,32.29,34.39,30.8,30.38,34.35,36.32
113,30.23,30.2,30.59,30.76,29.79,32.36,27.75,28.97,26.5,30.88,29.71,29.51,30.21,32.48,31.6,30.43,29.83,33.33,31.06,30.65,31.3,30.44,30.28,29.3,30.86,32.91,30.3,28.97,32.51,32.8
114,29.05,28.92,28.92,29.48,28.33,30.36,26.95,27.47,25.49,29.76,28.11,28.8,29.29,30.8,30.54,29.55,28.65,32.03,29.34,29.42,30.19,28.91,28.75,28.45,29.72,31.63,29.16,27.39,30.85,31.42
115,30.53,31.45,33.14,31.01,30.28,33.41,28.24,30.1,26.04,32.41,29.31,29.85,30.29,31.94,32.22,29.99,29.65,32.48,32.25,29.98,32.06,30.25,29.73,29.13,31.11,32.83,29.18,28.64,32.16,33.52
116,30.34,30.52,31.95,29.57,30.61,32.13,27.54,29.58,27.14,32.7,29.64,29.58,30.16,31.54,31.44,29,28.49,32.16,31.43,29.19,30.94,30.07,29.88,28.16,30.35,31.81,28.58,29.04,31.69,32.93
201,26.87,25.14,26.25,25.42,26.35,27.72,24.54,25.31,24.95,27.3,25.26,26.84,26.15,25.68,27.6,25.52,26.11,27.36,26.27,26.34,25.84,24.48,25.94,26.63,27.06,26.98,24.49,25.57,25.89,27.39
202,32,30.51,31.47,30.37,32.21,30.82,27.61,29.84,29.06,35.1,30.41,30.99,31.87,33.32,32.91,30.69,30.76,33.65,31.45,29.7,32.71,30.58,33.29,28.55,31.31,32.33,30.22,30.91,32.08,33.14
203,32.723,31.345,32.873,31.636,31.767,33.23,29.497,30.169,28.875,34.41,31.992,32.081,32.969,34.912,34.638,31.588,32.029,33.649,32.595,31.446,33.215,32.397,34.08,30.543,33.167,34.149,32.541,33.55,33.212,35.044
204,27.154,25.895,27.392,25.452,26.91,28.763,24.512,26.212,24.493,27.744,25.89,26.848,27.19,26.98,27.826,25.913,25.235,28.989,27.077,26.394,27.288,25.815,26.657,25.747,26.569,27.791,25.136,25.178,26.291,28.593
205,26.14,24.93,26.87,25.29,26.52,28.13,24.31,25.42,23.83,27.13,25.27,26.48,26.51,26.72,27.76,25.79,25.15,27.97,26.89,25.78,26.3,25.34,26.27,25.76,26.66,27.49,24.7,24.56,25.81,27.8
206,33.303,31.969,32.679,32.253,32.788,33.611,29.728,30.89,29.203,34.446,31.894,32.362,32.562,34.187,34.773,31.642,31.664,33.863,33.072,31.521,33.842,31.707,33.646,30.79,33.598,34.497,32.183,33.071,33.17,34.898
207,30.17,29.108,30.085,29.347,29.951,30.628,27.495,28.153,26.608,31.117,28.509,29.505,29.49,30.539,31.192,28.361,28.938,30.582,30.176,28.501,30.605,27.978,30.391,28.092,30.77,31.196,28.139,28.882,29.583,31.445
208,36.419,35.428,35.198,36.058,37.915,36.355,31.289,34.664,34.523,41.083,35.828,36.085,36.758,38.662,37.898,35.812,36.346,39.403,35.559,35.203,37.953,35.611,39.036,31.992,37.295,37.768,35.352,36.232,38.351,37.836
209,25.5,23.95,24.51,24.32,25.22,26.41,23.24,24.32,23.96,26.14,23.99,25.77,25.08,24.25,26.2,24.4,24.59,26.33,25.19,24.85,24.63,23.48,24.57,25.36,25.5,25.67,23.08,24.24,24.85,26.28
210,26.9,26.36,26.92,25.69,26.71,27.78,24.32,25.68,23.88,27.92,25.64,26.33,26.74,26.74,27.57,25.55,24.76,28.16,26.74,25.74,26.82,25.68,27.34,24.98,25.92,27.24,25.04,24.86,26.13,27.88
211,34.526,34.231,33.84,35.131,38,35.456,31.027,35.047,34.546,41.23,35.06,34.038,36.456,38.203,36.909,35.462,35.684,38.574,34.472,34.758,36.735,35.824,38.365,32.393,35.897,36.53,35.662,35.153,36.967,36.791
212,31.73,31.93,31.61,31.53,34.27,32.49,29.19,32.12,31.14,37.34,32.18,32.03,34.08,35.12,33.9,32.38,32.59,34.97,31.32,31.59,34.1,33.54,35.77,29.8,32.96,33.77,32.35,31.46,33.71,33.74
213,36.93,35.74,35.4,36.97,39.45,37.32,32.16,36.37,35.88,42.79,37.42,36.28,37.78,40,38.97,37.1,37.97,41.15,35.86,36.48,38.57,37.28,40.04,33.32,37.64,38.4,36.92,38.01,39.15,38.84
214,33.95,32.31,33.42,32.58,32.87,34.13,30.39,30.9,29.02,35.02,32.62,32.83,33.1,34.95,35.39,32.04,32.54,34.18,33.73,31.9,34.55,32.9,34.61,31.35,34.2,35.14,32.98,33.95,33.35,35.7
215,26.193,24.486,26.01,25.141,25.517,27.511,24.181,25.321,24.525,27.068,25.187,26.423,25.678,25.067,26.948,25.112,24.919,27.53,25.949,26.058,25.78,24.343,25.119,25.37,26.532,26.627,24.062,24.602,25.427,27.18
302,31.05,30.17,29.93,31.4,30.81,31.45,29.81,30.46,27.75,33.88,30.84,33.07,33.68,33.49,33.48,32.02,31.05,35.37,31.17,33.31,32.88,32.1,31.25,28.11,31.31,33.61,29.68,30.28,32.49,35.83
303,32.8,32.37,32.64,33.99,32.59,34.27,32.08,31.79,31.56,34.57,33.74,33.76,33.8,34.22,34.25,34.14,31.11,34.87,33.35,33.22,33.54,32.41,35.52,32.57,34.42,35.37,32.99,33.16,34.32,35.26
305,30.75,29.96,29.63,30.52,31.16,31.5,29.81,30.24,29.64,32.36,31.91,31.78,32.56,31.74,32.59,32.87,29.85,32.95,30.64,30.9,31.67,29.01,32.66,29.7,33.21,33.48,30.44,30.88,31.31,33.56
306,33.12,32.12,33.46,34.01,32.9,34.6,32.6,31.77,32.4,34.8,33.82,33.68,33.95,33.47,34.43,34.12,31.59,34.68,33.96,33.37,33.94,33.02,36.18,33.56,34.74,35.25,33.22,33.9,34.72,35.55
307,34.62,33.64,33.76,35.03,34.46,36.24,32.98,33.91,32.21,35.72,34.18,34.01,35.93,34.87,36.63,35.48,32.39,37.1,33.26,34.52,35.71,33.35,36.21,32.83,35.83,36.78,34.23,33.48,35,36.75
310,35.14,33.24,34.52,34.97,34.06,35.67,33.66,33.97,33.12,36.34,35.73,36.14,35.96,35.41,36.08,36.98,34,37.09,35.25,35.63,35.99,33.85,36.97,34.83,37.24,37.8,34.91,35.48,38.1,37.12
311,33.17,31.9,33.36,33.21,33.15,34.11,32.76,32.49,32.33,35.27,33.71,34.41,34.48,33.52,34.41,34.41,32.44,35.15,33.51,33.51,34.03,32.89,35.76,33.72,35.58,36.01,33.12,34.69,35.58,35.96
312,36.54,35.08,35.36,36.83,36.63,36.8,34.04,34.73,35.47,36.42,35.51,35.42,36.89,36.07,37.12,37.15,35.32,38.27,35.68,36.92,37.23,35.11,38.87,35.15,37.4,38.47,35.92,35.97,37.78,38.64
313,31.58,31.23,31.05,32.08,32.17,32.83,31.51,30.76,31.05,33.89,32.35,32.87,33.21,31.96,33.38,33.04,30.94,33.99,32.01,31.59,32.54,30.87,34.16,31.19,34.38,34.81,31.6,32.48,33.85,34.32
314,33.6,33.14,33.84,35.27,33.87,35.37,32.42,33.17,32.09,34.63,34.82,34.4,34.78,35.6,35.41,35.21,32.15,35.96,33.73,34.27,35.12,33.98,36.75,33.38,35.38,36.5,34.71,33.72,35.53,36.14
315,31.559,32.187,30.706,32.948,32.621,33.958,29.463,31.239,29.252,33.616,32.073,33.492,34.321,35.433,34.254,32.332,31.736,33.945,31.015,34.029,33.208,31.839,31.122,30.467,32.524,34.561,30.533,30.736,34.06,34.383
316,31.54,30.63,31.41,32.06,32.17,33.07,30.83,31.47,30.36,34.2,33.23,32.62,33.78,32.93,34.18,34.1,30.85,34.46,31.53,31.56,32.86,30.71,33.2,30.54,34.77,34.94,31.66,31.72,33.8,34.78
317,34,32.91,33.71,34.58,33.68,35.05,32.39,34.02,30.53,34.69,33.66,34.43,36.85,34.87,36.23,35.82,32.83,37.72,32.84,34.98,35.7,34.02,34.49,31,35.36,36.43,33.88,33.18,35.19,37.08
318,34.41,33.17,33.94,35.67,34.58,34.98,32.21,33.58,33.1,34.52,34.46,33.6,35.09,35.07,35.9,35.21,33.43,37.01,33.85,35.34,36.05,33.88,37.54,33.35,35.84,36.9,34.67,34.15,36.07,37.13
319,32.9,31.91,32.51,34.14,32.99,34,31.28,32.46,31.5,33.42,33.7,32.83,33.78,33.98,34.56,33.73,31.38,35.31,32.54,33.51,34.35,32.4,35.57,32,34.46,35.2,33.1,32.65,34.28,35.41
320,36.93,35.69,36.72,38.4,36.91,38.35,35.86,35.87,35.59,38.18,37.16,36.42,37.39,37.02,37.84,37.68,35.45,38.38,37.68,37.03,38.39,36.26,39.93,36.78,38.48,39.05,37.71,37.02,38.88,39.03
321,32.52,32.55,32.75,33.38,32.11,33.8,32.41,32.02,32.88,34.83,33.4,33.9,34.5,33.12,34.41,34.14,32.18,34.53,34.08,32.77,33.8,31.56,35.59,34.03,34.96,35.66,33.43,34.33,34.95,35.92
322,33.61,32.14,32.98,34.6,33.63,34.23,31.64,32.17,32.29,33.79,32.96,32.77,33.88,33.56,34.53,34.16,32.15,35.44,33.24,34.33,34.83,32.83,36.49,32.71,34.72,35.72,33.67,33.54,35.03,35.88
323,30.46,29.31,29.09,29.75,30.83,30.55,28.21,30.08,26.57,31.08,31.02,30.24,32.54,31.11,31.88,31.88,29.23,33.68,28.46,31.22,31.02,29.35,30.28,26.17,30.8,32.21,29.78,29.05,30.07,33.13
401,32,31.1,31.68,32.02,32.02,32.95,30.18,30.92,30.73,32.59,31.48,31.92,33.32,32.85,33.05,33.25,30.48,33.93,31.35,32.31,33.24,31.17,34.73,30.64,33,34.51,31.82,31.67,33.7,34.75
402,32.61,32.19,34.15,34.25,33.59,34.43,31.46,32.16,31.73,33.51,33.44,33.06,33.53,33.78,35.01,34.26,31.93,34.61,32.97,32.86,34.24,32.62,35.03,32.62,34.22,34.4,33.65,33.26,34.72,34.65
403,32.504,31.568,31.881,33.11,32.91,33.185,29.988,31.81,29.626,33.049,32.51,32.08,34.467,33.695,34.975,34.071,31.041,35.145,31.599,32.404,34.311,31.618,34.852,30.551,33.119,34.873,32.203,31.653,33.335,34.909
404,37.07,35.61,37.3,38.04,37.46,38.7,35.36,37.55,35.65,36.58,37.77,36.24,37.73,38.25,38.39,37.93,35.35,38.48,35.63,36.52,37.74,36.2,38.74,36.02,37.36,38.65,37.12,35.99,37.82,38.18
405,30.49,30.31,30.93,31.33,31.4,32.15,29.14,29.8,29.64,31.84,31,31.15,32.59,31.8,33.3,32.98,29.93,33.22,30.63,31.22,32.73,30.52,34.37,29.63,32.23,34.03,30.86,31.04,33.57,34.39
406,35.598,34.024,34.382,35.845,34.671,36.436,32.384,34.819,31.934,34.716,34.954,33.956,37.289,37.394,37.766,36.867,33.619,38.223,33.442,35.131,36.445,34.2,36.249,33.194,35.762,37.248,35.122,33.654,34.985,37.211
407,35.6,34.67,36.04,36.58,35.71,37.22,34.39,35.05,34.28,36.18,36.11,35.54,36.24,36.29,37.35,36.93,33.69,37.12,35.27,35.55,37.22,35.05,37.93,34.78,36.45,37.56,36.31,36.47,36.85,37.44
408,36.23,35.25,36.15,37.1,36.26,37.54,35.46,34.86,35.38,37.72,36.27,36.3,37.24,36.22,37.38,37.02,34.9,37.95,36.92,36.88,37.16,35.41,39.18,36.31,38.04,38.62,36.22,36.78,38.42,38.46
409,35.37,34.05,34.96,35.22,35.11,35.98,34.08,33.51,34.23,35.96,35.33,35.17,36.58,35.62,36.58,36.09,34.01,37.22,34.95,36.07,36.19,34.36,38.34,34.67,36.54,37.68,35.05,35.73,37.31,38.28
410,36.39,36.44,37.31,38.12,37.59,39.05,35.75,37.22,36.19,37.97,37.41,37.14,37.52,37.22,38.25,37.88,35.31,38.42,37.7,36.92,38.62,36.92,39.42,36.46,38.44,39.07,37.83,38.17,38.58,38.85
411,34.37,34.48,34.83,36.19,35.44,36.71,34.13,34.3,34.79,36.23,34.98,35.31,35.92,35.3,35.41,35.76,34.03,35.65,35.8,34.89,35.81,34.35,37.02,35.3,37.04,36.78,35.28,36.07,36.43,36.8
412,31.37,32.37,31.86,32.84,32.97,34.06,31.9,31.53,33.61,34.2,32.4,33.73,33.29,32.72,33.59,32.82,31.07,33.52,32.97,32.82,32.75,30.99,33.92,32.91,34.27,34.21,31.97,34.08,34.12,34.52
413,31.33,31.22,32.58,32.36,31.82,33.03,30.63,30.56,30.1,32.27,31.98,31.83,32.5,32.72,33.65,32.83,30.18,33.48,31.41,31.81,32.78,31.37,34.52,31.02,33.13,33.4,32.41,32.18,33.26,33.79
414,28.96,28.05,27.93,28.34,28.27,29.1,25.95,27.36,25.87,28.77,28.65,27.8,30.47,29.42,30.39,30.06,26.09,29.53,27.07,28.07,29.89,27.21,29.4,25.4,28.71,30.34,27.38,27.68,28.4,30.7
501,37.581,36.537,38.231,37.047,37.663,37.976,35.622,37.041,36.653,37.694,37.425,36.884,37.802,37.927,38.491,38.601,37.761,38.775,36.484,37.232,37.274,36.522,39.515,36.779,37.714,38.93,37.63,37.348,37.587,38.103
502,36.88,36.69,38.05,37.41,37.81,38.77,36.17,37,37.32,38.13,37.4,37.68,38.63,38.52,38.67,38.41,38.45,38.16,37.42,37.72,37.7,36.31,39.16,37.46,37.96,38.87,38.5,38.53,38.02,38.73
503,37.58,35.58,38.08,38,37.73,37.79,35.05,36.74,36.29,37.02,37.57,36.12,37.42,37.83,37.91,37.47,36.62,38.01,35.99,36.97,37.01,36.28,39.14,36.32,37.55,38.78,36.83,36.85,37.36,37.99
504,44.12,42.31,43.79,42.15,42.61,40.97,40.91,42.47,41.47,41.4,43.07,41.08,43.42,43.4,44.19,43.69,42.64,44.77,42.33,43.3,43.25,42.74,44.25,41.62,43.55,44.67,42.74,42.3,43.4,43.36
505,34.92,34.67,35.98,35.79,35.65,36.74,34.01,34.49,35.57,35.95,34.53,36.51,37.55,36.06,36.77,35.72,36.15,36.19,35.39,36.09,36.3,34.22,37.06,35.41,36.75,36.59,35.63,37.53,36.42,36.64
506,47.82,45.91,47.39,45.35,45.67,44.89,44.49,46.5,44.67,44.73,46.83,44.03,47.01,45.23,47.5,47.22,45.6,47.92,46.08,46.67,46.62,45.21,46.21,45.22,47.93,48.11,46.52,45.4,46.37,47.48
507,36.62,35.83,37.5,37.29,36.47,37.41,34.82,35.05,37.04,37,35.15,37.24,38.54,36.75,37.4,36.41,37.19,37.51,36.71,37.13,37.87,35.66,38.12,36.8,38.15,37.18,36.45,38.68,37.65,37.51
508,43.04,41.16,42.98,40.85,41.22,40.2,40.06,41.51,40.52,40.67,42.07,39.71,42.62,41.35,42.72,42.82,41.46,43.27,41.13,41.91,41.44,40.93,42.31,40.86,42.98,43.35,41.7,41.13,41.92,42.59
509,37.251,36.016,38.013,37.898,37.815,37.998,35.517,36.712,36.263,37.278,37.475,36.371,37.523,37.838,37.885,37.904,37.217,37.893,36.609,37.202,36.994,36.567,39.187,36.601,37.734,38.552,37.303,36.802,37.491,38.413
510,36.39,36.34,37.66,37.28,37.22,38.12,35.68,35.92,37.2,37.55,36.06,37.67,38.91,37.7,38.34,37.32,37.79,37.4,36.8,37.56,37.78,35.8,38.6,36.84,38.15,37.65,37.27,38.94,37.92,38.05
511,36.61,36.57,38.08,37.19,37.6,38.42,35.88,36.2,37.5,37.84,36.63,37.88,38.94,38.2,38.43,37.66,38.08,37.69,37.09,37.59,38,35.98,38.87,37.2,38.18,38.2,37.85,38.95,37.88,38.37
512,40.76,38.89,40.88,39.98,39.76,39.37,37.63,39.71,38.79,39.35,40.33,38.4,40.4,40.64,41.07,40.89,39.78,41.8,39.03,40.13,40.17,39.28,42.06,38.93,40.54,42.38,39.6,39.85,40.48,40.57
601,47.3,48.15,49.78,48.04,48.78,47.73,48.06,47.95,46.45,48.29,47.3,47.48,48.91,47.32,49.39,48.7,48.36,47.62,47.45,47.59,47.72,47.72,48.67,47.35,49.39,49.43,49.24,49.25,48.41,49.19
602,45.14,45.3,46.93,45.6,45.81,45.37,44.99,45.73,44.79,45.49,45.75,44.84,46.14,45.93,46.94,46.11,45.58,45.93,45.67,46.47,44.81,44.92,46.34,45.32,46.52,47.74,46.39,46.85,46.46,45.81
603,49.691,50.017,50.942,49.689,50.275,49.29,49.303,49.111,49.084,49.539,49.343,49.2,49.982,49.913,51.212,50.443,49.639,49.331,49.538,49.809,49.037,49.62,50.344,49.501,50.471,51.391,50.679,50.543,50.572,50.598
604,38.05,38.32,39.84,38.67,38.71,38.58,36.65,37.94,37.85,38.32,37.64,38.78,38.74,38.24,39.87,38.64,38.56,38,38.19,38.81,37.86,37.43,39.26,38.19,39.22,39.86,38.62,40.28,39.08,38.35
605,48.39,49.56,50.56,49.46,49.51,48.92,48.89,49.24,47.73,48.87,48.35,48.85,49.99,48.52,50.71,49.76,49.55,48.17,49.41,49.5,48.49,49.3,50.15,48.71,50.31,50.69,50.75,49.9,50.07,50.36
606,47.045,47.818,48.524,48.335,48.027,47.172,45.781,47.917,46.671,46.705,47.254,46.941,47.546,47.523,49.507,48.291,47.648,46.837,47.894,47.9,46.834,47.429,48.247,47.501,48.785,49.822,49.036,48.31,49.184,48.13
607,49.54,50.06,50.75,48.93,49.99,48.86,48.94,49.66,49.39,49.33,49.55,48.87,50.47,50.35,50.87,50.21,49.25,50.04,49.13,50.59,49.29,49.75,49.75,49.48,50.91,50.7,50.39,50.47,49.96,50.31
608,41.99,42.26,44.07,42.66,42.79,42.56,41.68,42.2,41.64,42.33,42.42,42.26,42.89,42.66,43.71,43.29,42.59,42.5,42.77,43.22,41.9,41.87,43.31,42.32,43.2,44.63,43.38,44.12,43.64,42.67
609,50.083,50.459,50.871,49.318,50.267,48.966,49.22,49.573,49.704,49.66,49.776,49.317,50.789,50.664,51.243,50.414,49.656,50.648,49.538,50.75,49.473,49.952,49.87,49.491,50.735,51.362,50.548,50.925,50.264,50.489
610,47.678,47.926,48.976,48.712,48.219,47.045,46.299,48.009,46.543,47.298,47.577,47.18,48.172,47.82,49.92,49.204,48.006,47.251,48.215,48.349,47.168,47.887,48.625,47.762,49.052,50.275,49.394,48.581,49.75,48.782
611,49.97,50.16,51.22,49.7,50.64,49.49,49.77,49.76,49.66,49.81,49.52,49.55,50.12,50.23,51.28,50.07,49.76,48.94,49.63,50.09,49.26,49.93,50.48,49.83,50.94,51.14,50.9,50.84,50.51,50.8
612,49.182,49.312,50.315,49.546,49.702,48.792,48.322,49.036,48.381,49.119,48.796,48.348,49.503,49.432,50.869,50.173,49.001,48.659,49.569,49.803,48.689,49.252,49.821,48.708,49.789,51.683,50.446,50.063,50.698,49.931
613,43.16,43.188,44.578,43.623,43.662,42.86,41.963,43.295,42.39,43.111,42.905,42.954,43.58,43.401,44.827,44.356,43.241,43.048,43.515,43.868,42.905,42.701,43.851,43.135,44.149,45.681,44.302,44.739,44.85,43.667
614,49.59,49.98,50.89,49.52,50.36,49.22,49.36,49.19,49,49.77,49.3,48.7,50.15,50.1,50.86,50.55,49.07,50.27,49.3,49.9,48.92,49.76,50.13,49.21,50.15,51.58,50.35,50.75,50.56,50.38
615,40.61,41.13,42.16,41.6,41.34,40.88,39.13,41.46,40.28,40.71,40.62,40.87,41.34,41.02,43.21,41.98,41.06,40.97,40.87,41.43,40.08,40.24,41.77,41.22,42.34,43.32,41.67,42.49,42.54,41.11
616,48.06,48.41,49.43,49.15,48.61,47.59,46.61,48.31,46.92,47.51,48.15,47.82,48.56,48.28,50.15,49.59,48.5,47.61,48.75,48.64,48,48.39,49.13,48.29,49.71,50.42,49.88,48.84,50.01,49.27
617,43.45,43.59,45.18,44.1,44.3,43.44,42.85,43.77,42.72,43.43,43.52,43.37,44.15,43.91,45.3,45.07,43.91,43.52,44.26,44.7,43.51,43.54,44.51,43.79,44.59,46.34,44.67,45.27,45.44,43.89
618,48.08,48.85,49.87,49.44,48.71,48.27,46.68,48.61,47.55,47.91,48.09,48.44,48.94,48.26,49.98,49.37,49.09,47.87,49.2,48.89,48.19,48.93,49.23,48.52,50.21,50.52,50.65,48.97,49.99,49.8
701,34.62,33.55,35.61,35.24,34.91,37.51,33.65,33.57,35.53,35.34,32.02,35.38,35.9,35.96,34.29,35.71,34.77,35.26,34.75,35.45,35.34,34.43,34.7,35.87,36.66,34.92,35.87,35.56,35.68,34.49
702,36.87,36.24,37.53,37.96,36.9,38.66,36.19,35.71,37.48,36.83,34.84,37.07,38.46,36.41,36.37,36.86,36.83,36.85,36.9,37.52,38.17,37.07,36.96,37.35,38.53,36.68,37.92,37.89,37.27,36.35
703,32.16,32.02,32.99,33.36,32.99,34.71,30.89,31.36,33.21,33.02,29.7,32.9,33.46,32.62,31.94,33.19,32.08,32.94,32.21,32.69,33.25,31.74,32.13,32.89,34.61,32.12,33.53,34.35,33.73,32.78
704,39.88,40.3,41.54,40.47,40.28,40.61,39.33,39.82,40.34,39.69,38.4,40.69,41.57,39.4,40.24,39.93,40.09,40.84,40.02,40.75,41.02,40.79,41.1,40.67,42.05,40.58,40.81,41.6,40.59,39.33
705,39.18,39.62,40.83,39.97,40.34,40.79,38.84,39.22,39.76,39.75,38.41,39.99,41.72,39.19,40.56,40.03,39.84,40.32,39.5,40.88,41.07,40.42,40.55,40.12,40.73,40.22,39.81,40.77,40.46,39.13
706,34.1,34,34.95,34.6,33.73,35.06,32.72,32.84,34.22,34.07,31.97,35,35.49,33.82,33.56,34.03,34.01,34.03,33.53,34.2,34.75,33.27,34.13,34.2,35.92,34.21,34.55,36.05,34.52,34.82
707,37.012,36.476,37.688,37.179,36.561,38.774,36.102,36.088,37.437,36.874,34.581,37.465,38.347,36.548,36.64,36.921,36.757,36.935,36.773,37.482,37.809,36.907,37.288,37.033,38.638,37.083,37.711,38.211,37.19,36.713
708,38.87,38.67,40.32,39.41,39.19,40.25,38.66,38.03,39.34,38.77,37.1,39.4,40.66,38.47,39.13,39.09,39.1,39.36,39.11,39.67,40.34,39.43,39.89,39.57,40.92,39.33,40.17,40.18,39.56,38.76
709,37.34,38,38.96,38.27,37.78,38.8,36.8,38.07,37.9,38.01,36.49,38.6,38.87,37.58,37.9,37.44,37.86,38.45,37.91,38.57,38.08,38.2,38.49,38.25,39.96,38.52,38.3,38.68,38.2,37.76
710,40.87,42.12,42.89,42.47,42.05,41.78,39.68,42.23,41.01,41.01,40.91,41.22,41.23,41.58,43.27,41.9,42.18,41.3,41.95,41.59,41.24,40.86,42.4,41.87,43.18,42.94,41.97,43.34,43.01,42.12
711,42.651,43.586,43.676,44.062,44.141,44.116,41.808,43.543,43.453,43.795,42.641,44.507,44.165,43.824,43.899,43.821,43.967,43.753,43.386,45.298,43.775,44.912,44.216,44.307,44.285,44.355,44.578,44.087,43.794,43.679
712,37.01,36.05,37.92,37.92,36.26,38.29,35.41,35.35,37.36,36.92,34.38,37.59,38.37,36.64,36.53,37.16,36.74,36.94,36.47,37.59,37.83,36.06,36.87,37.53,38.84,37.13,37.94,38.7,37.65,37.53
713,39.734,41.022,41.561,41.503,41.084,40.984,38.959,40.938,41.122,40.346,39.4,40.272,40.492,40.7,41.774,40.77,41.069,40.278,41.069,40.466,40.418,40.119,41.585,41.12,42.514,41.475,40.688,42.139,41.555,40.942
714,36.98,36.42,37.55,37.99,37.16,39.1,36.18,36.17,37.91,37.56,34.94,37.34,39.19,37.07,36.69,37.29,37.33,37.16,37.21,37.99,38.26,37.6,36.88,37.18,38.91,36.94,37.99,37.87,37.25,36.7
715,43.07,43.82,44.36,44.77,45.27,44.19,41.84,42.65,44.21,43.34,42.76,43.84,43.77,44.36,44.15,44.37,44.23,44.32,43.95,44.66,44.04,45.76,44.15,45.55,44.34,44.74,46.11,43.77,44.02,45.33
716,36.81,35.99,37.52,37.66,36.76,38.86,36.36,35.91,37.91,37.71,34.49,37.68,38.52,36.88,36.62,37.51,36.73,37.24,36.92,37.36,37.95,37.09,36.98,37.2,38.71,36.89,38.23,37.99,37.59,36.65
717,34.85,33.75,34.93,35.12,35.01,37.41,33.76,33.82,35.56,35.47,32.37,35.34,36.02,35.21,34.15,35.62,34.75,35.3,34.76,35.5,35.42,34.74,34.49,35.31,36.54,34.24,35.94,35.68,35.41,34.57
718,34.664,33.889,35.096,35.152,34.891,37.136,33.7,33.655,35.525,35.4,32.243,35.445,36.03,34.824,34.088,35.314,34.438,35.175,34.447,34.86,35.356,34.351,34.094,35.148,36.498,34.203,35.929,35.825,35.568,34.624
719,41.92,42.07,43.49,42.41,42.6,42.77,40.81,42.04,41.96,42.14,40.77,42.72,43.79,42,43.09,42.82,42.46,42.67,42.07,43.58,43.05,42.99,43.18,42.67,43.52,42.6,42.6,43.69,42.58,41.46
720,43.11,43.93,45.48,44.24,43.98,44.49,42.41,44.09,44.03,44.18,43.06,44.64,44.24,44.03,43.75,43.36,44.1,44.1,44.04,44.51,43.83,44.83,44.38,44.41,45.4,44.87,44.74,44.94,44.23,44.11
721,42.97,43.18,43.94,43.33,43.52,42.65,41.1,42.7,43.17,42.08,42.57,43.82,42.81,43.18,43.28,44.77,42.99,43.62,43.95,43.7,43.24,44.96,43.85,45.25,43.48,44.19,44.85,42.81,43.11,45.19
722,43.32,43.8,44.03,43.86,44.13,43.65,41.85,43.72,43.34,43.13,43.12,43.71,43.5,43.98,44.46,43.57,43.54,43.29,43.74,43.67,44.07,43.91,44.44,44.46,44.95,44.45,44.17,45.48,44.56,45.01
801,35.738,36.682,37.144,36.728,37.024,38.36,34.808,35.739,36.874,36.47,34.783,36.456,37.818,36.693,36.601,36.988,36.353,36.371,35.677,37.645,37.947,36.065,36.271,36.702,37.678,36.138,36.707,37.13,36.542,35.718
802,43.083,43.868,44.568,43.391,44.207,45.713,43.226,44.86,44.395,44.319,43.555,44.027,45.782,44.726,43.175,44.42,44.323,44.49,43.877,45.215,44.179,43.737,44.407,44.61,45.018,43.96,43.962,44.201,43.585,42.795
804,37.638,37.752,38.769,38.868,38.882,41.019,37.747,38.466,38.719,39.699,37.321,39.017,40.429,39.583,38.449,39.85,38.493,39.171,39.006,40.189,39.459,39.177,39.089,38.99,40.487,38.816,39.597,39.236,38.987,38.175
805,35.23,35.59,36.207,36.734,36.823,38.514,35.27,36.307,35.718,37.343,35.464,36.875,38.009,37.173,36.136,37.294,35.598,37.093,36.925,37.807,37.087,36.361,36.538,36.311,37.884,36.741,36.926,36.458,36.977,36.043
806,35.97,36.11,36.76,37,36.87,38.67,34.9,35.64,37.09,36.48,34.5,36.62,38.66,36.51,36.18,37.1,36.99,36.52,36.66,37.62,37.62,36.69,36.31,36.86,38.12,35.8,37.33,37.19,36.79,35.98
807,36.1,35.83,36.76,36.83,37.01,38.95,35.49,36.1,36.89,37.38,34.82,37.05,38.52,37.29,36.33,37.68,36.57,36.87,37,38.12,37.33,36.74,36.46,36.84,38.4,36.28,37.76,37.41,37.01,36.4
808,42.98,43.79,44.2,44.52,44.63,45.79,42.81,44.84,43.72,44.29,43.26,43.69,45.77,44.79,42.96,44.03,43.98,44.96,44.13,45.05,44.92,43.54,44.29,44.9,45.19,43.36,44.19,44.28,43.89,42.47
810,31.73,32.47,32.66,32.3,32.83,35.34,31.51,32.52,32.53,32.98,30.27,32.62,33.67,33.32,31.91,33.01,31.87,32.43,32.94,33.87,33.46,32.39,32.45,32.88,34.76,32.51,33.49,33.16,33.62,31.57
812,41.36,41.97,42.68,43.03,43.24,43.97,41.16,44,41.96,43.01,42.27,42.1,44.48,43.39,41.32,42.5,42.79,43.27,43.1,44.12,43.38,42.9,43.08,43.57,44.02,42.2,43.27,42.92,42.88,41.34
1001,38.8,39.64,39.3,41.29,39.74,41.21,41.25,39.3,40.64,41.7,39.23,41.2,40.71,41.53,40.56,41.22,40.89,41.76,39.49,42,41.63,40.39,41.11,42.55,41.25,41.13,40.32,42.21,41.76,41.58
1002,37.57,36.99,39.04,38.91,37.76,40.19,38,37.29,38.91,39.8,36.44,39.47,39.25,39.63,38.16,39.52,38.59,39.52,38.33,39.26,39.73,38.8,38.7,39.55,39.82,39.33,39.91,39.87,39.32,38.34
1003,38.36,37.77,40.27,39.9,37.89,40.51,38.52,37.84,39.61,40.34,36.65,39.83,40.07,39.82,38.92,40.19,39.07,39.89,38.94,39.99,40.45,39.35,39.26,39.82,41.07,39.87,40.4,40.34,40.04,39
1004,32.95,32.1,34.25,33.61,32.21,35.13,32.13,31.54,33.81,33.93,30.44,33.96,33.41,33.62,32.54,34.05,32.77,34.31,32.6,33.72,34.07,32.42,33.06,33.68,34.36,33.39,33.66,35.15,34.4,33.35
1005,31.62,31.23,32.36,32.33,31.06,33.25,30.03,30.09,32.34,32.5,28.59,32.26,32.53,31.84,30.88,32.05,31.11,32.01,31.22,31.71,32.41,30.29,31.42,32.02,33.26,31.55,32.01,33.63,32.64,32.17
1006,31.386,31.085,32.756,32.146,31.194,33.536,30.627,29.986,32.439,32.534,29.378,32.504,32.136,32.422,30.973,32.105,31.514,32.761,31.358,32.192,32.481,31.056,31.82,31.925,33.307,32.344,32.33,34.145,32.964,32.321
1007,29.69,29.49,30.86,30.48,29.73,31.29,28.65,28.23,30.7,30.91,28.04,30.87,31,30.34,28.87,29.27,29.84,30.6,29.53,29.91,30.6,28.97,30.03,29.84,31.54,30.18,29.82,32.06,30.25,30.07
1008,38.38,38.11,40.56,39.85,38.03,40.86,38.63,37.92,39.75,40.05,36.83,39.94,40.06,39.91,38.91,40.21,39.15,39.95,39.24,40.18,40.47,39.27,39.21,39.94,41.16,39.94,40.44,40.42,39.87,38.91
1009,34.22,33.74,35.96,35.36,34.06,37.25,34.07,33.76,35.82,35.7,32.52,35.63,36.22,36.34,34.51,35.85,35.25,35.49,34.81,35.63,35.72,34.56,34.43,36.25,36.5,35.08,36.3,36.06,35.86,34.97
1010,35.64,36.18,36.45,36.8,36.08,37.64,35.82,36.06,37.29,38.03,35.29,38.15,36.78,36.6,37.02,36.8,37.2,37.58,36.03,37.99,38.45,35.87,38.4,38.36,38.02,36.88,36.49,38.49,38.42,37.33
1011,35.62,34.72,36.64,36.31,34.59,36.98,34.7,33.88,36.41,36.67,33.12,36.37,36.11,36.17,35.12,36.16,35.17,37.22,35.26,36.03,36.44,35.03,35.67,36.57,36.5,36.06,36.19,37.82,36.64,36.07
1012,36.1,35.86,37.49,37.47,35.55,39.21,36.07,35.3,37.35,37.7,34.35,37.62,37.38,37.52,36.21,37.7,36.65,37.97,36.84,37.27,37.77,36.38,36.33,37.43,38.07,37.24,37.94,38.2,37.5,36.77
1013,40.046,41.296,41.732,43.273,42.067,43.549,42.494,41.037,42.784,44.674,41.656,43.987,43.123,43.507,42.139,42.77,42.644,43.637,42.332,43.712,43.261,43.178,43.021,43.246,43.983,43.949,44.041,43.822,44.119,43.126
1014,35.33,34.41,36.95,36.63,34.77,37.97,35.3,34.54,36.46,36.97,33.41,36.95,36.68,36.82,35.22,36.78,35.56,36.89,35.99,36.4,36.86,35.94,35.7,36.46,37.11,36.38,36.98,37.2,36.62,35.65
1015,36,36.43,36.52,38.05,36.43,38.17,37.51,36.46,37.66,38.47,35.66,38.35,37.04,37.85,37.49,37.8,37.7,38.66,36.44,38.17,38.44,36.8,38.58,39.12,37.92,37.58,37.07,39.52,38.61,38.33
1016,35.842,34.733,36.859,36.595,35.091,37.683,35.732,34.848,36.74,37.244,33.654,37.185,36.828,37.1,35.777,37.253,36.059,37.249,36.093,36.701,37.214,36.208,36.259,37.083,37.342,36.811,37.476,37.722,36.781,36.451
1017,36.46,36.49,38.39,37.93,36.08,39.36,36.55,36.02,37.87,38.09,34.87,38.02,38.05,38.18,37.06,38.26,37.55,38.06,37.26,38.04,38.45,37.17,37.01,38.19,38.89,37.71,38.63,38.64,38.01,37.15
1018,40.48,41.75,41.03,42.82,41.86,41.51,41.89,41.45,42.43,43.7,40.95,43.41,42.55,42.1,42.03,42.19,42.73,43.8,40.5,43.32,43.33,40.96,43.24,44.14,43.56,42.82,41.16,43.94,44.16,43.44
1019,34.05,33.12,35.24,35.28,33.38,37.12,33.73,33.06,35.21,35.68,32.13,35.53,35.31,35.62,33.93,35.48,34.16,35.77,34.46,35.1,35.55,34.25,34.46,35.21,35.78,35.05,35.51,35.96,35.51,34.59
1020,31.91,31.38,33.09,32.87,31.71,34.62,31.31,30.68,33.07,33.41,30.18,33.37,32.89,33.01,31.56,32.89,32.09,33.43,31.77,32.83,33.11,31.77,32.66,32.47,33.45,32.92,32.99,34.29,33.7,32.91
1101,44.53,44.984,44.395,44.728,45.358,44.955,43.627,44.999,45.387,45.077,44.662,44.73,44.802,45.439,44.459,45.742,44.696,44.502,43.619,46.493,45.59,45.589,45.188,45.43,45.485,45.03,44.018,44.433,43.82,44.116
1102,45.787,47.218,45.787,44.599,48.271,48.233,47.049,47.077,45.506,45.756,44.396,45.327,46.255,45.028,44.106,45.486,47.48,47.941,45.032,44.742,45.903,44.003,46.331,47.465,45.349,46.281,44.934,42.591,47.33,47.402
1103,39.38,40.01,40.86,39.1,39.99,41.31,38.95,40.4,40.38,40.79,39.49,40.11,41.54,41.27,39.18,39.93,40.2,40.14,39.44,40.71,40.41,39.79,40.26,40.35,41.19,39.77,40.32,40.11,39.68,39.02
1104,43.344,43.962,46.607,45.489,45.088,44.892,43.897,44.904,44.353,46.362,45.184,45.061,47.179,45.975,44.364,45.018,46.078,46.591,44.047,47.08,44.553,45.064,47.029,45.303,45.99,45.107,45.826,45.001,45.791,44.949
1105,40.338,41.067,42.047,40.743,41.257,42.234,40.25,42.034,41.198,41.876,40.686,41.228,43.048,42.51,39.931,40.979,40.924,42.03,40.972,42.321,40.918,40.791,41.662,41.249,42.196,40.833,41.152,41.395,41.186,40.022
1106,40.759,41.582,42.143,40.557,41.341,42.052,40.914,42.538,41.819,42.076,41.248,40.946,42.03,42.19,40.633,40.955,41.647,41.043,39.749,41.514,41.669,41.293,41.794,42.18,41.577,41.78,40.455,40.675,40.191,40.652
1107,43.729,45.602,44.34,43.767,45.747,45.414,44.188,45.594,45.33,45.252,44.86,44.175,44.479,45.156,43.184,44.132,45.553,45.469,43.625,44.525,45.221,43.569,45.069,45.753,45.159,45.536,43.421,42.568,43.999,44.374
1108,41.75,44.66,42.96,42.06,45.05,44.36,43.67,45.53,42.91,44.68,42.83,42.58,42.85,43.21,41.78,42.6,44.59,44.12,42.47,41.81,43.82,41.92,42.57,45.15,42.88,44.13,41.59,39.96,42.91,43.46
1201,35.83,35.02,36.59,36.94,36.56,38.08,34.91,36.78,34.96,36.28,36.67,35.84,36.54,37.26,37.28,36.73,35.75,37.24,35.7,35.45,36.78,35.25,37.63,35.07,36.54,37.92,36.62,35.63,37,37.75
1202,34.22,35.23,34.98,36.53,36.12,36.81,34.9,35.26,36.83,36.87,34.93,37.48,37.78,36.34,36.72,35.73,35.11,36.94,36.4,36.81,35.86,34.76,37.48,36.76,38.2,37.02,35.09,37.64,36.97,37.37
1203,34.49,34.55,35.35,35.87,35.92,37.57,34,35.14,34.89,35.92,35.55,35.7,36.29,36.02,35.96,35.89,35.03,35.8,36.03,35.04,36.08,34.48,36.87,34.66,36.61,36.93,35.94,36.27,36.18,36.97
1204,34.32,34.45,35.44,35.45,35.82,36.66,33.61,34.57,34.72,35.77,34.73,35.94,36.72,35.85,36.24,35.46,35.29,35.45,35.8,35.63,35.25,33.95,36.41,34.66,36.27,36.17,35.67,36.49,36.32,36.58
1205,34.592,34.805,35.755,36.158,35.63,36.549,34.308,34.781,35.831,36.438,34.276,36.995,38.116,36.036,36.543,35.659,36.033,36.857,36.072,36.224,36.413,34.721,37.02,35.851,37.591,36.876,35.025,37.687,36.491,36.746
1206,35.66,34.63,36.21,36.57,36.19,37.56,34.31,35.19,34.81,35.74,36.13,35.64,36.21,36.74,36.39,36.29,35.51,36.29,35.5,35.86,36.25,34.62,37.38,34.85,36.77,37.28,36.16,35.78,36.32,37.16
1207,32.71,33.41,33.19,34.43,34.36,35.46,32.68,33.25,34.31,34.94,33.37,35.19,35.45,34.44,35.05,34.14,33.39,34.57,34.96,34.3,34.29,32.52,35.62,33.97,35.68,35.27,33.8,35.8,35.11,35.53
1208,34.82,34.63,36.07,35.93,36.11,36.73,34.09,34.87,34.98,36.05,35.18,36.01,36.82,36.3,36.55,35.96,35.95,35.93,35.85,35.86,35.94,34.34,36.78,35.2,36.32,36.26,36.3,36.64,36.33,36.69
1209,36.55,35.25,37.12,37.39,37.07,37.75,34.83,35.72,35.48,36.36,37.08,35.86,36.59,37.26,36.91,36.64,36.02,36.8,35.78,36.45,36.68,35.09,38.06,35.51,37.05,37.55,36.51,35.91,36.56,37.62
1301,36.28,35.65,36.98,36.61,35.82,37.09,34.53,34.99,36.85,37.14,34.68,37.15,38,36.39,36.14,35.72,36.65,37.28,36.58,36.54,37.07,35.32,37.43,36.72,38.22,37.29,35.67,38.29,36.73,37.2
1302,35.3,35.08,36.78,35.91,35.14,36.48,34.2,34.16,36.8,36.77,33.95,36.88,36.95,36.1,35.15,35.21,36.17,37.19,35.75,36.37,36.81,35.18,36.94,36.13,37.85,36.64,35.92,38.45,36.63,36.37
1303,36.45,35.8,37.59,36.82,36.13,37.13,34.4,34.64,36.9,36.92,34.68,37,38,36.17,36.2,35.86,36.7,37.28,36.35,36.74,37.31,34.95,37.43,36.42,37.93,37.09,35.87,38.4,36.96,37.18
1304,35.731,35.964,36.369,36.453,35.876,36.694,35.726,35.389,37.35,37.543,34.624,37.994,37.175,37.344,36.399,35.843,36.87,37.426,36.24,37.156,36.684,35.921,37.331,37.676,38.294,37.131,36.624,38.818,37.567,37.137
1305,36.13,35.71,37.09,36.81,36.11,37.42,34.78,35.17,36.78,37,35.06,37.33,38.48,36.58,37.3,36.44,37.02,37.51,36.81,36.92,37.58,35.5,38.05,36.83,38.4,37.37,36.22,38.55,37.26,37.55
1306,34.95,35.58,36.05,36.64,35.76,36.74,35.46,35.13,37.06,37.55,34.46,37.83,38.03,37.33,36.72,35.53,36.27,37.13,36.13,37.07,36.9,35.87,37.45,37.08,38.11,36.68,35.49,38.65,37.16,36.77
1307,34.98,35.49,35.97,36.1,35.12,36.45,34.81,35.18,36.73,37.29,34.45,37.45,37.73,36.75,36.19,35.47,36.04,36.9,35.74,36.62,36.65,35.32,37.18,36.49,38.06,36.68,35.57,38.26,36.8,36.78
1308,33.99,34.31,34.23,35.11,34.97,35.28,34.16,34.12,36.24,36.53,33.28,36.98,35.32,36.12,35.43,34.68,35.4,35.87,34.92,36.12,35.46,34.57,36.01,36.38,37.12,35.86,34.73,37.43,36.38,35.89
1401,32.33,31.91,33.09,33.38,31.42,34.09,31.14,30.83,33.03,33.31,29.35,33.12,33,32.88,31.75,32.86,32.11,33.08,32.21,32.54,33.43,31.17,32.42,32.87,33.99,32.84,33.1,34.27,32.99,33.14
1402,32.768,32.124,33.697,33.758,32.155,34.934,31.841,31.375,33.687,33.979,30.505,33.982,33.68,33.452,32.19,33.441,32.729,34.021,32.557,33.223,34.068,32.252,33.161,33.319,34.366,33.431,33.527,34.919,33.928,33.616
1403,31.52,31.12,32.59,32.52,31.27,33.47,30.57,30.19,32.49,32.77,29.3,32.62,32.64,31.97,30.81,31.72,31.35,32.55,31.25,31.57,32.4,31,32.14,31.94,33.3,32.35,31.82,33.72,32.24,32.4
1404,34.76,34.29,36.03,36.06,34.4,35.19,33.3,33.26,35.43,35.29,32.52,35.65,35.58,34.74,34.5,34.56,34.78,35.01,34.71,34.9,35.81,33.82,35.03,35.01,36.54,35.29,34.68,36.82,35.4,35.38
1405,33.26,32.91,34.48,34.54,33.07,34.3,32.34,32.11,34.15,33.87,31.33,34.37,34.57,33.4,32.99,32.87,33.39,33.79,33.16,33.5,34.12,32.46,33.63,33.27,35,33.79,33.13,35.46,34.04,33.38
1406,30.7,30.42,32.02,31.71,30.53,32.23,29.9,29.46,31.43,31.55,29.11,31.8,32.52,30.91,30.24,30.29,30.91,31.28,30.51,30.72,31.38,29.78,31.2,30.55,32.23,31.17,30.57,32.93,31.08,30.63
1501,33.77,33.48,35.52,34.55,33.72,34.39,32.31,32,34.12,33.8,31.93,34.43,35.04,33.58,33.15,33.15,34.21,34.27,33.36,33.74,34.3,32.71,34.37,33.18,35.1,34,33.94,35.9,34.16,33.83
1502,35.15,34.75,36.67,35.53,35.19,35.81,33.41,33.6,36.03,36.11,33.2,35.89,36.3,35.32,34.65,34.58,35.48,36.14,34.94,35.35,35.94,34.27,36.29,35.23,36.71,35.96,34.86,37.84,35.8,35.68
1503,36.906,36.761,38.919,37.533,37.579,37.663,35.175,35.856,37.123,37.16,35.939,37.276,38.21,37.127,37.287,36.799,37.486,37.081,36.459,37.428,37.117,35.952,38.074,36.819,38.312,37.909,37.444,39.203,37.88,37.552
1504,35.16,34.82,36.83,35.66,35.18,35.76,33.39,33.52,35.76,35.78,33.03,35.69,36.46,34.95,34.25,34.53,35.39,35.4,34.75,35.01,35.76,33.99,35.91,34.71,36.61,35.51,35.05,37.26,35.64,35.51
1505,36.1,35.59,37.65,36.37,36.34,37.07,34.31,34.7,36.41,36.36,35.02,36.5,37.55,36.57,36.54,35.82,36.44,36.68,35.61,36.29,36.49,34.66,37.14,36.2,37.09,36.8,36.49,37.77,36.4,37.07
1506,39.846,39.29,41.236,39.425,40.205,40.507,38.099,39.25,39.094,40.015,39.376,39.478,40.593,39.965,40.653,40.219,40.137,40.436,38.869,40.185,39.204,38.437,41.183,39.899,40.816,40.855,40.277,40.639,40.093,40.469
1507,34.22,33.85,35.67,34.58,33.69,34.84,32.72,32.27,35.09,35.04,32.27,35,35.31,34.49,33.1,33.41,34.51,34.86,34.23,34.38,35.47,33.66,34.74,34.04,36.05,35.47,34.16,36.73,34.85,34.82
1508,35.04,34.66,36.77,35.24,35.24,35.64,33.1,33.63,35.13,35.12,33.8,35.09,36.13,35.23,34.93,34.64,34.99,35.27,34.24,34.96,35.29,33.48,35.99,34.94,36.5,35.9,35.47,37.44,35.76,35.72
1509,40.3,39.82,42.19,40.77,41.03,40.96,39.13,40.43,39.56,40.54,40.2,40.14,41.38,40.27,41.44,40.72,40.98,40.92,40.4,41.5,40.09,39.3,41.54,40.31,42.23,42.11,41.37,41.93,41.04,40.67
1601,41.31,40.08,42,40.08,39.69,39.53,39.03,39.65,39.37,39.86,40.48,39.29,41.4,39.9,41.11,41.72,39.77,42.13,39.71,41.14,39.6,39.61,40.62,39.54,42.17,41.93,40.37,40.49,40.51,41.04
1602,41.495,40.756,42.916,41.89,42.017,41.934,40.32,41.812,40.507,41.779,41.364,41.091,42.24,41.24,43.033,42.245,41.94,42.343,41.252,42.656,40.925,40.514,42.719,41.488,43.25,43.086,42.18,42.59,42.429,41.919
1603,46.67,46.6,47.4,46.09,46.74,45.65,45.43,46.09,45.75,46.04,46.48,45.46,47.4,47.2,48.05,47.25,45.82,47.21,45.66,46.62,45.56,45.69,46.78,46.34,47.98,48.27,47.03,48.02,46.57,46.62
1604,39.368,38.244,40.33,38.697,39.33,39.395,37.285,38.711,38.145,39.344,38.832,38.649,39.326,39.306,40.246,40.056,39.365,40.55,37.955,38.979,38.432,38.232,40.996,39.107,39.881,40.361,39.478,39.372,39.211,39.616
1605,44.375,43.778,45.089,43.112,43.119,42.668,42.744,43.482,42.792,43.255,43.542,42.202,45.055,43.514,44.509,44.573,43.014,45.442,42.825,44.857,43.178,42.823,43.582,42.856,45.919,45.115,44.098,44.225,43.668,44.1
1606,43.23,42.75,44.62,43.39,43.5,43.39,42.11,43.53,42.28,43.26,43.36,42.51,43.93,43.49,44.56,43.91,43.23,43.84,42.9,44.32,42.35,42.49,44.04,43.32,45.2,45.02,44.01,44.74,43.94,43.42
1607,40.58,38.84,40.97,39.03,39.07,38.61,37.99,38.77,38.45,38.86,39.66,38.21,40.39,39.29,40.2,40.88,39.28,41.18,38.91,39.76,38.97,38.65,40.34,38.88,40.87,41.04,39.31,39.44,39.66,40.14
1701,33.4,33.44,34.6,34.01,33.2,33.89,32.04,31.72,33.74,33.22,31.5,34.13,34.78,32.93,33.5,33.13,33.72,33.35,33.16,33.71,33.79,32.68,33.88,33.78,34.84,33.78,33.27,35.3,34.01,33.87
1702,38.336,38.897,40.123,39.309,39.164,39.02,37.117,38.411,38.873,38.317,37.721,39.169,39.008,38.862,40.276,39.113,39.122,38.263,38.833,39.338,38.177,38.227,40.004,39.051,40.367,40.089,39.077,40.335,39.71,38.682
1703,41.95,43.171,43.813,43.642,43.124,42.995,40.896,43.241,42.934,42.055,42.179,42.432,42.815,42.83,44.576,43.217,43.127,42.496,42.835,42.963,42.112,42.064,43.814,43.056,44.489,44.546,43.535,43.834,44.434,42.909
1704,33.87,33.54,35.31,34.92,33.57,34.39,32.25,32.3,34.21,34.41,31.76,34.81,35.04,33.61,33.6,33.48,34.1,34,33.77,33.9,35.05,33.05,34.13,34.02,35.39,34.32,33.63,35.96,34.98,34.91
1801,45.23,43.64,44.14,44.47,44.47,41.61,42.09,44.86,44.57,42.9,43.65,44.27,44.05,44.53,43.98,44.63,44.21,43.89,45.9,42.9,43.95,42.74,43.31,44.39,45.46,45.41,44.69,42.29,42.99,45.87
1802,44.23,43.47,44.52,44.04,44.41,42.31,42,44.31,44.25,42.17,44.02,44.65,44.02,43.99,44.53,44.21,44.13,43.49,45.86,43.34,43.53,42.81,44.04,44.38,45.26,44.78,44.59,43.34,43.61,45.2
1803,44.36,44.93,45,45.15,45.17,44.1,42.94,44.55,44.47,43.01,44.79,45.06,45.25,44.93,46.02,45.27,44.13,43.54,46.02,44.47,44.49,44,45.24,45.34,46.58,45.98,45.09,45.23,45.68,46.02
1804,44.79,44.34,45.63,44.64,45.22,43.33,42.87,44.73,45.25,42.89,45.28,45.46,44.62,44.89,45.93,45.24,45.21,44.53,46.16,44.15,44.37,44.1,44.44,45.47,45.94,45.65,45.6,44.52,44.81,45.76
1805,44.68,42.88,45.36,44.38,44.96,42.57,42.68,44.85,44.16,42.63,44.99,44.17,44.49,45.05,45.18,45.62,44.52,44.81,44.53,44.27,44.13,43.72,44.12,45.76,44.29,45.61,45.52,43.85,43.68,45.7
1806,40.873,40.953,42.076,41.31,42.131,40.43,39.605,42.064,41.768,40.349,41.592,42.008,41.899,42.177,41.021,43.609,40.502,42.309,41.9,41.276,41.416,42.127,41.853,43.94,40.848,42.447,42.841,40.254,40.932,43.153
1807,45.56,43.19,43.62,44.61,44.68,43.16,42.49,45.07,44.5,43.31,44.24,45.12,45.4,44.57,44.95,44.42,43.75,43.77,45.54,43.44,44.56,43.65,44.45,44.96,46.58,45.79,44.63,42.4,43.8,46.61
1808,46.74,46.62,47.27,47.95,47.79,47.19,45.13,47.93,46.8,45.37,47.03,47,47.82,47.1,48.24,47.72,46.68,46,48.11,46.87,47.14,46.47,47.6,47.21,48.84,48.51,50.09,46.58,48.14,48.32
1809,43.31,42.77,43.48,43.32,44.1,43.16,42.04,42.93,43.29,42.26,43.17,44.05,43.09,43.45,42.83,44.53,42.88,43,43.27,43.01,42.85,44.09,43.34,44.73,43.45,43.54,44.31,42.69,43.03,44.99
1901,33.236,32.322,31.114,33.104,33.802,34.486,32.076,32.39,32.282,34.69,33.374,35.333,33.746,33.303,34.95,34.189,33.562,34.436,33.473,33.804,33.915,31.13,32.741,33.11,35.817,34.768,32.126,33.069,35.246,35.316
1903,34.71,35.14,34.97,35.63,35.81,36.71,35.27,35.1,37.02,36.83,34.75,38.01,37.12,36.66,37.08,35.97,35.53,37.19,35.4,37.45,35.86,35.18,35.96,37.13,38.19,36.63,34.9,37.63,37.32,36.62
1904,34.34,33.18,32.98,34.5,34.47,35.15,32.87,33.28,33.92,36.14,34.95,35.73,35.25,34.95,35.68,36.25,34.09,35.99,34.48,35.89,34.69,32.14,34.53,34.5,36.96,36.69,34.12,34.89,36.61,36.47
1906,33.48,32.75,31.4,33.53,34.42,35.02,32.51,32.71,31.83,34.88,33.9,35.91,33.97,33.67,35.44,34.95,34.35,34.56,34.17,33.83,34.24,31.46,33.03,33.71,36.15,34.93,32.32,33.41,35.9,35.68
1907,32.64,33.51,33.13,33.66,34.2,34.89,33.33,32.96,34.54,35.53,33.7,35.02,33.97,33.65,35.03,34.62,33.3,35.22,34.83,34.84,34.5,32.65,35.39,35,36.19,35.86,33.57,35.8,35.88,36.43
1908,35.27,32.72,36.47,34.78,34.76,38.66,33.1,35.2,29.72,37.2,33.93,34.81,35.52,36.52,36.48,34.12,32.87,36.48,36.37,32.82,35.48,34.56,34.93,32.47,34.09,36.59,33.39,33.93,35.48,39.17
1909,34.38,35.22,34.82,36.16,36.37,37.05,35.28,35.33,37.16,37.33,35.3,37.82,36.22,36.41,37.49,36.35,35.16,37.56,36.23,37.37,36.34,34.17,36.72,37.43,38.15,37.17,35.28,37.6,37.79,37.58
2001,36.53,37.41,37.61,38.4,38.16,39.64,38.25,36.79,38.29,40.07,37.52,38.82,38.31,37.54,37.09,38.05,38.35,39.36,38.77,38.84,38.92,38.48,37.99,39.36,39.72,39.57,38.75,39.01,40.75,39.05
2002,37.996,38.814,39.502,40.637,39.39,40.51,40.304,38.134,39.633,41.836,38.771,40.85,40.328,39.79,39.446,39.767,40.103,41.034,39.292,41.179,40.416,39.734,40.003,40.913,41.725,41.763,40.417,40.969,41.823,41.071
2003,38.567,39.131,39.855,40.786,40.722,41.154,39.886,39.454,40.295,42.07,39.886,40.915,41.746,39.316,38.99,40.016,40.363,41.423,41.191,40.633,41.003,41.138,40.339,40.964,41.501,41.153,41.344,40.744,42.627,41.351
2004,39.532,40.594,40.634,42.18,40.972,41.148,41.836,39.952,41.144,43.21,39.631,42.244,42.686,41.326,40.597,41.291,41.66,43.103,40.459,42.803,41.82,40.493,41.859,42.649,42.644,42.872,41.594,42.827,42.924,42.733
2101,39.3,41.01,41.41,42.3,41.44,42.36,41.01,40.69,42.01,43.59,40.94,42.72,42.57,42.98,40.84,42.23,41.48,43.03,42.33,42.52,42.35,42.48,42.11,41.96,42.83,42.35,43.39,42.8,42.57,41.83
2102,38.268,39.282,40.2,40.793,40.423,41.753,38.918,40.679,39.95,41.316,39.388,40.729,41.95,41.317,39.431,41.049,40.007,41.061,40.72,41.334,40.835,40.625,40.728,40.595,41.734,40.695,41.025,40.664,40.659,39.708
2103,35.9,34.85,36.48,36.81,36.43,38.77,35.52,35.22,36.64,37.43,34.24,37.17,37.72,37.47,35.84,37.42,36.25,37.15,36.21,37,37.32,36.88,36.12,37.02,38.07,36.31,37.62,37.18,36.99,35.88
2104,36.46,37.43,38.4,38.64,38.19,40.35,37.18,38.24,38.13,39.38,37.23,38.87,40.06,39.34,37.74,39.38,38.01,39.07,38.85,39.08,39.31,38.99,38.75,38.63,40.06,38.58,39.36,38.62,38.67,37.5
2105,37.45,38.2,38.92,39.99,39.2,40.8,38.24,38.23,39.32,40.73,38.03,40.11,40.49,40.63,38.5,40.3,39.11,40.21,39.62,40.13,40.18,39.6,39.8,39.4,40.43,39.65,40.86,39.79,39.68,38.84
2106,36.44,36.45,37.65,38.34,37.44,39,36.94,36.26,37.78,39.02,36,38.37,38.31,38.82,36.97,38.64,37.87,38.82,37.62,38.64,38.83,38.01,37.82,38.47,38.74,38.14,39.42,38.64,38.49,37.35
2107,37.49,38.14,39.08,40.17,39.09,40.24,38.35,37.96,39.51,40.43,37.89,40.36,39.85,40.62,38.56,40.55,39.48,40.49,39.73,40.41,40.18,39.81,40.33,39.84,40.36,39.86,41.35,40.13,40.11,38.98
2108,39.02,38.09,39.88,39.71,39.56,41.64,38.25,37.95,39.89,40.35,37.35,39.95,40.68,40.4,39.22,40.22,39.1,39.89,39.17,40.3,40.21,39.57,39.47,39.94,41.02,39.63,40.37,40.06,39.67,38.84
2109,37.61,36.93,38.45,38.64,38.23,40.29,36.87,37.22,38.46,38.53,36.03,38.69,39.46,38.74,37.79,39.14,38,38.3,38.23,39.36,38.84,38.17,38.25,38.52,39.82,38.12,39.24,38.93,38.76,37.63
2110,40.89,42.16,43.17,44.45,43.94,44.21,42.39,42.44,42.85,44.52,42.75,43.37,45.07,44.33,41.95,43.15,42.57,43.94,43.86,44.44,43.6,43.92,43.85,44.38,44.23,43.42,44.22,43.77,44.2,43.2
2202,42.85,44.929,44.637,44.013,44.149,43.047,42.104,43.012,43.682,43.497,43.013,43.996,44.361,45.135,42.982,43.265,43.979,43.675,43.134,43.383,42.848,43.029,44.513,45.732,44.106,44.898,44.413,42.376,44.195,45.023
2203,41.617,43.918,43.211,43.741,42.546,41.085,41.454,42.044,43.56,41.853,42.806,42.423,42.659,44.1,42.429,43.723,43.653,43.789,42.194,41.746,41.947,42.068,42.06,45.083,43.343,43.55,44.822,41.688,43.048,43.58
2205,43.019,43.361,44.997,43.031,43.836,41.735,41.703,43.307,42.372,42.9,43.072,43.948,44.419,44.228,43.619,43.306,43.028,43.688,43.413,44.253,43.592,42.849,43.747,45.591,43.853,44.481,44.432,42.094,45.348,45.593
2206,43.956,45.25,44.618,43.417,45.336,44.873,43.784,44.179,44.594,44.386,44.09,44.484,44.496,45.375,42.816,44.112,45.299,45.33,44.252,44.223,44.125,42.683,44.486,45.821,44.735,45.529,44.47,42.238,45.08,45.201
2207,43.92,44.5,45.52,43.96,45.64,44.43,43.29,43.74,44.3,44.96,43.48,44.73,45.17,46.08,43.8,44.47,44.48,44.57,44.21,44.59,44.35,44.14,46.2,46.57,44.99,45.57,45.46,43.36,45.56,45.86
2208,39.62,41.21,40.88,40.81,41.49,41.53,38.98,40.18,41.18,41.22,39.93,40.82,42.05,41.34,41.58,40.63,40.65,40.99,39.9,42.48,41.5,40.82,41.21,41.39,41.28,41.15,41.13,40.97,40.27,40.32
2209,42.36,43.79,44.22,44.72,45.39,44.18,42.48,42.6,44.15,43.28,43.44,43.43,43.3,44.32,43.61,44.17,43.93,44.23,42.99,44.31,43.23,44.96,43.82,45.26,44.81,44.75,45.19,42.64,43.74,44.53
2301,34.179,34.072,34.22,35.776,34.677,34.894,34.806,33.692,35.258,36.506,33.205,35.717,36.075,34.815,35.248,35.196,35.502,36.352,34.091,36.214,36.046,34.247,35.524,36.078,37.105,36.416,34.962,36.977,36.574,36.331
2302,31.13,31.09,31.8,32.98,31.7,32.03,32.08,30.69,32.4,33.66,30.17,33.03,33.3,31.8,31.96,32.43,32.3,33.39,31.21,33.38,32.97,31.72,32.84,33.1,33.95,33.44,32.57,33.82,33.46,33.6
2303,39.89,40.28,39.68,41.37,40.84,41.1,40.94,39.86,41.24,42.7,39.6,41.77,42.27,40.82,40.54,41.16,41.53,42.97,40.11,42.84,41.64,40.05,41.71,42.49,43.29,42.24,40.47,43.02,42.82,42.78
2304,28.08,27.43,27.84,29.23,27.78,27.92,28.2,27.12,28.96,29.41,26.44,29.14,28.86,28.26,28.16,28.97,28.8,29.76,27.56,28.99,29.33,27.77,28.94,29.47,29.75,29.11,28.76,30.46,29.95,29.14
2305,33.005,33.122,32.762,34.161,33.621,33.831,33.469,32.681,34.332,35.399,32.434,34.744,34.423,33.625,33.732,33.941,34.445,35.017,32.59,34.596,34.573,32.617,34.326,35.001,35.91,34.711,33.28,35.88,35.646,35.073
2306,40.981,41.875,41.482,43.124,42.395,42.101,42.94,41.4,42.598,44.449,40.68,43.308,44.059,42.521,41.586,42.698,43.035,44.688,41.513,44.252,43.177,41.675,43.551,44.031,44.314,43.9,42.495,44.439,44.358,44.342
2308,30.852,31.321,30.434,31.956,31.614,31.604,31.119,30.625,32.537,33.214,30.49,33.054,32.017,31.897,31.964,31.882,32.11,32.882,30.55,32.834,32.649,30.368,32.253,33.07,34.117,32.776,31.213,33.791,33.369,33.166
2309,38.204,38.59,37.99,39.606,39.304,39.491,39.088,38.213,39.672,40.994,38.626,40.31,40.414,39.129,39.146,39.338,40.019,41.128,38.098,41.09,40.06,38.3,40.173,40.789,41.938,40.438,38.412,41.471,41.392,40.967
2310,39.63,39.69,39.23,41.09,40.25,40.91,40.42,39.14,40.89,42.08,39.35,41.45,41.67,40.34,40.71,40.46,41,42.17,39.94,41.96,41.16,39.46,40.9,41.85,43.05,41.88,39.84,42.59,42.22,42.05
2311,28.77,28.82,29.06,30.52,28.54,30.36,29.66,28.12,30.09,30.37,27.94,30.82,30.32,29.51,29.27,29.93,29.81,31.05,29.34,30.46,29.73,28.95,30.02,30.71,31.16,30.7,28.63,31.23,31.08,31.2
2312,38.49,38.63,38.72,40.18,39.16,39.39,39.65,38.66,39.52,41.15,37.52,39.91,41,39.21,39.15,39.55,39.85,41.18,38.54,41.1,40.42,38.9,40.3,40.67,41.6,41,39.51,41.43,41.06,41.24
2313,39.717,40.1,39.378,41.278,40.646,41.027,40.803,39.635,41.225,42.49,39.907,41.832,42.057,40.7,40.467,40.897,41.356,42.835,40.027,42.623,41.515,39.77,41.395,42.292,43.27,41.887,40.077,42.873,42.678,42.493
2315,37.64,38.06,37.26,38.58,38.58,38.58,38.19,37.47,39.01,40.35,37.44,39.75,39.06,38.22,38.85,38.58,39.29,39.64,37.03,39.81,39.47,37.44,39.25,40.03,41.5,39.97,37.93,40.69,40.52,40.31
2401,38.659,37.058,40.351,37.107,38.475,39.837,38.557,37.17,34.699,41.921,37.936,40.485,39.398,41.246,38.971,38.075,38.358,39.169,38.845,37.055,39.339,38.449,40.161,37.466,38.371,39.34,37.952,41.547,38.729,41.567
2402,34.23,32.23,34.89,33.54,33.7,35.06,31.92,31.73,29.99,34.62,33.53,34.52,34.75,34.1,36.69,32.12,34.53,33.37,34.8,33.08,35.23,32.72,34.03,33.59,35.97,36.39,34.27,33.13,33.97,36.89
2403,31.43,29.57,33.09,30.15,30.69,31.45,29.87,28.8,26.98,32.56,30.6,30.21,31.19,32.44,33.18,29.26,30.6,30.95,31,29.73,31.3,29.8,31.43,29.35,31.6,32.3,30.46,30.92,31.43,33.05
2404,33.68,31.03,34.59,31.49,32.15,33.43,31.39,30.81,28.56,34.25,32.1,32.81,33.45,33.95,35.3,31.54,33.5,32.81,33.35,31.53,33.65,31.65,33.19,32.17,34.05,34.37,32.9,32.61,33.57,35.43
2405,44.1,41.25,44.99,42.18,42.02,43.18,41.25,41.86,38.84,43.73,42.64,43.74,42.91,41.09,45.36,42.51,42.42,43.32,43.26,41.87,44.25,41.73,42.03,42.92,44.08,45.65,42.19,42.17,43.35,44.99
2406,35.648,34.59,36.356,35.584,35.807,37.599,33.483,33.971,32.306,37.311,35.601,37.278,36.192,35.405,38.727,35.094,36.356,35.461,37.085,35.976,37.455,34.187,35.371,37.045,37.825,39.27,35.843,35.694,36.188,38.342
2407,32.9,31.49,35.02,32.32,32.72,33.87,31.14,30.28,29.56,35.48,32.66,32.67,33.64,35.7,34.76,30.77,31.95,32.95,32.85,30.96,33.69,32.88,34.53,30.37,33.31,34.46,32.7,33.4,33.55,35.38
2408,43.31,40.21,44.33,40.61,41.1,42.58,40.71,39.8,37.04,43.49,41.77,42.02,42.16,41.87,42.81,41.5,42.66,42.09,42.32,40.57,42.2,40.66,42.27,42.08,42.01,43.65,41.32,42.64,41.75,44.76
2409,40.425,39.502,40.703,40.574,39.295,42.65,37.925,39.812,36.165,42.017,40.063,41.96,39.116,40.268,43.005,40.029,41.465,39.833,40.799,40.497,41.929,38.708,39.57,42.06,41.837,43.338,39.379,39.659,40.529,42.876
2410,35.25,33.57,36.74,35.62,35.26,36.99,33.81,33.27,31.04,36.24,35.39,36.12,36.63,35.38,38.73,34.05,36.11,34.95,36.94,34.62,37.45,34.52,35.97,35.53,38.23,38.74,36.36,35.01,36.09,38.79
2411,34.14,32.9,35.52,34.32,34.91,36.54,32.48,32.54,30.8,35.73,34.35,35.39,34.97,33.73,37.48,33.23,34.68,33.71,35.61,34.16,35.98,32.72,34.18,35.11,36.65,37.51,34.7,34.56,35.2,37.06
2501,35.75,35.76,35.09,35.99,36.45,37.68,35.42,35.27,36.79,37.5,35.67,38.41,35.67,35.56,37.27,36.36,36.57,36.83,35.72,36.81,37.1,34.77,36.11,37.43,39.25,37.06,35.77,37.08,38.24,37
2502,34.293,32.765,33.142,34.489,33.516,36.104,32.673,33.235,30.964,34.946,33.469,34.92,34.054,33.574,35.119,33.896,33.308,34.794,33.763,33.073,34.196,31.929,33.18,32.841,35.436,35.4,32.246,32.499,34.489,36.293
2503,35.352,35.725,34.868,35.954,36.056,36.836,35.252,35.766,37.393,37.015,35.251,38.37,36.31,36.327,36.708,36.35,36.96,37.527,35.455,37.126,36.897,35.307,36.392,37.975,38.771,37.246,35.945,37.97,38.138,37.63
2504,36.3,36.27,35.64,36.97,36.58,36.53,35.88,36.02,37.54,38.32,35.4,37.98,37.44,36.83,37.27,36.94,37.54,37.91,35.69,38.08,37.61,35.69,37.41,38.67,39.86,38.35,36.36,39.17,38.8,38.83
2601,36.12,37.34,37.62,37.28,37.96,38.32,35.86,37.47,37.75,37.15,36.14,36.76,38.33,37.99,36.68,37.9,36.95,37.46,36.26,38.56,37.58,37.11,36.69,37.71,38.33,36.83,36.52,38.16,36.39,36.03
2602,44.772,45.129,44.759,45.53,45.649,45.47,44.197,45.204,46.099,45.282,44.783,45.364,45.33,46.234,45.047,46.466,45.836,45.407,44.514,47.066,45.566,45.713,45.868,46.028,45.583,45.959,44.77,45.253,44.588,44.88
2603,40.45,41.09,40.87,41.08,41.76,41.32,40.08,41.45,41.88,41.53,40.67,41,42.12,41.97,40.58,42.21,41.08,40.49,39.91,42.68,41.13,41.37,40.64,41.58,41.61,41.34,40.41,41.43,40.1,40.17
2604,43.35,44.25,43.83,43.83,44.92,43.87,42.76,43.19,44.38,44.7,42.84,43.46,43.95,44.99,43.17,43.96,44.31,44.15,43.09,44.94,44.34,44.07,45.28,45.61,44.54,44.99,44.37,43.18,43.95,44.27
2701,30.517,28.959,28.643,29.814,29.243,30.84,28.738,28.796,26.254,31.603,29.846,31.186,31.392,31.025,31.759,30.474,28.993,33.35,29.973,30.108,30.778,29.763,30.25,26.883,29.649,32.442,28.457,28.187,29.782,33.93
2702,36.37,36.48,36.35,38.01,36.34,38.44,33.48,35.04,34.43,36.7,36.96,37.04,37.12,39.41,38.3,36.44,37.29,36.61,35.26,38.53,37.8,35.43,35.85,37.26,38.63,38.28,35.74,34.65,38.25,37.47
2703,32.59,30.93,31.16,32.61,31.47,33.51,31.14,31.24,28.13,33.44,31.94,33.05,32.87,32.75,33.75,33.25,31.12,33.96,32,31.7,32.64,31.07,32.57,29.45,32.66,34.28,30.24,30.07,31.58,35.54
2704,32.41,30.49,31.17,31.72,31.07,32.58,30.94,31.35,28.41,34.25,31.5,33.51,34.31,33.67,33.94,32.36,31.37,35.85,32.54,33.4,33.23,32.47,32.13,29.01,31.95,34.32,30.45,30.89,32.66,36.44
2706,38.33,38.49,39.18,40.34,38.63,40.65,35.63,36.94,36.41,38.76,38.83,39.16,39.21,41.27,40.48,38.36,39.6,38.32,37.55,40.36,39.5,37.45,37.52,39.6,40.51,39.73,37.78,36.83,39.77,39.13
2707,37.53,37.11,38.26,37.52,37.15,39.05,36.92,36.35,38.27,37.16,35.02,37.89,38.77,36.92,36.95,37.5,37.65,37.59,37.58,38.33,38.62,37.58,37.82,37.77,39.2,37.34,38.22,38.88,37.82,37.36
2708,29.92,28.42,28.88,28.99,29.37,31.94,28.43,28.89,25.69,31.54,29.28,29.94,30.71,31.98,30.42,29.42,28.21,33.17,30.69,30.34,30.54,30.13,29.52,27.56,29.53,31.59,27.68,27.22,30.85,32.49
2709,32.56,31.1,30.89,32.69,31.73,31.87,30.08,31.2,28.96,32.78,31.99,33.06,32.8,32.36,33.42,33.29,31.22,34.32,31.04,32.53,31.98,30.58,32.42,29.44,32.83,34.48,30.92,30.36,31.65,35.14
2710,32.85,32.75,32.21,34.69,33.07,35.13,30.14,32.02,30.48,33.63,33.11,33.8,34.42,36.41,35.33,32.87,33.03,34.8,32.11,35.39,34.17,32.31,31.53,32.29,34.23,35.3,32.24,31.27,34.76,34.09
2801,39.48,40.28,39.73,40.91,40.68,41.65,40.35,39.94,40.98,42.55,39.58,41.94,41.68,40.35,40.43,40.47,41.45,42.25,40.15,42.54,41.33,39.89,41.65,42.22,42.92,41.77,39.98,42.5,42.65,42.1
2903,38.678,39.654,40.968,40.26,39.966,41.226,39.317,40.407,39.612,40.836,39.544,39.468,42.172,40.734,39.091,39.564,40.091,41.349,40.684,42.061,40.069,39.951,40.775,41.017,41.391,39.713,39.654,40.212,40.584,39.128
2911,39.318,41.052,41.377,42.585,42.048,42.66,40.427,41.53,40.945,42.202,40.823,41.246,42.971,42.258,40.442,40.895,40.835,42.811,42.629,43.6,41.496,42.265,42.551,42.363,42.384,41.13,42.002,41.999,42.743,41.748
2912,36.291,37.808,40.779,38.76,37.119,39.789,38.636,37.958,37.747,39.711,38.622,37.948,41.257,39.181,37.175,37.465,38.491,38.985,39.715,40.921,37.739,38.41,40.812,38.656,40.643,38.151,37.769,38.742,39.983,37.707
2921,40.14,41.88,42.65,41.73,41.72,42.75,40.89,42.71,41.24,42.11,41.16,41.47,43.17,42.66,40.84,41.58,41.32,43.24,41.85,43.43,41.06,41.54,42.42,41.93,42.87,41.6,41.58,42.14,41.98,40.84
2926,36.8,38.04,39.96,37.59,36.53,38.55,38.04,38.55,36.95,38.96,37.63,37.18,40.62,38.63,37.38,37.78,39.06,39.29,38.61,39.84,36.84,37.84,39.15,38.83,39.77,38.21,37.41,38.01,38.88,37.13
2930,38.82,39.79,40.55,40.87,40.47,41.39,38.72,41.35,39.72,40.7,40.02,39.65,41.72,41.11,39.42,40.21,39.92,41.41,41.09,42.97,40.28,40.1,41.42,41.23,41.24,40.51,40.28,40.62,41.56,40.04
3004,35.598,36.788,40.7,38.12,36.89,40.222,38.81,36.795,38.037,38.475,38.866,38.687,42.313,39.152,37.335,37.089,38.044,38.277,40.152,39.444,36.868,37.381,40.466,37.429,39.905,37.857,37.3,37.856,40.819,37.575
3005,34.328,35.909,38.527,37.836,36.001,38.417,36.177,36.245,36.458,37.96,36.222,37.753,39.534,36.953,35.426,36.476,36.736,37.551,38.629,39.275,35.918,37.299,38.808,36.908,38.992,36.616,36.47,37.517,38.971,36.515
3006,35.67,36.5,39.86,38.08,36.73,40.46,38.08,36.28,37.8,38.97,39.26,38.51,41.77,38.53,37.06,37.04,37.55,38,39.73,39.51,36.25,36.48,38.08,37.09,40.14,37.65,37.25,37.44,39.43,37.19
3007,33.71,33.16,35.05,33.99,35.65,35.89,32.62,32.64,32.43,35.76,33.64,34.69,33.78,33.57,33.14,35.37,34.88,34.72,33.92,34.41,33.25,32.83,33.28,33.25,35.41,34.78,34.53,34.48,35.94,34.72
3008,36.47,38.469,39.15,40.121,38.788,38.631,37.936,38.026,39.172,39.759,38.116,38.963,40.467,39.078,37.52,38.801,38.491,40.078,39.872,40.396,39.428,39.17,40.021,38.755,40.188,39.025,39.911,39.479,40.433,39.116
3013,29.83,30.68,33.06,32.02,31.32,32.12,30.15,29.84,31.25,33.32,30.9,32.24,31.78,31.09,30.2,32.17,31.95,32.18,32.28,32.23,31.01,29.71,30.58,30.49,34.28,31.51,30.82,31.64,34.31,32.43
3014,34.36,35.3,37.36,37.19,36.33,37.66,35.74,35.31,36.54,37.74,34.75,36.62,38.46,36.28,34.87,36.68,36.56,36.93,37.7,38.19,36.08,36.45,37.46,36.56,38.38,36.02,36.73,36.43,38.29,36.49
3015,38.428,39.835,42.07,41.623,40.166,42.135,39.619,40.421,39.885,41.578,40.314,40.907,42.109,40.911,39.003,40.062,40.202,41.027,42.222,42.779,39.944,41.031,41.829,40.94,42.262,40.104,40.968,41.26,42.274,40.497
3016,33.494,33.945,37.668,35.443,34.554,37.71,34.874,34.039,35.065,36.672,36.061,36.834,38.704,34.814,33.614,35.417,35.594,35.657,37.181,37.386,33.892,33.769,35.436,34.754,38.402,35.014,34.674,34.888,37.334,35.094
3017,32.884,35.404,37.156,37.23,34.905,36.987,34.482,35.553,35.669,36.833,34.616,36.38,37.022,35.85,34.442,35.842,35.618,36.45,38.133,37.844,35.338,35.927,35.797,35.603,37.873,35.336,35.289,36.68,37.827,36.004
3018,30.56,30.79,33.78,32.64,32.2,34.01,30.52,30.58,32.37,33.69,32.31,33.36,34.01,31.43,30.85,32.97,32.88,32.74,34.07,33.61,31.89,31.15,32.56,32.23,34.29,32.14,31.6,32.63,35.51,32.77
3019,37.54,39.37,42.53,40.97,39.24,41.64,40.67,39.73,39.93,41.49,40.96,40.56,43.86,41.44,38.83,39.78,39.94,41.16,41.83,42.26,39.73,40.56,43.07,40.03,41.73,40.33,39.92,40.66,42.43,39.78
3020,39.87,40.17,42.64,41.26,40.29,42.91,40.43,40.33,40.16,42.69,42.6,42.05,43.9,40.23,39.09,40.55,41.02,41.03,41.34,42.97,39.15,38.82,39.81,39.79,44.12,41.51,40.77,39.75,41.01,41.46
3022,31.46,33.76,37.68,35.21,33.34,37.12,35.18,34.01,35.31,35.67,35.38,36.18,38.26,34.61,34.11,34.93,33.99,34.66,37.06,36.5,32.54,33.69,35.59,34.52,37.62,34.41,33.37,34.95,36.41,33.47
3023,38.84,40.38,40.82,42.25,41.27,41.94,41.08,40.11,41.15,42.47,40.67,41.69,42.46,41.59,39.48,41,40.99,41.86,42.11,42.77,42.05,41.7,41.61,41.85,42.73,41.39,42.34,41.5,42.86,41.99
3027,37.72,39.05,41.62,40.8,39.53,41.22,39.52,39.28,39.74,40.89,39.71,40.16,42.54,40.35,38.67,39.73,39.71,40.8,41.42,42.21,39.35,40.59,41.81,39.88,42.3,39.93,39.91,40.56,42.05,39.79
3028,35.6,34.7,37.13,35.88,36.63,37.18,34.51,35.29,34.72,37.49,36.52,37.33,36.55,35.64,34.53,36.78,36.5,36.46,35.7,37.11,34.33,34.58,35.48,34.64,39.33,37.01,35.8,35.7,37.55,36.27
3031,38.56,39.58,42.16,41.54,40.39,41.63,40.64,39.61,40.86,42.66,39.83,41.48,42.55,40.51,38.66,41.06,41.15,41.21,41.68,42.45,41.3,40.59,41.78,41.36,42.68,40.66,41.71,40.73,42.44,41.54
3101,33.69,35.29,36.97,36.67,35.49,35.67,34.92,34.54,36.7,36.71,34.47,36.13,37.3,34.8,34.96,35.76,36.32,37.11,36.09,36.12,36.6,35.47,36.85,35.41,37.27,36.11,36.92,36.16,38,36.47
3102,32.993,33.008,33.135,33.248,34.281,35.905,33.181,32.864,33.563,36.486,33.837,35.151,34.563,33.735,34.682,34.434,35.685,35.196,36.224,35.654,34.831,34.044,34.104,34.419,35.224,35.856,35.037,35.062,35.88,36.99
3109,30.58,31.01,32.66,31.73,32.12,32.88,31.02,30.47,32.19,33.59,31.27,32.54,32.7,30.98,31.24,32.49,33.17,32.54,33.32,31.93,32.22,30.55,30.85,31.05,33.59,32.58,31.93,32.03,34.41,33.8
3124,36.186,34.962,35.818,36.083,36.11,37.951,35.852,35.179,36.215,37.926,35.629,37.835,37.529,35.947,36.364,36.921,37.151,38.223,37.563,37.499,37.488,37.302,37.386,37.843,38.348,37.576,38.041,37.657,38.808,38.096
3125,36.18,35.4,35.99,35.8,36.2,38.78,35.72,35.43,34.86,38.5,35.85,37.84,35.26,36.7,38.18,37.29,38.69,37.09,39.08,38.61,36.71,35.95,36.25,38.2,38.21,38.65,35.94,38.24,38.92,39.09
3129,29.96,31.37,33.81,32.98,31.38,31.98,30.51,29.88,31.94,33.47,30.53,32.39,32.54,30.77,31.02,32.27,32.53,32.39,32.85,32.86,31.81,30.02,31.12,30.71,33.95,31.69,31.55,31.91,34.88,32.79
