1,0,2.0088,6.7489,0,7.5066,0,0,0,8,1.5066,0,7.2511,33.022,7,0,16,0,13.498,13.502,7,0,6.7489,22.247,4.4934,44.758,4.4934,0,20,6,23.013
2,0,0,0,0,9,0,0,0,0,0,0,17,29,13,0,22,0,14,10,6,0,0,23,9,37,0,0,10,0,7
3,0,0,2.7884,0,4.2821,0,0,0,3.2532,0,0,11.817,26.971,7,0,24.83,3.2116,14.535,12.465,7,0,3.2532,22.535,7.4647,40.253,0,0,10,0,17.635
4,0,7,7,0,15,0,0,0,10,6,0,13,39,6,0,16,0,14,15,7,0,7,23,7,48,0,0,13,7,9
5,0,6,0,0,16,0,0,0,7,0,0,7,20,6,0,15,0,15,13,7,6,7,22,8,38,0,0,14,6,0
6,0,0,6,0,9,0,0,0,0,6,0,9,35,7,0,10,6,22,12,7,0,0,23,7,34,0,0,11,0,37
7,0,7,7,0,25,0,0,0,0,14,0,7,43,7,0,10,0,13,14,9,0,0,23,0,64,0,0,20,7,30
8,0,0,0,6,12,0,0,0,8,6,0,7,38,0,0,9,0,15,13,7,6,7,23,8,38,0,0,13,6,0
9,0,6,6,0,9,0,0,0,0,12,0,16,26,0,0,10,16,23,11,7,0,7,23,8,44,0,0,11,0,31
10,0,0,6,0,6,0,0,0,7,6,0,8,45,0,0,23,0,15,12,7,0,7,23,8,41,0,0,19,0,14
101,0,0,0,0,0,10,0,0,0,0,0,0,9,0,0,0,0,0,6,6,17,15,0,0,12,9,0,11,0,8
102,0,0,8,0,0,10,0,0,0,0,0,0,10,0,7,0,0,0,6,0,26,6,0,0,33,9,6,0,0,0
103,0,0,8,0,0,10,0,0,0,0,0,0,10,0,6,6,0,6,6,0,27,14,0,0,36,9,7,7,6,0
104,0,0,6,0,0,10,0,0,0,6,0,0,6,0,0,6,0,0,6,6,20,6,0,0,7,9,0,10,0,0
105,0,0,8,7,0,10,0,0,0,0,0,0,10,0,0,0,0,0,6,6,19,0,0,0,34,9,0,7,6,0
106,0,0,7,0,0,7,0,0,0,6,0,0,6,0,0,0,7,6,0,6,9,0,16,0,12,0,0,17,0,0
107,0,0,7,0,8,7,0,0,0,7,6,0,6,0,0,6,0,0,0,6,10,0,10,0,30,6,0,7,0,0
108,0,0,8,0,0,10,0,0,0,0,0,0,10,0,0,6,0,0,6,6,27,6,0,0,35,9,7,11,6,0
109,0,0,6,0,0,10,0,0,0,12,0,0,6,0,0,6,0,0,6,6,10,0,0,0,11,9,0,11,6,0
110,0,0,8,0,0,10,0,0,0,0,0,0,6,0,7,0,0,0,6,6,27,0,0,0,26,10,0,11,0,0
111,0,0,8,0,0,10,0,0,0,0,0,0,10,0,7,0,0,0,6,0,32,6,0,0,27,9,6,10,0,9
112,0,0,6,6,0,8,0,0,0,12,0,0,0,0,0,0,0,0,6,6,10,0,10,0,12,9,0,7,6,0
113,0,0,6,0,0,10,0,0,0,12,0,0,6,0,0,0,0,0,6,6,20,0,0,0,30,9,0,11,0,0
114,0,0,6,0,0,10,0,0,0,12,0,0,0,0,0,0,0,0,6,6,11,0,0,0,30,9,0,11,0,0
115,0,0,7,0,0,9,0,0,0,12,6,0,0,0,0,6,0,0,6,6,10,0,10,0,7,6,0,7,0,7
116,0,0,0,0,0,9,0,0,0,13,6,0,0,0,0,0,0,0,0,6,18,0,10,0,6,10,0,11,0,0
201,0,0,0,0,7,0,0,0,0,7,7,0,17,0,0,6,0,0,0,6,6,6,23,8,32,6,0,7,0,13
202,0,0,0,0,7,9,0,0,0,6,0,0,0,0,7,0,0,0,0,0,18,0,10,0,21,8,0,7,0,0
203,0,0,0,0,7,7.2272,0,0,0,4.6365,0,0,0,0,7,0,0,0,0,0,18,0,10,6.1821,26.273,10.954,1.3635,7,0,6
204,0,0,0,0,5.979,7.1459,0,0,0,5.979,5.1248,0,5.979,6,0,5.1248,0,0,0,5.1248,11.167,0.87517,15.125,16.687,21.687,1.3128,0,12.125,0,0
205,0,0,7,0,7,7,0,0,0,7,6,0,7,0,7,6,0,0,0,6,10,6,10,9,16,6,0,7,0,0
206,0,0,0,0,6.1548,7.2415,0,0,0,6.1548,5.2756,0,0,0,7,0,0,0,0,0,19.604,0.72443,10,7.0341,18.362,8.6037,0.72443,6.1548,0,6.1548
207,0,0,1.9007,0,7,2.1383,0,0,0,6.7624,0,0,0,0,0,0,0,0,0,0,11.901,0,14.574,6.0993,13.238,8.9007,0,7,0,5.3369
208,0,0,0,0,0,9,0,0,0,0,0,0,0,0,5.5637,0,0,0,0,0,24,6,17.795,0,16.462,10.769,0,1.4363,4.7688,0
209,0,0,0,0,7,0,0,0,0,8,6,0,17,0,0,6,0,6,0,0,0,0,17,8,28,0,0,7,0,14
210,0,0,0,0,7,7,0,0,0,7,6,0,7,0,0,0,0,0,0,6,6,0,10,8,16,0,0,7,0,0
211,0,0,0,0,0,9,0,0,0,0,0,0,0,0,0,4.2759,0,0,0,0,23,0,10,0,19.287,0,4.2759,4.9886,0,6
212,0,0,0,0,0,8,0,0,0,0,0,0,6,0,0,0,0,0,0,0,24,6,10,0,7,10,0,0,0,0
213,0,0,0,0,0,9,0,0,0,0,0,0,0,0,0,0,0,0,0,0,30,9,17,0,26,6,0,0,0,0
214,0,0,0,0,7,7,0,0,0,6,0,0,0,0,7,0,0,0,0,0,18,0,10,8,22,8,0,7,0,0
215,0,0,0,0,7,0,0,0,0,7,6,0,14.894,0,0,6,0,6,0,6,4.2027,0,16.3,7.4009,26.899,0,0,13,0,1.7973
302,0,0,0,0,12,0,0,0,0,6,0,8,19,12,8,0,0,0,17,0,0,0,18,0,37,0,0,10,0,0
303,0,0,0,0,14,0,0,0,0,0,0,0,48,8,0,7,19,0,15,17,14,0,23,0,64,6,0,0,6,6
305,0,0,0,0,14,0,0,0,0,6,0,7,38,13,7,17,20,0,16,13,0,0,17,0,47,0,0,7,0,9
306,0,0,0,0,18,0,0,0,0,0,0,0,41,0,0,14,15,0,15,13,0,0,23,0,63,6,0,6,12,9
307,0,6,0,0,8,0,0,0,0,0,0,6,57,12,14,8,15,8,15,16,17,0,24,11,61,0,0,0,6,6
310,0,0,0,0,14,0,0,0,0,6,0,8,27,0,0,11,7,6,16,21,0,0,17,6,29,6,6,7,6,0
311,0,0,0,0,12,0,0,0,0,0,0,0,36,6,0,8,14,6,16,14,0,0,23,0,61,6,0,7,6,6
312,6,0,0,0,8,0,0,0,0,0,0,0,32,0,0,8,8,22,15,13,0,8,22,6,53,6,0,7,6,21
313,0,0,0,0,12,0,0,0,0,6,0,11,53,6,0,14,14,0,14,14,0,0,21,0,68,6,0,8,6,15
314,0,8,0,0,8,0,0,0,0,0,0,0,42,0,0,0,18,0,15,17,18,8,19,9,69,6,6,0,17,24
315,0,0,3.4748,3.4748,6.9495,2.5252,0,0,0,12,0,6,17,13.421,11.475,0,0,0,12.054,3.4748,16.579,0,13.054,6,20,0,0,10,0,2.5252
316,0,0,0,0,14,0,0,0,0,0,0,0,34,17,7,14,20,0,16,17,0,0,17,0,49,0,0,7,0,9
317,0,0,0,0,8,0,0,0,0,0,0,6,46,0,8,15,0,0,15,12,0,0,18,0,26,0,0,6,0,0
318,6,0,0,0,8,0,0,0,0,0,0,0,33,0,6,7,12,6,15,13,0,8,20,6,69,6,0,7,6,15
319,0,0,0,0,14,0,0,0,0,0,0,0,36,0,0,7,18,6,15,16,8,8,22,6,66,6,0,0,14,14
320,0,0,0,0,12,6,0,0,0,0,0,0,32,0,0,8,8,7,15,13,8,10,22,0,58,6,0,7,12,15
321,0,0,0,0,12,0,0,0,0,7,0,0,47,18,0,8,14,6,9,14,0,0,18,0,68,0,0,7,6,0
322,6,0,0,0,14,0,0,0,0,0,0,0,35,0,0,8,8,14,15,16,0,8,23,0,68,6,6,0,15,21
323,0,0,0,0,8,0,0,0,0,0,0,6,40,15,8,6,0,0,14,14,0,0,17,0,43,0,0,6,0,0
401,0,0,0,0,7,0,0,0,0,0,0,0,58,13,6,8,25,6,17,11,0,0,14,10,64,6,0,0,10,38
402,6,0,0,0,7,0,0,6,0,0,0,0,37,0,0,16,17,0,16,14,8,0,18,0,68,6,0,0,13,27
403,0,11.685,0,0,8,0,0,0,0,9,0,6,58.06,10.557,7.8121,17.933,7.8121,1.1274,14.812,16.812,18.376,7.1879,24,8.1209,57.188,0,4.8726,0,6,11.685
404,8,0,0,6,6,0,0,6,0,0,0,0,47,6,0,7,18,0,8,14,0,6,24,0,74,0,0,0,15,14
405,0,14,0,0,7,0,0,0,0,0,0,6,61,8,6,8,23,0,15,17,17,0,27,10,72,7,0,0,8,43
406,3.937,3.8681,0,0,6.7613,0,0,0,2.6845,3.0945,3.3155,6,41.556,2.6845,9.6845,6,11.699,2.4068,17.041,19.093,24.265,4.7475,18.239,2.6845,59.663,0,0,1.2525,6,11.539
407,0,0,0,0,6,0,0,6,0,0,0,0,36,0,0,8,14,0,15,8,9,0,20,6,72,6,0,6,15,23
408,6,0,0,0,6,0,0,0,0,0,0,0,35,0,0,8,8,7,15,13,8,0,22,0,56,6,0,7,12,21
409,0,0,0,0,6,0,0,0,0,6,0,6,37,0,0,20,8,6,16,8,0,0,18,9,55,6,0,0,9,32
410,0,0,0,0,6,0,0,6,0,0,0,0,41,6,0,8,14,0,16,8,16,0,18,0,69,7,0,6,9,13
411,0,0,0,0,6,0,0,0,0,0,0,0,36,6,7,17,14,0,8,8,9,0,23,0,66,8,0,7,21,13
412,0,0,0,0,12,0,0,0,0,7,0,0,34,18,0,17,14,0,7,14,8,0,20,0,76,6,0,7,20,42
413,0,7,0,0,7,0,0,6,0,0,0,0,39,6,6,16,17,0,16,14,9,0,21,0,61,6,0,0,14,17
414,7,7,0,0,7,0,0,0,6,9,0,0,45,15,7,6,13,0,14,17,27,6,17,0,42,0,0,0,7,6
501,3.808,7.476,0,0,6,3.808,0,0,0,2.856,0,3.144,45.476,13.712,8.856,15.812,17.004,19.192,12.096,22.332,0,6.476,35.716,0,43,0,0,3.144,0,7.86
502,0,7,0,0,7,0,0,0,0,0,0,0,40,10,0,17,25,21,14,19,0,0,40,0,53,6,0,6,0,34
503,7,0,0,0,6,0,0,7,0,0,0,0,46,12,0,9,0,0,9,14,0,7,28,0,60,0,0,0,0,8
504,6,8,0,0,0,0,0,7,0,0,0,0,26,0,7,16,0,6,22,20,0,7,28,0,43,0,0,6,0,6
505,0,0,0,0,19,0,0,0,0,7,0,0,43,16,0,6,14,7,13,14,8,0,23,0,64,8,0,7,0,55
506,0,7,6,0,6,0,0,6,0,0,0,0,12,0,6,9,0,0,22,20,0,7,31,0,65,0,0,0,7,12
507,0,7,6,0,12,0,0,0,0,8,0,6,45,10,7,16,13,6,13,20,0,6,23,6,58,8,0,7,6,46
508,0,8,6,0,6,0,0,7,0,0,0,0,32,6,6,8,0,6,24,19,0,13,32,0,59,0,0,6,7,0
509,2.7521,0,0,0,12,0,0,3.641,0,0,0,0,49,6,0,9,10.923,0,10,17.641,0,6,30.607,0,51.607,0,0,0,6,18.607
510,0,7,0,0,18,0,0,0,0,7,0,0,42,10,0,16,13,13,13,14,0,0,30,0,62,8,0,7,6,35
511,0,7,0,0,18,0,0,0,0,7,0,0,40,10,8,16,14,13,13,14,0,0,39,0,61,8,0,6,0,41
512,6,8,0,0,0,7,0,0,0,6,0,0,39,6,7,9,0,6,16,20,0,7,24,0,63,0,0,0,7,6
601,0,0,0,0,12,0,0,7,0,0,0,6,31,0,12,0,0,0,14,0,0,15,17,0,61,0,15,8,0,12
602,7,7,14,0,15,0,0,0,0,0,6,6,43,6,17,0,6,13,20,8,7,0,29,0,55,0,0,6,0,28
603,0,13.019,0.87249,0,23.564,0,0,10.474,0,0,0,6.0498,29.439,13.471,6.5426,1.3567,0,5.8236,8.2771,8.048,7.6019,8.6728,15.299,0,54.629,4.9916,8.3529,0.29855,0,20.516
604,0,13,6,0,18,0,0,0,0,0,7,20,39,9,9,7,6,7,14,10,0,0,23,0,59,0,0,7,0,12
605,6,0,0,0,26,0,0,7,0,0,0,7,29,0,15,0,0,0,17,8,0,14,22,0,55,0,14,0,0,32
606,0,13.132,6.6372,0,25,0,0,7,0,0,0,6.6814,34.77,4.4606,9.0442,8.1766,0,7.6814,10,2.8675,0,13.088,20.451,0,46.868,6,1.9117,10.088,0,24.77
607,0,7,0,0,17,6,0,8,0,0,0,6,21,16,13,8,0,6,9,8,8,0,15,0,53,0,12,6,0,20
608,0,7,14,0,15,0,0,0,0,0,7,6,52,8,9,6,6,7,13,9,0,0,23,0,54,7,0,6,0,17
609,4.0631,13.546,8,0,20.874,0,0,4.0631,0,0,0,6,26.293,13.874,3.4826,4.0631,0,3.4826,15,9.8391,4.0631,0,14.42,0,59.741,7,9.4826,0,0,20
610,0,10.949,2.6374,0,23.037,0,0,2.2791,0,0,0,6.707,28.428,7.6186,13.949,0,0,7,9.6744,2.6047,2.2791,11.009,21.381,0,49.023,6.3256,4.6231,9.7118,0,26.251
611,0,7,0,0,24,6,0,7,0,0,0,6,28,14,7,7,0,0,15,6,8,8,17,0,56,0,21,8,0,33
612,0,8.9968,9.7116,0,24.856,0,0,0,0,0,0,6,29.285,9.9968,22.715,0,0,6,10.856,8.1442,0,8.7147,15,0,48.285,6,4.2884,12,0,22.282
613,0,12.52,14.48,0,19.842,0,0,0,0,0,3.6385,6,35.678,9,16.48,3.6385,3.1187,9.6385,12.04,9.5198,3.3615,4.3219,18.639,0,55.237,6.5198,0,6.5198,0,14.921
614,0,12,8,0,31,0,0,0,0,0,0,6,24,22,8,0,0,7,16,9,0,8,27,0,59,6,12,6,0,21
615,0,12,6,0,17,0,0,0,0,0,0,12,34,9,9,7,0,7,12,9,0,0,23,0,52,6,0,7,0,25
616,0,13,0,0,25,0,0,7,0,0,0,7,31,0,17,0,0,7,9,0,6,8,22,0,43,0,6,12,0,30
617,0,13,14,0,16,0,0,0,0,0,0,6,37,9,10,7,0,8,13,9,7,0,23,0,57,6,0,6,0,0
618,0,0,0,0,26,0,0,7,0,0,0,7,29,0,14,0,0,7,16,9,0,15,16,0,36,0,12,6,0,34
701,0,0,0,0,16,0,0,6,8,0,0,0,34,0,22,27,0,15,17,6,10,7,16,0,45,6,0,26,0,19
702,0,36,6,0,19,7,0,0,8,0,10,6,44,0,17,25,0,7,21,0,0,9,31,6,35,18,0,16,0,0
703,6,7,0,0,21,6,0,6,17,0,0,19,43,0,23,13,0,13,7,7,9,0,16,7,63,13,0,25,0,20
704,0,23,7,6,20,0,0,0,0,0,0,6,38,0,18,21,0,6,19,0,0,10,17,13,57,6,0,9,0,12
705,0,13,7,6,19,0,0,0,0,0,11,0,38,7,18,22,0,6,11,6,17,0,23,13,53,0,0,6,0,28
706,6,23,0,0,14,0,0,6,14,0,9,13,45,0,23,12,0,14,13,0,0,0,16,0,68,6,0,12,0,21
707,1.4682,32.259,5.2171,0,19.184,6.3479,0,0,9.4678,0,7.5318,7.1623,42.14,0,22.381,16.109,0,10.098,15.946,0,1.2931,7.0436,19.577,7.6521,58.63,8.2719,0,16.674,0,2.2839
708,0,36,7,0,20,0,0,0,6,0,10,7,40,0,18,22,7,6,19,0,6,8,18,7,33,18,0,9,0,6
709,0,26,7,0,21,0,0,0,0,0,10,0,32,0,17,13,0,6,12,0,0,10,22,0,60,6,0,0,0,12
710,0,15,7,0,10,0,0,0,0,0,0,6,36,0,11,14,0,6,10,0,0,9,22,9,57,7,6,0,0,0
711,0,8.5181,7,0,12.178,0,0,0,0,11.142,8.1778,8.3007,37.914,4.1783,19.999,13,1.7388,6.3036,11.911,4.1783,8.0414,1.3041,14.482,16.961,49.347,4.1783,4.6959,2.4738,2.1253,25.137
712,12,15,0,0,7,0,0,0,12,0,0,8,44,0,23,13,0,12,12,0,6,0,22,15,66,13,0,22,0,8
713,0,17.524,5.89,0,15.049,0,0,0,0,0,0,5.0486,38.11,1.11,18.427,8.9029,0,8.11,13.159,1.2686,0,0,27.049,7.5729,54.841,6,0,10.11,0,14.11
714,8,18,7,0,20,7,0,0,15,0,10,8,36,0,23,25,0,15,20,6,0,0,19,0,51,13,0,12,0,7
715,0,0,13,0,0,0,0,0,0,8,0,6,32,0,14,13,0,7,14,6,11,0,23,26,45,0,12,6,9,18
716,8,24,0,0,6,13,0,0,9,0,10,7,33,0,17,21,0,6,22,0,0,17,23,7,64,12,0,23,0,7
717,0,25,0,0,28,7,0,0,6,0,10,0,47,0,27,24,0,15,20,6,6,11,19,0,48,7,0,14,0,0
718,5.094,23.31,0,0,14.298,7.6082,0,0,7.1755,0,5.4734,5.094,48.176,0,23.216,13,2.7429,10.865,16.082,9.6489,10,7.3918,22,0,57.012,13.445,0,23.082,0,9.4326
719,0,13,7,6,21,0,0,0,0,6,11,6,38,0,23,21,0,0,11,0,7,6,16,13,45,6,0,6,0,34
720,0,14,7,0,8,0,0,0,0,6,6,13,38,0,17,15,0,0,11,0,0,10,16,6,46,0,0,9,0,12
721,0,0,8,0,0,0,0,0,0,6,0,6,42,12,7,13,0,7,14,0,10,0,17,20,40,0,12,6,7,20
722,0,16,7,0,16,0,0,0,0,0,0,13,36,0,9,13,0,8,14,0,0,10,11,0,51,6,6,9,6,13
801,3.7623,25.789,2.9974,0,17.655,4.5169,0,0,0,0,11.754,3.497,41.091,18.262,25.627,21.898,0,2.9835,15.517,6,6.1076,0,16.221,16.483,35.964,2.9974,0,8.6513,4.1448,16
802,0,10.793,1.5444,1.7675,4.4639,0,0,0,2.062,7.552,12.448,0,14.505,4.4639,11.527,17.835,5.67,9.5913,13.214,1.5444,4.5638,0,10.246,26.837,22.037,5.4126,0,15.949,0,16.55
804,0,7,0,0,13.926,0,0,0,0,1.8664,0,0,12.378,6,12.548,4.7558,0,15,15.134,4.7558,6.2074,4.7558,11.171,14.548,24.244,0,0,6.2074,4.7558,8.2442
805,0,5.9901,0,0,15.464,0,0,0,0,8.2947,7.0419,1.0099,25.215,6,11.125,11.483,0.86561,11.794,16.583,5.3749,10.269,5.1344,13.433,11.628,26.943,5.9901,0,4.9851,0,16.031
806,0,23,6,0,14,8,0,0,8,0,11,0,31,6,23,24,0,13,18,6,13,0,18,0,39,12,0,14,0,16
807,0,12,0,0,20,0,0,0,13,0,0,0,37,6,26,27,0,7,19,6,7,0,13,6,32,12,0,13,0,8
808,0,13,0,0,7,6,0,0,0,7,13,0,16,0,14,13,0,16,16,0,6,0,15,8,27,7,0,26,0,14
810,8,14,0,0,15,9,0,0,7,0,15,0,24,6,34,26,0,7,17,7,0,0,8,16,31,0,0,14,0,8
812,0,15,0,0,6,6,0,0,0,6,14,0,21,0,13,6,7,21,11,0,16,0,13,15,23,0,0,19,0,14
1001,0,6,0,0,7,0,0,0,0,6,13,6,19,6,6,13,0,16,15,13,6,7,20,0,37,11,0,21,7,7
1002,0,6,0,6,19,0,0,0,0,6,15,12,20,0,7,17,6,15,12,0,6,7,12,0,43,14,0,15,0,19
1003,0,0,7,0,16,0,0,0,0,0,0,18,20,0,10,15,6,17,12,13,6,7,21,0,44,9,0,23,0,32
1004,0,0,0,6,22,0,0,0,7,0,0,6,43,6,0,10,0,14,12,7,0,8,22,0,59,7,0,23,0,12
1005,0,6,0,0,21,0,0,6,18,6,0,12,42,0,23,6,0,8,0,14,10,0,21,23,55,6,0,24,0,22
1006,0,0,3.3815,0,27,4.1354,0,8.8985,13.203,4.1354,0,13.517,41.068,6,2.8985,9.5169,4.1354,0,4.1354,7.5169,0,7.4831,22.517,10.102,72.831,7,0,21,3.1015,18
1007,0,8,7,0,46,0,0,13,15,8,0,24,50,7,9,9,0,0,10,12,0,7,19,6,74,0,0,12,7,19
1008,0,0,7,6,14,0,0,0,0,0,0,18,27,0,6,15,6,17,12,13,6,7,16,0,44,14,0,23,0,26
1009,0,6,0,7,21,0,0,6,0,0,0,7,33,0,20,24,12,15,8,7,6,7,16,0,51,7,0,31,0,20
1010,0,6,0,0,8,0,0,0,6,0,7,13,23,6,0,15,0,17,17,6,0,7,22,8,30,0,0,23,6,0
1011,0,0,0,6,17,0,0,0,12,7,0,7,47,0,0,16,0,15,13,7,0,7,23,0,54,6,0,21,0,8
1012,0,0,8,0,16,0,0,6,0,6,0,7,28,0,13,30,0,16,11,12,6,8,22,0,49,7,0,18,0,8
1013,0,6.3283,0,1.9697,0,0,0,0,0,7,8.9697,0,19.389,0,6,4.0303,4.5959,16.97,4.0303,0,7,5.3737,18,0,22.657,7.3889,0,19,0,7
1014,0,0,0,0,16,0,0,0,0,0,0,12,42,6,0,15,6,15,13,6,0,8,22,0,50,15,0,18,0,10
1015,0,6,0,0,7,0,0,0,0,6,0,12,24,6,0,12,0,16,17,12,0,13,21,8,29,6,0,20,7,8
1016,0,1.6912,8,0,15.282,0,0,0,7.7181,1.6912,2.5369,14.409,37.772,0,0,13.591,6.5637,15.282,12.718,6.2819,2.5369,11.309,21.718,0,45.591,13.564,0,18.691,0,3.6644
1017,0,0,8,0,14,0,0,0,0,0,0,13,29,0,13,15,6,15,11,13,6,7,16,0,44,15,6,23,0,16
1018,0,6,8,0,7,0,0,0,0,0,7,7,19,0,0,9,12,23,16,7,0,7,21,8,37,10,0,17,6,13
1019,0,0,0,0,26,0,0,6,0,0,0,6,37,6,7,30,6,16,12,6,0,8,22,0,50,6,0,18,0,10
1020,0,0,8,0,24,0,0,12,0,6,0,17,39,7,9,9,0,0,0,7,0,8,23,0,59,7,0,21,8,18
1101,8.2694,9.8082,0,2.1918,7.2694,6,0,0,12,0,9.8082,0,29.365,6.3653,29.808,25.306,0,0,13.269,0,25.808,0,3.8082,31.251,20.173,22.018,2.1918,11.712,0,19
1102,5.2855,17.65,2.1009,0,0,0,0,14.646,1.7145,6.2449,0,0,18.719,2.9392,5.53,0,6,0,15.767,0,7.6455,5.3687,5.285,27,13.975,1.4696,0,1.7145,0,8.8948
1103,0,13,0,6,8,22,0,0,7,10,7,6,35,7,18,16,0,0,30,0,28,0,0,35,30,7,0,8,0,33
1104,2.1124,8.1519,0,9,0,5.6763,0,0,9.785,8.1065,12.685,0,11.249,0,0,1.277,11,12.315,14.418,0,16.613,0,4.4927,14.046,12.169,2.4645,0,13.94,0,18.647
1105,0,17.013,0.98658,0,0,13.013,0,0,9,9.6711,7.9866,0,15.356,1.151,11.671,25.342,0,0,0,0,8.151,0,7.1644,27.342,23.711,7.9866,0,16.711,0,17
1106,7.5217,7.4461,2.9566,7,3.4494,16.71,0,0,7.4783,0,1.6435,7.9072,24.758,6.9855,14.227,21.958,3.2767,0,14.497,0,13.606,1.3999,7.3752,27.286,24.398,12.312,0,6.6262,0,24.133
1107,6.9349,14.429,5.3639,1.6361,1.4024,1.6361,0,0,10.598,0,0,6,35.13,7.6361,33.065,14.104,11.364,0,11,0,10.805,4.5976,11.364,28.234,21.467,8.6361,1.4024,0,0,11.87
1108,6,17,0,0,0,0,0,14,12,6,0,6,38,6,15,7,12,0,9,0,8,13,7,28,26,0,0,6,0,17
1201,6,0,0,6,6,0,0,6,0,0,0,0,49,0,0,10,14,0,0,8,0,6,25,0,73,0,0,0,15,14
1202,0,0,0,0,18,0,0,0,0,12,0,0,40,6,0,7,14,19,21,14,8,6,16,0,59,6,0,11,0,47
1203,0,0,0,0,6,0,0,6,0,0,0,0,52,6,0,16,16,0,15,8,9,0,18,0,62,7,0,0,15,33
1204,0,0,0,0,6,0,0,10,0,7,0,6,54,6,0,6,14,0,17,14,6,0,21,0,72,6,0,6,6,45
1205,0,0,0,0,19.392,0,0,0,0,15.742,0,0,45.092,11.475,2.7417,6,12.392,10.65,12.608,8.3917,8.6083,0,19.867,0,55.133,7,0,7,0,39.35
1206,0,0,0,0,6,0,0,11,0,0,0,0,43,0,0,0,19,0,9,14,0,6,21,0,69,0,0,0,13,32
1207,0,0,0,0,20,0,0,7,0,7,0,0,46,6,0,7,14,0,17,8,8,0,14,0,73,7,0,7,0,46
1208,0,0,0,0,12,0,0,6,0,0,0,6,55,10,0,6,14,0,12,14,6,0,32,0,67,6,0,7,0,48
1209,7,0,0,0,6,0,0,11,0,0,0,0,50,6,0,0,10,0,9,14,0,6,20,0,65,0,0,0,6,22
1301,0,7,6,0,13,0,0,0,0,7,0,6,44,13,0,17,6,6,13,14,0,0,23,0,66,0,0,7,6,41
1302,0,7,6,0,16,0,0,0,6,7,0,7,42,7,0,11,0,12,14,8,0,0,22,0,67,0,0,20,6,35
1303,0,7,6,0,13,0,0,0,0,7,0,6,47,9,6,17,13,13,14,9,0,0,22,7,66,0,0,7,7,30
1304,0,0,4.0092,0,13.014,0,0,0,5.3456,6.6682,0,6.6636,37.336,7.3318,4.0092,17.304,6,14.332,13.668,7.3318,0,6.3318,23,2.6544,58.005,0,0,16.346,0,33.682
1305,0,7,0,0,18,0,0,0,0,7,0,6,40,10,0,17,13,7,13,20,0,0,23,6,67,8,0,14,6,39
1306,0,0,6,0,21,0,0,0,8,7,0,0,40,7,0,13,13,15,21,7,9,6,23,0,56,0,0,19,0,36
1307,0,8,6,0,21,0,0,0,8,7,0,6,44,7,0,6,12,7,20,14,9,0,23,0,39,0,0,23,0,33
1308,0,0,6,0,24,0,0,7,7,6,0,9,34,7,0,23,7,15,12,7,0,6,22,0,66,0,0,12,0,33
1401,6,0,0,8,23,0,0,12,20,16,6,6,37,0,23,18,0,0,0,13,6,7,22,7,65,0,0,20,0,27
1402,0,0,8,3.15,21.874,2.2909,0,11.674,8.8961,14.171,0,12.562,40.058,2.3307,11.336,17.143,5.3875,9.1857,3.1275,8.6822,0,7.7136,25.587,2.0045,57.816,1.9776,0,20.227,2.0045,17.421
1403,0,0,8,6,25,8,0,12,12,8,6,17,37,6,9,6,6,0,0,14,0,7,22,6,66,0,0,7,14,19
1404,0,0,7,7,23,0,0,12,9,16,0,16,37,8,16,9,0,8,0,9,0,7,22,6,61,0,0,22,7,30
1405,0,0,7,7,25,8,0,13,7,16,6,23,40,8,9,9,18,8,11,11,0,6,20,6,61,0,0,13,7,19
1406,0,8,7,0,45,0,0,12,8,9,6,16,43,8,0,9,6,0,11,11,0,6,20,0,65,0,0,12,7,12
1501,0,7,7,0,30,0,0,6,6,8,0,15,49,7,8,6,12,0,15,13,0,0,23,0,66,0,0,0,7,12
1502,0,6,7,0,33,0,0,0,0,16,0,15,42,17,0,11,12,7,22,14,0,0,29,0,63,0,0,6,7,44
1503,0,7.2201,8.7609,0,23.938,0,0,0,0,13.019,0,4.6794,46.56,16.34,0,9.7799,10.679,8.5408,20.019,13.88,0,0,32.541,1.3206,59.321,0,0,0,0,36.22
1504,0,7,7,0,37,0,0,0,6,24,0,15,45,7,0,10,12,7,15,13,0,0,23,0,64,0,0,0,7,32
1505,0,8,6,0,7,0,0,0,0,15,0,0,42,16,0,10,13,15,14,14,0,0,39,6,48,0,0,0,0,42
1506,0,8,13.14,0,6.1399,0,0,0,0,6,0,0,52.56,21.021,8,8.5803,11.161,19,21.86,13.839,6,0,38.342,0,53,0,0,5.1606,0,24.86
1507,0,0,7,0,24,0,0,0,8,8,0,16,50,13,0,7,6,0,14,9,0,0,23,6,65,0,0,7,7,18
1508,0,7,6,0,7,0,0,0,0,13,0,0,36,22,0,10,6,7,14,14,0,0,35,6,59,0,0,12,0,48
1509,0,8,15,0,9,0,0,0,0,6,0,0,56,9,9,6,6,19,21,10,6,0,24,0,65,6,0,0,0,17
1601,0,8,6,0,7,0,0,6,0,0,0,6,37,15,8,8,6,21,19,14,0,18,32,0,74,7,0,6,0,0
1602,0,8.3993,10.806,0,11.806,4.205,0,0,0,6,0,0,59.209,10.996,12.205,7.1979,6.3993,19.601,21,13.604,6,7,27.989,0,58.608,2.3957,0,2.3957,0,18.608
1603,7,8,8,0,21,0,0,7,0,0,6,9,41,8,28,0,6,22,18,9,0,7,25,0,75,7,0,6,0,17
1604,1.7892,8.2982,12,0,7,0,0,0,0,1.7892,0,4.2108,41.684,22.807,14,16,9.3855,20.596,22,15.807,1.7892,12,42.404,4.2108,39.702,0,0,6,0,24.142
1605,6,8,8.4362,0,11.158,0,0,6.594,0,0,0,6,30.745,13.406,8,10.842,6,16.248,19,13,4.0603,11.346,26.406,0,76.128,6,0,6,0,13.534
1606,0,8,14,0,16,0,0,0,0,0,6,6,55,8,22,0,6,20,18,10,6,0,28,0,58,6,0,0,0,11
1607,6,8,6,0,0,0,0,7,0,6,0,0,44,14,13,17,6,20,18,14,0,6,32,0,65,0,0,6,0,0
1701,0,13,0,0,23,0,0,0,0,8,9,16,37,8,13,12,0,9,11,8,9,0,22,0,64,0,0,10,8,20
1702,0,14.993,7,0,17.162,0,0,0,0,0,0,7.9172,37.947,10.84,15.715,16.041,0,9.0909,12.57,8.563,0,11.01,22,6.2555,50.598,1.5524,0,9.7848,0,15.358
1703,0,15.254,5.2212,0,15.221,0,0,0,0,0,0,5.2212,38.779,1.7788,20.271,13,0,9.5247,12.508,1.5247,0,7.4589,22.746,9,47.271,6.2541,0,4.0658,0,19.746
1704,0,18,8,0,17,0,0,6,8,13,0,17,37,8,10,6,0,9,7,8,9,0,22,0,53,0,0,22,8,26
1801,0,0,0,0,6,0,0,0,0,0,0,13,25,0,0,7,0,0,6,0,0,9,10,0,29,6,7,0,6,6
1802,0,0,12,0,10,0,0,0,0,0,0,13,31,0,0,7,0,6,6,0,0,15,10,6,35,0,6,10,6,6
1803,0,0,6,0,10,0,0,0,0,0,0,14,38,0,0,7,0,7,7,0,0,17,11,0,45,0,6,8,6,7
1804,0,0,13,0,18,0,0,0,0,0,0,13,42,6,0,15,0,8,7,0,0,19,11,6,54,6,8,9,7,7
1805,0,0,13,0,6,0,0,0,0,0,0,8,30,0,6,6,0,6,9,0,8,6,11,18,36,6,13,9,7,0
1806,0,2.4558,0,0,0,0,0,0,0,6.5907,3.5442,2.4558,34.274,12.591,9.8652,7.4093,0,3.5442,9,0,8.3628,7.1814,7.6372,15.047,25.093,0,8.4558,6.8186,4.1348,14.865
1807,0,0,0,0,6,0,0,0,0,0,0,20,32,0,6,7,0,6,6,0,0,10,11,0,38,6,0,0,6,12
1808,0,0,0,0,22,0,0,0,0,0,0,14,32,0,6,7,0,8,8,0,0,9,15,0,35,0,0,0,0,26
1809,0,13,8,0,0,0,0,0,0,0,0,8,38,0,7,14,8,6,14,6,0,12,11,6,58,6,0,9,7,14
1901,0,0,0,0,18.141,0,0,0,0,7.6431,0,8.2862,25.215,9.8585,3.8585,0,8.1415,12.643,9.3569,7,0,0,18,0,30.785,0,0,18.929,0,19
1903,0,0,0,0,22,0,0,0,0,6,0,0,24,7,6,11,13,15,9,13,0,0,24,0,49,0,0,11,0,35
1904,0,0,0,0,14,0,0,0,0,7,0,6,25,14,7,0,6,6,17,7,0,0,17,0,23,0,0,11,0,19
1906,0,0,0,0,16,0,0,0,0,14,0,9,27,6,0,0,0,13,9,7,0,0,16,0,29,0,0,20,0,19
1907,0,0,0,0,24,0,0,0,0,7,0,0,28,12,7,10,13,6,17,14,0,0,18,0,68,0,0,10,0,29
1908,0,0,0,0,0,6,0,0,0,7,0,6,6,0,0,0,0,6,6,0,0,0,10,0,12,7,0,11,0,0
1909,0,0,0,0,20,0,0,0,0,6,0,0,28,6,0,10,13,7,19,13,0,0,19,7,61,0,0,11,0,28
2001,0,7,6,0,16,0,0,0,0,6,15,17,25,0,6,6,15,26,0,0,15,0,21,6,33,0,0,16,9,7
2002,0,0.52399,8.2498,0,7.786,0,0,0,2.9764,9.4201,7,5.476,25.623,0,5.476,1.048,16.532,22.515,10.634,0,9.4446,3.3328,20.671,0.69865,33.393,0.52399,0,15.515,8.4166,6.9127
2003,0,7,8.1461,0,10.146,0,0,0,0,5.0176,12.018,11.854,24,0.98241,6,0,21,19.708,0,0,10,0,21.164,1.3099,20.146,1.1461,0,21.526,8.6725,12.181
2004,0,0,8,0,8,0,0,0,0,10.265,7,11.809,26.985,0,0,4.8968,16.809,25.456,11.088,6,7.3677,7.4559,20.544,0,43,6,0,18,4.3527,11.897
2101,0,6,7,0,6,0,0,0,0,7,12,0,16,0,6,0,0,21,6,0,6,0,12,0,27,0,0,7,0,6
2102,0,4.8577,13.883,0,2.6497,2.6497,0,0,0,3.5329,5.741,0,16.442,0,6,0,0,11.909,11.208,0,7.5584,3.3503,12,3.5329,24.766,3.9087,0,10.766,0,6.4416
2103,0,6,6,0,22,0,0,0,0,7,9,0,36,0,14,6,6,7,21,6,11,10,13,0,40,6,0,0,0,14
2104,0,6,7,0,0,0,0,0,0,0,0,0,13,0,14,0,0,14,18,0,6,0,13,0,24,0,0,7,0,7
2105,0,6,0,0,6,0,0,0,0,0,0,0,16,0,6,7,0,16,17,0,6,8,12,0,35,0,0,0,6,6
2106,0,6,6,0,7,0,0,0,0,0,0,7,13,0,6,0,7,7,0,0,6,14,12,0,43,0,0,8,0,13
2107,0,0,0,0,0,0,0,0,0,0,0,0,10,0,7,0,7,7,0,0,6,14,11,0,32,0,0,8,6,6
2108,0,6,0,0,12,0,0,0,0,0,0,6,34,0,7,20,6,7,20,6,6,10,12,6,33,12,6,14,0,8
2109,0,6,6,0,13,0,0,0,6,0,0,0,41,0,20,19,0,7,17,6,7,10,26,0,46,6,0,14,0,8
2110,0,14,7,6,6,0,0,0,0,7,18,0,24,0,0,0,8,28,7,0,21,0,13,8,20,0,0,25,0,7
2202,0,24.653,13,0,4.3116,0,0,0,0,2.814,0,0,42.342,6,12.749,11.312,1.6884,3.3767,14,9.3419,13.437,0,9,19.719,38.312,4.3116,17.126,0,0,17
2203,0,10.696,4.9365,4.9365,5.7593,1.0635,0,0,0,8.6455,0,0,41.937,7.8862,9.5449,8.1772,0,4.9365,8.2407,4.9365,12.532,0,6,15.241,26,1.0635,15.646,0,1.5952,14.937
2205,0,8.9341,10.811,0,0,1.8766,0,0,0,0,6.3128,0,42.119,1.8766,14,12.63,0,0,13.872,4.1234,15.189,0,0,19.872,29.498,0,14.123,0,0,12.189
2206,3.5624,9.8906,3.1171,0,0,6.5547,0,3.3282,5.3435,0,3.8829,0,33.461,2.6718,13.804,12.234,2.6718,0,10.336,6.4453,9.6718,0,3.1171,21,23.898,5.3435,2.6718,0,0,10.445
2207,0,7,12,0,0,0,0,0,6,0,0,0,46,0,17,15,0,6,15,6,14,0,8,13,23,0,7,0,0,11
2208,0,13,6,0,15,0,0,0,0,6,11,0,45,0,24,22,0,7,12,0,8,0,26,32,40,0,6,0,0,23
2209,0,0,6,0,0,0,0,0,0,11,0,6,31,0,21,20,0,0,12,0,8,0,32,26,43,6,12,0,8,16
2301,0,0,6,0,7,0,0,0,0,14,7,16,32.097,0,6.5486,10,14.819,12.093,15.093,8,6.1814,7,23,7,66.367,6,0,16.181,0,15.363
2302,0,0,6,0,7,0,0,0,0,13,7,16,22,0,0,10,7,0,11,15,10,8,22,0,61,6,0,14,0,9
2303,0,6,8,0,9,0,0,0,0,6,7,16,29,0,0,10,7,26,12,8,0,7,22,7,44,6,0,18,7,8
2304,0,0,6,0,16,0,0,0,8,13,7,16,27,6,8,10,8,7,10,14,9,7,23,7,77,0,0,7,8,6
2305,0,2.1605,0.19368,0,10.553,0,0,0,4.2535,16.452,4.2535,17.215,26.244,4.8612,5.1194,12.16,7.226,14.785,10.392,7.6076,0,7,22.968,7.7202,51.82,5.8063,0,18.079,7.7418,16.354
2306,0,0.82046,8,0,9.0894,0,0,0,0,12.669,7,16,24.221,0,0,9.1367,13.047,25.863,12,6,5.4634,7,21.137,0,36.446,6,0,16.363,7.2845,14.321
2308,0,0,0,0,13.489,0,0,0,2.9351,13,3.5758,16.489,32.532,7.9784,8,16.489,7.4892,6.6407,9.5108,7,0,9.4459,23,9,55,0,0,14.152,8,13.152
2309,0,5.6681,6,0,8.8894,0,0,0,0,11.22,2.4645,16,16.168,0,0.44258,10,9.4645,22.557,11,7,0,7,23,7.6479,46.708,0.33194,0,14.37,7.5574,14
2310,0,0,6,0,10,0,0,0,0,13,7,16,23,0,8,10,21,22,11,8,0,7,23,6,59,6,0,10,8,8
2311,0,6,7,0,17,0,0,0,6,7,7,22,27,6,0,15,8,6,9,7,0,6,23,6,48,6,0,8,8,8
2312,0,6,6,0,7,0,0,0,0,13,7,16,21,0,0,10,7,15,12,6,0,7,22,6,51,6,0,18,0,14
2313,0,6,6,0,9,0,0,0,0,13,7,16,20.51,0,0,10,15.02,23.17,12,8,0,7,22.83,7,44.83,1.0202,0,18,8,17.13
2315,0,0,0,0,9,0,0,0,0,13,7,17,20,0,8,16,7,16,11,7,0,0,23,9,43,0,0,23,6,14
2401,0,0,0,0,5.7366,0,0,0,0,0,0,0,0,0,0,0,0,0,0,0,9.4439,0,8,0,2.3463,6.7219,0,0,0,6
2402,0,0,0,0,7,0,0,0,0,6,0,0,0,0,7,0,13,0,0,0,9,0,10,9,6,7,0,7,0,12
2403,0,0,0,0,7,0,0,0,0,6,0,0,0,0,7,0,0,0,0,0,16,0,10,8,10,6,0,7,0,0
2404,0,0,0,0,7,7,0,0,0,6,0,0,0,0,7,0,6,0,0,0,18,0,10,9,6,6,0,7,0,0
2405,0,0,0,0,7,0,0,0,0,0,0,0,0,0,0,0,0,0,0,0,14,6,10,9,0,7,0,7,0,6
2406,0,0,3.0345,0,7,0,0,0,0,6,6,0,3.9655,0,2.601,0,10.532,0,6,0,12.833,6,6,9,6,2.601,0,7,0,5.0985
2407,0,0,6,0,7,8,0,0,0,0,0,0,0,0,7,0,0,0,0,0,16,0,10,8,22,11,0,7,0,6
2408,0,0,0,0,7,7,0,0,0,0,0,0,0,0,0,0,0,0,0,0,15,0,10,0,0,0,0,7,0,6
2409,0,0,0,0,7,0,0,0,0,6,6,0,0,0,3.7594,3.7594,10.386,0,3.7594,0,16.253,8,6,8.3734,2.2406,0,0,7,0,6
2410,0,0,0,0,7,0,0,0,0,0,6,0,0,0,7,0,12,0,0,0,9,0,6,9,13,7,0,7,0,12
2411,0,0,7,0,7,0,0,0,0,6,6,0,0,0,6,0,12,0,0,0,9,0,6,9,7,7,0,7,0,11
2501,0,0,0,0,13,0,0,0,0,0,7,9,37,6,12,0,6,22,9,6,0,0,23,6,21,0,0,25,0,18
2502,0,0,5.6049,0,14.473,0,0,0,0,6.0659,7,6.1317,16.856,6.1317,0,6.2634,0.46097,14.066,9.1317,0.46097,0,0,18.329,8.4073,29.12,5.6049,0,23.605,0.39512,13.395
2503,0,0,0,0,13.258,0,0,0,0,3.1611,6.5269,12.258,34,9.7852,0,10,6.4731,16.483,10.054,7,0,0,22.527,0,48.097,0,0,22.634,0,24.366
2504,0,0,0,0,7,0,0,0,0,13,0,17,29,14,0,16,7,14,11,7,0,0,23,9,41,0,0,17,6,19
2601,7,12,0,0,16,0,0,0,6,0,11,0,30,7,31,29,0,6,12,6,14,0,20,25,37,7,0,0,0,24
2602,7.6602,13.614,6.8858,6.3182,2.4512,2.8637,0,0,11.315,4.6326,2.9108,4.7084,31.517,7.0005,30.973,23.679,0.68229,1.3674,18.585,5.3177,18.726,0,2.7373,32.026,22.526,9.1585,3.5488,0,0,22.521
2603,9,15,6,6,21,0,0,0,12,0,12,6,44,6,25,22,0,0,12,0,14,6,8,28,22,13,0,0,0,18
2604,7,13,6,6,0,0,0,0,12,0,0,12,30,6,22,21,0,6,15,0,19,0,9,14,20,6,13,0,0,11
2701,0,0,0,0,12.159,5.047,0,0,0,5.8882,0,6,16.812,0.953,5.8882,7,1.1118,0,16.57,7.2707,0,0,17,0,30.047,0,0,9.5235,0,6.1588
2702,0,0,0,0,0,10,0,0,0,6,0,8,25,13,13,0,7,0,0,0,16,14,9,0,12,0,6,9,0,0
2703,0,0,0,0,14,6,0,0,0,6,0,7,13,0,0,0,0,7,16,14,0,0,17,8,23,0,0,10,0,13
2704,0,0,0,0,13,6,0,0,0,6,0,0,21,0,8,6,0,0,17,0,0,0,17,0,28,0,0,10,0,6
2706,0,0,0,0,0,10,0,0,0,6,0,8,25,13,13,0,7,0,0,0,9,0,9,0,6,0,0,7,0,0
2707,0,18,8,0,20,6,0,0,8,0,9,7,40,0,18,21,0,6,12,0,7,7,22,0,57,7,0,0,0,6
2708,0,0,6,0,0,6,0,0,0,6,0,0,7,0,7,6,0,0,6,6,10,0,16,0,12,0,0,11,0,0
2709,0,0,0,0,14,0,0,0,0,6,0,7,30,6,0,19,7,0,16,13,0,0,17,7,34,0,6,10,0,13
2710,0,0,0,0,0,10,0,0,0,12,0,8,22,14,6,0,0,0,8,0,17,6,9,0,6,6,6,11,0,0
2801,0,12,8,0,9,0,0,0,0,6,0,8,23,0,0,10,6,23,12,7,0,7,22,8,33,6,0,15,6,21
2903,0,10.439,6,3.6987,0,3.6987,0,0,6.9052,5.8985,13.157,1.3572,19.849,2.3013,9.9021,10.217,5.548,14.977,7.1346,0,17.437,0,12.479,11.472,21.532,4.6428,0,9.8891,0,7.5476
2911,0,16.912,3.1917,3.8083,3.2642,0,0,0,0,7.544,13.073,0,16.456,3.2642,0,0,8,17.352,2.7358,0,6.544,0,11.808,8,15.456,0,0,17.264,0,8
2912,0,13.339,6.477,0,0,0,0,0,0,7,13.477,6,14.862,2.8621,0,0,0,10.908,0,0,6.523,0,6,0,11.293,3.1379,0,8.0919,0,7.477
2921,0,10,6,0,0,6,0,0,10,8,13,0,24,6,12,8,9,7,0,0,6,0,8,8,29,6,0,13,0,18
2926,0,11,6,0,0,0,0,0,6,7,13,6,18,6,0,0,0,13,0,0,13,0,8,8,20,0,0,14,6,15
2930,0,16,7,0,6,0,0,0,0,7,12,0,21,0,0,0,8,15,6,0,7,6,8,7,21,0,0,21,6,8
3004,0,10,6.6199,0,2.2804,3.7196,0,0,0,6.3801,8,2.2804,10.181,0,4.3395,2.2804,3.7196,8,0,0,6,0,13.14,0,7,6.6199,0,11.959,0,0
3005,0,7.404,6,0,10.732,1.9443,0,0,0,16.504,15.216,6,18.313,0,4.7317,4.0557,1.9443,15.6,0,0,12.717,0,7.3519,1.9443,19.028,3.5759,0,12.34,3.2404,7.324
3006,0,10,7,0,0,0,0,0,0,6,8,0,0,0,6,6,6,7,0,0,10,0,7,0,0,7,0,14,0,13
3007,0,0,13,0,0,0,0,0,0,0,6,0,6,0,0,0,6,6,0,0,6,0,19,0,0,6,0,20,0,13
3008,0,3.5865,12.151,0,2.6641,0,0.83586,0,4.0215,10.264,17.633,2.2126,22.741,0,6.1102,5.1049,11.992,18.554,0,0,16.521,0,17.92,0,17.632,0.57385,0,26.338,1.778,6.3364
3013,0,8,12,0,13,0,0,0,0,25,14,0,11,0,0,0,6,14,0,0,10,0,16,0,20,6,0,14,0,20
3014,0,0,6,0,13,0,0,0,0,13,13,0,25,0,7,6,0,22,0,0,6,0,13,0,19,6,0,19,0,8
3015,0,10.529,6.471,0,0,0,0,0,0,6.471,16.826,6,20.826,0,0,0,0,16.297,0,0,8.413,0,6,0,15.058,6,0,17.239,5.29,8
3016,0,8,6.9029,0,8.9029,0,0,0,0,6,8,0,7.2621,6,5.4175,6.5825,6.3204,12.32,0,0,6.9029,0,12.515,0,0.67959,5.4175,0,8.6796,0,13
3017,0,7,12.832,0,6,0,0,0,6,11.822,9.0095,4.9905,12.178,0,0,7,0,14,0,0,7.3461,0,10.356,0,15.495,1.0095,0,28,0,7
3018,0,8,13,0,13,0,0,0,0,20,8,0,11,0,0,6,0,6,0,0,10,0,8,0,14,0,0,14,0,19
3019,0,11,6,0,0,6,0,0,0,6,13,6,17,0,7,0,0,14,0,0,10,0,8,8,7,6,0,6,9,7
3020,0,0,0,0,0,0,0,0,0,0,13,0,0,0,0,0,0,0,0,0,7,6,7,0,0,7,0,14,0,7
3022,0,10,7,0,6,0,0,0,0,7,8,6,11,6,7,6,6,14,0,0,6,0,7,0,7,6,0,0,0,7
3023,0,7,0,0,6,0,6,0,6,14,22,6,31,0,0,6,6,22,0,0,8,6,15,0,20,0,0,23,0,8
3027,0,17,6,0,7,0,0,0,0,6,13,6,18,0,7,0,0,13,0,0,10,0,18,0,16,6,0,13,10,8
3028,0,8,6,0,0,0,0,0,0,0,0,0,0,0,0,0,6,6,6,0,7,6,19,0,0,6,0,14,0,7
3031,0,7,0,0,6,0,0,0,6,13,19,0,25,0,0,0,6,12,0,0,18,0,12,0,17,6,0,22,0,8
3101,0,7,13,0,15,0,0,0,0,7,13,0,17,0,13,7,8,6,0,0,10,0,22,0,9,0,0,27,0,14
3102,0,0,7,0,10.491,0,0,0,0,6.5818,6,8.1455,6.4182,3.4909,7.5818,0,14,4.0727,0,0,9,3.3454,14.164,0,5.8182,2.5091,0,10.655,6.5818,12.491
3109,0,0,7,0,14,0,0,0,0,15,12,0,6,6,13,0,6,0,0,0,0,0,16,0,10,6,0,8,0,7
3124,0,6.6167,10.317,0,15.383,0,0,0,0,8,6,8.4667,17.233,0,6,4.3167,17.3,8,0,0,9.6167,0,21.383,3.0666,10.6,4.9832,0,14.15,6.6167,10.917
3125,0,0,7,0,13,0,0,0,0,6,7,6,6,0,13,0,8,7,0,0,9,7,17,8,6,12,0,6,6,9
3129,0,0,6,0,7,0,0,0,0,18,14,0,11,0,7,0,6,0,0,0,10,0,16,0,26,6,0,20,0,14
