county,winter06,spring06,summer06,fall06,winter10,spring10,summer10,fall10,winter14,spring14,summer14,fall14
1,34.93947727,41.15361424,2.197895829,12.40101774,34.48531061,39.89740364,2.248151177,14.10374911,32.76507143,39.00306095,2.170177714,16.36669201
2,32.28304091,37.60024318,1.974486973,10.98452177,32.12084394,36.91063712,1.900988564,12.75551341,30.28558254,35.24199286,1.832576956,15.10173539
3,37.70667424,46.85234742,2.842587606,15.05507676,37.73177576,45.4944353,2.758716106,17.12184656,35.89584444,43.43048778,2.652733952,19.62308568
4,40.42277576,40.35617273,1.78304153,12.81676555,39.32281212,38.17364242,1.812796071,14.08966813,37.69258095,37.10018254,2.11458063,16.4925547
5,31.7612197,37.16581818,2.638113636,10.41471212,31.45213636,35.95409848,2.551984848,12.03057576,29.79055556,34.12281746,2.593063492,14.55330952
6,36.85339091,44.84580955,3.211491985,14.55362386,36.89121061,43.52474894,3.123434242,16.65434611,35.07868095,41.21240365,3.00309781,19.40272178
7,52.3889,52.96028985,1.877892795,16.72388105,51.23455,51.27986409,1.910761701,18.22674185,49.23297302,50.50465127,1.96062844,20.83570838
8,26.89774242,31.70633333,1.940439394,9.132015152,26.32017424,30.57590909,1.902878788,10.70184848,24.76962698,29.45223016,1.964333333,12.86834127
9,34.85433485,47.4391803,4.936261364,15.42914924,35.03418182,46.17675606,4.964318182,17.51981591,33.48530159,43.8680619,4.848028571,20.0389873
10,33.1287697,41.33537333,2.290281424,12.6341767,33.07899091,39.8317597,2.292587303,14.382995,31.73073651,38.42115778,2.151590675,16.15480466
101,127.0912121,98.3655303,62.41028788,171.0654091,129.0434242,102.6232879,62.57489242,170.1775758,123.8657302,97.81438095,60.22252698,174.5043651
102,117.8934091,70.42187879,69.57669848,156.8290303,118.0738636,73.66165152,71.75308485,156.2680606,112.8957143,70.11257143,71.62253333,158.9671746
103,133.2638182,79.79591667,72.38187121,193.3479697,134.6252121,83.09403788,75.28571212,192.8869848,130.1724444,79.00757937,73.87814286,198.1359048
104,139.069697,116.2961061,80.85238636,195.4431667,139.9089091,121.4098485,81.17521212,193.9070758,134.8329841,118.626619,78.5954127,199.2916508
105,122.0900152,82.75959091,87.36968636,177.7259394,123.3523485,86.419,90.48368636,177.8884242,119.8045714,82.16069841,89.83149683,182.7613016
106,73.16172727,83.66245455,48.76190303,78.63604545,74.57542424,86.32513636,50.58317879,79.31340909,74.08585714,83.05385714,50.04879683,83.38011111
107,100.8275758,101.5425758,67.07680606,128.9516364,101.336197,104.9108182,69.72477576,128.5025455,99.12631746,104.308127,69.57478095,132.7411746
108,145.144303,93.93971212,83.00093182,213.5710909,146.8304545,98.13895455,86.18886364,213.6414697,142.8319524,94.19492063,84.21603968,220.486619
109,101.1463636,91.41133333,60.07060606,125.995303,102.997,95.08884848,62.06466667,126.2297879,101.325619,91.35396825,61.18707937,132.101873
110,117.9438333,90.97692424,90.81684848,167.5308939,118.5624242,95.29816667,93.98189394,166.8071364,115.1513968,92.31765079,93.80469841,171.3207937
111,117.6622727,85.06918182,83.13866667,161.9734545,118.0140606,89.09648485,85.98712121,161.3564848,113.9545079,86.09,85.90514286,165.2451111
112,119.4627273,95.80037879,89.85681818,172.5339394,121.5868182,99.79598485,93.28969697,173.7190909,119.6204762,95.12666667,92.36769841,180.484127
113,143.842697,106.271,82.57878788,205.0174242,145.456697,111.3684848,84.88836364,205.2950606,141.7013333,108.3172698,82.38250794,212.6070476
114,141.0051667,109.6057273,76.96508939,192.9524394,142.3701818,114.5332879,78.58540758,192.5123485,138.3171587,111.8238413,76.19832222,199.1278095
115,95.05551515,88.11481818,78.91202879,127.0867273,96.50510606,91.73109091,81.63008939,127.8696364,95.28607937,88.69763492,81.33190317,132.4007778
116,98.5380303,95.414,77.15309091,135.736303,99.47533333,99.487,80.1650303,135.1911818,97.8368254,97.9491746,79.75695238,140.0033333
201,71.93398485,94.38389394,96.53118182,98.34066667,72.00898485,95.18301515,98.44451515,101.745697,70.49590476,94.43671429,102.0658571,105.8489524
202,79.40025758,93.69887879,74.37607576,115.6940152,80.22168182,94.32080303,74.79807576,118.3860758,78.92447619,92.72990476,77.96074603,124.1659365
203,69.05562121,76.34310606,49.93206061,87.94824242,68.92975758,75.70495455,50.10067273,89.05771212,67.36715873,72.10203175,50.64951429,90.66692063
204,105.4394242,110.5051212,127.6265909,155.4030152,105.124197,112.3224545,132.7592727,158.7730455,101.9937778,114.3132381,138.269873,166.0310159
205,112.3248939,102.3330606,92.94874242,153.3010909,111.7758333,104.8294545,96.5670303,153.6261515,107.9933968,105.3426667,98.33163492,158.3387143
206,63.05175758,77.65690909,57.09394545,85.29598485,63.26739394,76.95962121,57.58502121,87.53363636,62.3891746,73.86179365,58.4682127,90.07173016
207,63.41686364,102.1009394,76.59930152,100.4258333,64.31281818,103.1989394,76.17455909,104.3447121,64.09026984,102.4765873,78.22750635,109.9861746
208,80.86371212,91.40030303,77.61666818,122.7230455,81.44154545,91.72934848,78.40194091,125.4163636,79.99025397,89.19068254,81.08441429,130.8340952
209,72.21919697,105.7046212,116.7183939,121.4936364,72.26069697,107.6200606,119.1647273,126.2815909,71.82831746,109.5459365,122.6916508,130.7010317
210,81.92522727,104.6734697,124.1122576,136.2020909,81.54772727,106.9693485,126.627197,140.8555758,80.67469841,109.4112063,130.382381,144.4117143
211,83.52151515,61.86454545,43.38212121,99.84575758,83.56606061,61.04030303,44.30848485,101.8557576,80.81698413,58.59285714,46.61015873,104.9269841
212,110.4392424,78.12954545,60.20666667,144.5228788,110.6186364,77.76242424,62.08909091,144.8395455,106.5544444,75.75507937,64.46063492,147.2496825
213,70.71121212,56.66575758,42.61575758,90.20333333,70.61242424,55.89590909,43.39530303,92.50651515,68.31380952,53.05460317,45.05063492,95.17206349
214,62.42298485,76.99460606,54.24168939,79.81933333,62.74366667,75.98640909,54.26518939,81.69245455,62.11761905,72.15488889,54.7256746,82.94484127
215,98.49534848,106.7960909,107.0577121,121.1785152,98.12586364,107.4909091,111.3984242,124.6735909,95.9972381,108.7216825,116.6249524,128.8516032
302,42.01210152,88.348,42.56301364,49.64902121,42.44804697,92.90763636,42.84355909,48.17729545,42.14374762,91.98911111,41.64210952,50.73771587
303,44.17739091,76.42365152,29.62027803,32.22507364,43.43670909,78.80821212,28.26753561,31.5344847,42.0807746,76.35446032,28.5536373,33.84736238
305,47.3169697,84.98463636,33.60748333,38.71739242,46.86692424,90.36974242,32.66952121,37.61578788,45.68677778,88.87634921,32.142,40.70851746
306,52.9843697,64.04529697,11.08309394,26.69776061,51.17146061,65.40666061,10.55554848,25.53601515,49.14818095,62.11581905,10.30195873,27.85999365
307,36.7942803,75.34498182,26.60964848,33.17778636,37.13238788,78.03036061,26.61611818,31.03338324,37.73358095,77.4753619,25.93004127,33.14640626
310,40.62422576,58.23329697,12.94033652,26.08508379,40.05278636,60.49438788,12.7137653,25.01093076,38.35177619,58.44781905,12.46350492,27.39739683
311,48.53524848,57.82244091,9.139560303,24.80269591,47.28068788,59.8528803,8.952627273,23.66780803,44.65764127,56.88465238,8.909025397,25.56425317
312,39.43500152,44.77198485,5.002181455,17.92122545,37.25644242,45.44266667,4.841119333,17.02736636,35.65784444,42.04787302,4.570595968,18.84517413
313,52.15972727,90.41562121,36.01442273,40.29067424,51.36306061,94.87012121,34.23078182,39.88391667,49.16212698,92.60238095,33.66227778,43.50659841
314,35.38360909,54.69022879,11.48021576,24.34607227,34.29119394,56.37077424,11.00696727,22.80641402,33.69940952,53.02614444,10.90471508,24.51993437
315,41.20554545,98.00251061,46.45410758,52.7105197,42.14513182,102.6847379,46.25874394,51.65247424,42.68683651,102.5785349,44.73281111,54.47365238
316,41.01982576,70.39731818,24.04561515,31.25988485,40.55727727,73.8534697,23.53361818,29.69915303,39.33383016,72.25369841,23.20098095,31.7902873
317,32.94829242,65.88500758,24.74202576,31.39924545,33.25193788,68.11131061,24.99014848,29.24183621,34.22068095,68.03699206,24.03984444,31.06334111
318,35.17093939,51.04681818,9.279242424,20.9080303,33.26706061,51.00866667,8.53,20.20093939,31.83085714,46.80387302,8.36984127,21.95526984
319,37.85288939,52.24974545,9.329086955,22.50228985,35.94495152,52.65174545,8.577141652,21.44878509,34.57420317,48.59908254,8.396907444,23.44201485
320,38.10073788,43.4584697,3.665446827,17.20291963,36.43913182,44.35128788,3.729587039,16.37695756,34.79602698,41.01269841,3.606636159,18.27002395
321,50.77580303,67.70558485,14.82313939,28.57267167,50.24051515,69.34585758,14.19675515,27.84272015,47.93593651,66.80772381,14.29331714,30.64647302
322,37.32188485,46.29910303,6.506836258,19.02718561,35.14171818,46.66198182,6.053250348,18.26473931,33.64373651,42.77293333,5.810127984,19.94610642
323,42.45483939,92.26243939,43.33847273,43.77115758,42.84776061,97.07295455,44.55124545,41.30126364,43.03817778,97.50685714,43.63114286,43.52788571
401,56.94183485,64.68713636,15.50113061,28.65033015,53.65868333,65.14990909,14.21793667,27.81946591,51.72204921,60.75452381,13.84496857,30.08861841
402,126.4138939,107.8711106,9.988078152,47.36622182,121.6513636,109.08705,9.482617091,43.26733788,116.2107778,105.0435603,9.420076,46.93068175
403,33.88838333,80.78280303,44.84996212,32.69712576,33.58733333,82.56068182,43.92253788,31.44156062,33.51019048,82.02277778,42.71402381,33.7148524
404,140.4239697,103.557,3.208484848,45.41375758,135.2183939,104.0520303,3.03169697,41.19781818,129.0116508,98.62888889,3.090984127,45.80180952
405,36.70775758,64.10307576,27.31122727,25.34512121,34.81874545,64.96610606,25.46655152,25.06901212,33.91741587,61.91430159,24.27334603,27.41367937
406,32.99655303,86.92040909,42.26697727,32.55741667,33.95993788,88.62680303,40.22649242,31.03331868,34.09407937,89.57204762,37.88321429,32.54392275
407,72.20672121,65.53989697,4.974969697,26.76001515,68.00323636,66.12584545,4.854112121,24.88547273,64.57972381,62.59993333,4.807034921,27.64623175
408,42.70313636,49.53166515,5.172384242,19.70171647,40.95106061,50.31743788,5.169023879,18.94852934,39.13396825,47.0918873,4.983359317,21.0811254
409,61.94865909,62.20982576,7.29901803,26.59725389,57.81361364,62.38634091,6.712564848,25.25286495,54.83699206,58.50259524,6.653780635,27.60895127
410,57.2538303,57.1846303,4.322341424,22.86447258,54.6897697,57.75499394,4.434966261,21.63084485,52.10910794,54.72848571,4.379754178,24.00054873
411,48.11142424,54.29705455,4.650135258,20.71321377,47.31815152,54.77575152,4.75618953,20.22684059,45.31149206,51.48627937,4.668515873,22.39025841
412,54.17108939,63.56646061,7.992823636,25.19437649,53.50057424,63.97674848,7.674459,24.85557073,51.48882381,60.4920381,7.561523714,28.2166646
413,95.40413636,95.88743939,18.6206153,42.43834227,91.01209091,97.35519697,17.08265924,39.73893833,87.90225397,93.68130159,16.89064508,42.18993714
414,35.09283333,89.83189394,61.89138636,35.2445303,35.04592424,92.03160606,60.12873485,34.57882576,35.19444444,93.36903175,58.55262698,35.90229365
501,84.93756515,70.45652798,1.164785459,33.80887598,82.68709545,68.22075374,1.235755874,33.59670668,79.59429048,63.878569,1.173234741,37.80578497
502,75.36716364,67.23088503,1.200129737,30.1158312,73.64022424,65.49223503,1.24216079,30.76894996,71.15299683,62.15123829,1.133098823,34.5610683
503,109.3905606,89.94856061,1.796954545,39.30130303,106.9376515,88.63777273,1.806015152,37.99945455,102.548746,83.75311111,1.726619048,42.13188889
504,89.92986727,57.61511501,0.639023053,29.11360905,86.71156424,55.44985895,0.656805727,27.49691488,81.45755937,49.98092049,0.571906929,31.08310132
505,60.92627424,64.59830076,2.070654966,26.05767964,59.81507727,63.21581288,2.114921391,27.11783693,58.35935079,61.12434365,1.970887131,30.31414032
506,73.59553076,39.40601495,0.28177645,23.01520313,70.00076864,37.31778571,0.289048819,21.66943084,64.95586873,33.57522852,0.258432101,25.21959305
507,64.37062727,62.30602453,1.282951115,24.99134,63.69504848,60.42468817,1.298490464,26.1649581,61.13554286,58.13548125,1.249822708,29.05733253
508,77.24821803,49.34788548,0.520556193,26.23187694,73.97362712,46.56460669,0.539699663,25.33217928,69.91756175,42.7168451,0.500263364,29.14486332
509,102.0113985,87.60545742,1.738160821,39.81627771,100.2055045,86.62792561,1.760393989,39.18973797,96.77671905,82.13935063,1.626755141,43.43016876
510,73.90706515,71.53470247,1.570889616,29.64960541,72.82447424,69.76402065,1.60343501,30.72788511,70.61778254,67.02526449,1.476446773,34.45862085
511,76.5137,73.80816638,1.380771326,31.47464288,75.46833636,71.49832244,1.449588285,32.59372242,72.71146349,68.5070616,1.397511992,36.2074195
512,98.16433636,72.12103036,0.989249408,33.13018902,95.3422,70.30209854,1.021661285,31.58762805,90.68311429,64.76350165,0.936744854,35.16330434
601,36.2232701,12.13584279,0.05946235,11.36442017,35.36768722,10.72189295,0.07148041,12.09917634,31.34455486,11.18270682,0.076168513,16.72867476
602,126.1766859,75.65977864,0.379046076,34.72216648,123.2301541,68.751915,0.313217076,34.14516417,111.4967487,64.8162627,0.362458127,39.88322794
603,55.29677698,22.99253848,0.227074861,16.4766733,54.26705486,19.51137045,0.22899194,17.4516882,48.67014002,20.01361254,0.281813728,20.85460183
604,156.1600676,88.90088864,0.514487146,35.3103749,154.4679676,83.01131136,0.482237185,34.16945853,139.9231089,79.94814079,0.577901726,37.54585047
605,54.93324033,16.30177139,0.11342143,17.44877976,52.84737897,14.20181805,0.132156803,19.12637302,47.00859701,14.80968827,0.150641459,23.04840225
606,88.05959547,30.99277248,0.288351651,18.40048605,87.65994532,27.31654101,0.238252821,20.9343578,77.89286652,28.02211508,0.293073342,25.00933454
607,34.58040386,15.78263855,0.208774669,9.640166964,34.33390442,13.61423613,0.233341336,9.757860683,31.31584114,14.36063778,0.289487717,13.49134792
608,151.3206662,94.65959348,0.467811123,39.30666986,148.3037602,88.65795409,0.450087276,39.62786148,134.4766059,83.7609281,0.495877319,44.5605584
609,43.12169517,21.71605362,0.164266236,13.80627458,42.68896153,18.64948589,0.174141006,12.86252172,38.77012478,19.35479968,0.248457268,16.87724053
610,81.80367372,31.09652148,0.260535745,20.7621805,79.6914672,26.7286875,0.204728483,21.31513101,70.85394977,26.81738508,0.263818776,23.89329052
611,43.14342809,16.09321919,0.186530167,14.01235685,41.92188203,13.88110888,0.190387644,14.99366456,36.77587641,14.51151598,0.219356982,18.76829404
612,89.840873,45.00861542,0.225280533,24.60741525,87.77893058,39.96905103,0.211609308,26.28829097,78.74278917,38.74962397,0.246531269,29.94093165
613,147.5677353,82.78699106,0.346088802,35.93952609,145.1050005,77.25646379,0.315496135,36.27018142,131.0923973,73.01751603,0.344982156,39.03236093
614,67.81932927,35.47435027,0.168924464,20.6518088,66.6705823,30.87806542,0.155316432,20.58127823,59.85211479,31.32170683,0.238023967,24.96850148
615,112.5092439,55.7626953,0.417721656,25.36672327,110.6791455,50.65642591,0.378038029,24.74819829,99.22493016,50.28533714,0.483289973,27.62610904
616,71.43383262,23.19697059,0.201424806,17.41997656,69.1371304,19.8780002,0.143229843,18.82679647,62.55387629,20.68547163,0.171496486,21.88695789
617,161.7805489,96.66395212,0.4881584,39.26533445,158.140858,90.40543394,0.460942502,39.64808266,143.0699148,85.29455333,0.498556822,43.25093531
618,62.16682788,15.61127171,0.073788035,14.85555209,61.00730576,14.07834732,0.074267834,18.32432218,56.29039333,14.94209608,0.090317572,22.6552635
701,29.24260424,19.36254831,1.024736294,4.691599097,27.94830561,17.5214377,0.928244935,5.975323783,26.05737571,18.51545537,1.318859837,7.221100454
702,44.37162061,20.01387447,1.331134097,2.995928741,43.56073655,18.5683322,1.344553612,3.686649394,37.49594162,20.5874714,1.549233097,5.289045079
703,67.09196462,35.77083718,1.018998708,6.923768515,65.76916932,33.69908415,0.931378743,8.912988265,59.90620278,33.79213578,1.246136231,11.16288056
704,62.86604742,24.91193762,1.316459528,3.935811377,62.74798121,23.14236977,1.267785181,4.632777092,53.12188476,25.21380262,1.43959126,6.838304589
705,42.49058502,18.10714124,2.609051116,2.113026738,43.16299259,16.83027098,2.723541161,2.483380935,34.76707494,18.65378705,3.141993994,4.262727317
706,114.0295818,53.29073697,0.886342033,10.37787515,112.0865856,50.18464697,0.802485509,12.74130388,99.58455952,49.60169429,0.907371205,16.36792762
707,80.1309497,34.90972121,0.969204184,6.529204651,77.79408706,32.12835803,0.843497128,8.044880127,68.18992644,32.49377524,0.985324809,10.92872129
708,47.54955094,20.66781629,1.25531675,2.925709498,46.96670038,19.28480795,1.237286362,3.592654145,40.13012119,21.32803722,1.435948481,5.264560487
709,80.36280792,29.54132527,1.917697564,6.323052096,79.53747595,26.96585555,1.723579631,7.672761672,68.28106184,27.96157514,1.994264498,10.65879606
710,101.1798135,37.03108812,1.139469926,9.208774414,98.10438344,33.26840645,0.945790937,10.95896598,86.54868376,33.2143907,1.213051846,14.87934664
711,41.11269459,15.63724362,2.427777912,2.364929811,40.93497738,14.48603989,2.361316988,2.607760873,32.51546868,15.99806405,2.645988896,4.415525677
712,75.42841035,35.43711015,0.468786608,6.121300594,73.33451594,33.10013379,0.395521225,7.80970714,65.80708416,32.72705571,0.435485245,10.47373458
713,131.4864773,51.79746394,1.009676585,14.24417482,130.6612264,47.63164273,0.83717363,17.5953853,113.7028689,47.08137571,1.02561441,22.23321678
714,33.43991558,15.94767651,1.231547185,2.556840296,32.75406029,14.83594045,1.250545817,3.117365938,28.41343125,16.48139476,1.505037169,4.551747417
715,44.80554583,14.73923292,1.556856322,3.207571399,42.76595045,13.68370398,1.379525958,3.399989838,33.5572719,14.65539131,1.533629137,5.515808495
716,43.9959687,21.92726951,0.426453377,3.539178579,41.806605,19.5228992,0.36895365,4.556902634,37.65803857,19.65728862,0.403189559,6.395963601
717,33.90871697,20.23654989,1.165585184,4.107960982,31.83948227,17.65475702,1.123006632,4.947586556,29.39291063,18.18310529,1.334614645,6.466513414
718,46.28846094,27.20554053,0.86581446,4.72063243,44.12509427,24.74916583,0.767878945,6.077038885,40.38880797,24.86852134,0.955563339,7.950560689
719,39.38546883,17.59205217,1.664977821,2.023103232,40.36771471,16.47092262,1.844372745,2.212193991,32.425767,18.09429224,2.168572276,4.015429086
720,61.33910994,20.23540918,1.570242736,4.056883876,60.78242115,18.797934,1.448353855,4.559840644,51.20427041,20.12228562,1.626615198,6.761678441
721,49.83783327,12.92784791,0.89851906,3.996701561,46.80719388,12.15062336,0.784146525,4.143156723,37.96343311,13.02510256,0.89029937,6.361948984
722,67.91499139,20.69432977,1.293959254,6.429155482,64.80495715,18.68721738,1.177398342,7.214934423,55.2209551,19.12283947,1.376015638,10.25406272
801,40.45169709,21.80711318,7.367093636,3.533320197,42.08581486,20.01380242,7.241452924,4.033989227,34.20071716,22.71355651,8.087089063,5.643569825
802,20.21944827,9.649655,1.410005364,1.688671088,19.90600766,8.785973333,1.160722121,1.898721164,17.57977421,10.06494984,1.309463492,2.560192714
804,23.69320897,15.07617408,0.511311124,3.083184365,22.18748891,12.79744318,0.482509535,3.297227278,19.54795108,12.61590952,0.725153076,4.358260988
805,30.08016818,25.88025606,3.081422121,8.193365152,29.16402727,24.31837273,3.046230303,8.45060303,26.20194444,23.33365873,3.074428413,9.79468254
806,32.59629385,17.0967975,2.041860626,2.683222587,33.29741294,15.93910143,2.079698976,3.165247293,27.54950626,17.37923992,2.665158932,4.671401388
807,26.50515911,14.91872338,0.725223395,3.0042703,25.07554279,13.32056717,0.71054472,3.40684766,22.20058578,13.71482053,0.904092789,4.611464411
808,14.13843647,11.29290702,0.772425573,2.139504694,13.6804918,9.84304747,0.74606697,2.251850512,11.59360554,10.02220052,0.893813665,2.818262711
810,36.77620117,27.53987758,3.51332047,6.337339015,37.96008005,24.73131394,3.404180621,7.074946197,32.34576164,26.28004794,4.206977937,9.121699302
812,18.27814061,15.5643203,0.321347879,2.261839394,17.25482636,13.88389848,0.286604242,2.579976364,15.06197746,13.32746159,0.371246667,3.129370159
1001,20.4639847,22.59112218,1.163367735,4.846793136,20.14515076,20.64917218,1.097038133,6.346678203,18.35528175,19.28290419,1.121848921,8.222464167
1002,17.35938379,13.09760289,0.591498564,3.517402284,16.93197424,11.26045229,0.518700006,4.471389271,15.55290079,11.63216271,0.571589059,5.744096505
1003,19.27757576,16.05878788,0.933939394,5.244393939,18.06287879,13.70060606,0.881818182,6.044545455,16.96809524,14.04920635,0.941269841,7.94968254
1004,41.30963636,39.47922727,2.462015152,14.12098485,39.47427273,36.67963636,2.620515152,15.40021212,38.317,36.08930159,3.249047619,18.14
1005,88.42484545,48.9976697,1.004009091,13.09950606,87.38217879,46.1828303,0.882636364,14.97027576,79.31130476,45.72965714,1.44504127,18.14540317
1006,60.88806879,50.45160788,2.289604409,18.5931258,58.65071273,47.41660485,2.446509836,19.6323319,56.77227524,46.03537968,3.222698638,22.51300088
1007,122.3741355,90.42967894,2.333894076,34.1269152,119.7788112,87.04483955,2.561509621,34.74038505,114.4514054,82.60238746,3.297180238,38.09924967
1008,20.60350247,15.84526112,0.87970407,5.107328797,19.31116156,13.55477476,0.810864974,5.871992282,18.18899624,14.04865768,0.861118089,7.719817163
1009,29.91193114,19.78410442,1.092200003,5.873818773,28.88551144,17.48843321,1.009916706,6.746136735,26.83039183,18.40827289,1.27262897,8.55018876
1010,32.97118182,45.51590712,4.192825803,12.682664,32.78915758,43.72539348,4.063218668,14.57875716,30.97872063,41.55793603,4.039228224,17.79268116
1011,33.26166364,33.82569286,2.052318379,11.36186048,31.93550303,31.38586711,2.137377667,12.74273981,30.72514127,30.89097189,2.481055713,15.15708891
1012,32.24895495,21.4850068,1.016260797,7.137213203,30.47700495,18.51115892,0.940986706,7.699126989,29.39359567,19.3023776,1.019371586,9.775218576
1013,17.01721297,14.24654469,0.414910086,2.646920742,16.82060888,13.00669954,0.415826507,3.578446298,15.07032994,12.34550841,0.419775464,4.563804156
1014,26.44783076,25.47023524,1.816882133,8.696186902,25.07590076,22.48084282,1.782032627,9.930638209,24.15640873,22.66088613,1.932746641,12.52104183
1015,24.8664997,31.54559333,3.128661,8.320492182,24.17300045,29.61371,2.942252985,10.02727809,22.50090841,28.80446603,3.022306175,12.61562035
1016,22.02939697,23.73906879,1.862969576,7.555524671,21.18525833,21.53849152,1.816844994,8.864052048,19.77414683,21.54840698,1.919570454,11.06531393
1017,30.91733333,20.00257576,1.050393939,6.363666667,29.26539394,17.46242424,0.943,6.979181818,27.79704762,18.49844444,1.026571429,8.965809524
1018,23.32968606,23.60437741,0.937511645,5.311197993,22.99012015,21.86172589,0.922630079,6.965095001,20.94394968,19.18222554,0.87410021,9.409728202
1019,28.76324318,24.41239189,1.572317312,8.486202974,27.14933106,21.29475098,1.561499767,9.501630203,26.46889762,21.68308198,1.727009216,12.07013243
1020,63.85542985,45.76189495,1.736540864,17.2728452,61.45030561,42.13032526,1.895570394,18.05263652,59.39849794,41.50303757,2.286787619,21.01685312
1101,23.57155531,8.766295647,1.84848324,1.667870111,23.48734188,8.618675955,1.580755981,1.803992735,21.55545013,9.116664381,1.847275455,2.36928724
1102,20.88816123,6.946508167,3.423474894,2.827694333,20.00652324,6.215166636,3.796860591,3.417435212,18.1041769,6.716562349,4.093024254,4.237197365
1103,21.7320728,8.977099742,2.438537532,1.847068335,22.12495311,8.719539621,2.099986368,2.057589768,19.95735042,9.422503889,2.569553495,2.38725866
1104,17.10827792,10.41121241,0.176869519,1.021395805,16.37032991,9.19586315,0.156171525,1.092534432,13.68903927,8.531399808,0.145570974,1.543698359
1105,21.04075744,10.53536814,0.705952109,1.821704561,20.89379346,9.641851273,0.53427618,2.000264174,18.76101548,9.756715143,0.656521737,2.65226881
1106,18.27744748,10.38551833,6.371621288,2.628061112,18.3683896,9.521071061,5.779946409,2.816166143,16.8362919,10.2999473,6.417234413,3.151752697
1107,23.86666065,10.86088623,5.392012879,3.194760267,22.9543457,10.39270229,4.69955303,3.745592312,21.35476912,11.07865129,5.691941619,4.777951359
1108,24.31925055,12.87347132,7.715895606,4.0650875,24.06684645,11.94609314,6.910270606,4.374760162,21.71986646,12.53352329,7.480535556,5.021813603
1201,135.8478167,105.5365839,3.211071147,47.24467136,132.4132712,105.1194021,3.072432202,43.47495454,126.7661254,100.0621038,3.07168383,47.52120345
1202,39.79734091,49.48827258,4.058192621,19.97217781,39.35185606,49.08487712,4.024981928,20.8104669,38.33364286,45.93987127,3.713157687,24.42478095
1203,72.44026818,67.69650621,4.178678068,27.22158071,70.81475303,66.91944561,4.124784659,26.09562586,67.97886825,63.57067317,4.092161738,28.8833444
1204,75.02181515,73.51643152,2.759049565,31.1403985,73.66160303,73.18401182,2.774857445,31.27599774,71.33637778,69.61142508,2.667587317,35.19805743
1205,43.98243636,50.07871045,2.427326792,19.86950032,43.22579848,49.03491045,2.517753282,21.09477764,42.36418571,46.91825381,2.32138623,23.86303075
1206,101.5353833,80.53154045,2.345866641,32.39529712,99.84856515,79.05425106,2.326297823,31.13464515,96.04162381,74.69927889,2.287460106,34.58935365
1207,52.65713939,59.10720561,4.586024194,23.29378535,51.82030606,58.60873591,4.524275103,23.7810602,50.09386032,55.19775508,4.501062568,27.38626737
1208,95.4570303,86.98977106,2.29027025,38.79386083,93.72427273,86.09740742,2.283133475,39.07004755,90.94574603,82.21468079,2.120621278,43.21072417
1209,111.786997,93.62406303,2.262593215,39.7243265,109.4622242,92.23491758,2.235354395,38.45923453,105.1417587,87.53850095,2.172822921,42.5868317
1301,55.91434091,56.85493955,1.610164439,20.59850484,55.60446061,54.34948955,1.518642273,21.68846151,53.70460952,52.68309857,1.513999397,23.76493924
1302,50.05419545,53.1773043,1.630293247,17.84501318,49.42838636,51.27587855,1.686608039,19.54933774,47.77100794,50.1609934,1.677422993,21.89985084
1303,70.16298939,69.98993909,1.447562576,26.30647348,69.40433636,67.40144212,1.497051667,27.96957727,66.7904,65.07989492,1.481256508,30.73610675
1304,37.63899697,45.5652203,2.458304788,15.0603605,37.90445758,43.72813848,2.439694385,16.92187691,36.6955746,42.47081968,2.357673927,18.87535214
1305,55.09995788,58.20537045,1.981267436,22.59781876,54.73681697,56.22536591,1.966498876,23.83750873,52.98426857,54.41852302,1.87235534,26.43990692
1306,38.09208788,45.83561545,3.192217452,17.80660371,38.3819697,44.72468818,3.277130118,19.35542742,37.37893651,43.01054635,3.063518711,21.90320841
1307,46.75554545,54.71245455,2.813666667,19.97963636,46.8459697,52.04309091,2.786727273,21.36993939,45.59498413,50.81860317,2.754730159,23.59628571
1308,41.3533,52.46988182,5.189974848,19.66231885,42.13402727,51.51762424,5.236267227,21.332131,41.2394254,49.60990794,4.991895032,23.9469783
1401,77.10350909,44.95329697,1.276884848,14.35979394,75.12453636,41.61183333,1.109884848,14.85893333,69.90125079,41.52776508,1.479939683,18.24553016
1402,75.56863752,47.14710788,1.055968402,16.57070525,73.2469057,43.56581848,1.039781614,16.83840694,69.63819327,43.03243841,1.277477959,19.9448957
1403,120.5915455,79.24566667,1.53930303,28.03745455,118.524697,75.17212121,1.566515152,27.80312121,112.282127,73.13269841,1.92568254,31.58307937
1404,136.0430312,79.79804333,0.94937546,26.36501418,135.4471767,75.58013424,0.875811591,26.7125863,124.1236152,73.50988587,1.231674446,31.28004347
1405,150.4266566,93.96848938,0.905091788,33.10546431,149.5429142,88.88446817,0.86017298,32.40017206,139.1006879,85.75456713,1.069206517,36.92845567
1406,173.0257547,112.9813564,1.559144061,41.49667164,170.6987395,107.3825504,1.668102924,40.99061755,159.3808065,101.9805797,2.061702262,45.43990343
1501,137.4865021,104.9764701,1.438594718,38.44509376,135.0120097,101.9406079,1.5076408,39.7186835,126.4387244,96.12215911,1.863949827,43.66148966
1502,79.1105197,76.22811705,1.487543485,26.67381106,77.66454545,74.01911705,1.534618409,28.49347508,74.62103175,71.48377341,1.616533095,31.81520881
1503,125.5527333,98.11593851,1.022730848,39.21834078,122.7451939,93.84044911,0.943387739,40.26685137,115.1114571,88.51242764,1.027068084,45.35275722
1504,106.4947859,88.6732808,1.277134342,30.47217625,104.117945,86.29729595,1.3438501,31.82128944,98.65149794,81.975891,1.554765105,35.53581805
1505,83.38825606,73.54669688,1.248557864,30.07253439,82.2071197,70.75006809,1.260371583,31.267573,78.32504603,67.5927507,1.337525052,34.83090675
1506,90.48275485,66.94282121,0.746176166,33.30721745,87.57263061,63.07442273,0.53264481,34.70933488,82.50466063,58.57304603,0.577966104,39.1704768
1507,87.87172879,78.38518571,1.7808129,27.18487629,85.95427273,76.76039177,1.889219097,28.67803572,82.15793651,73.15123106,2.301965102,32.07960684
1508,89.54417273,76.20016979,1.117465359,28.62381284,87.67701667,72.70789858,1.070929714,29.86487254,83.6721127,68.89413819,1.192448763,33.19669157
1509,114.4506515,76.49976684,0.687983677,35.13510575,110.5644864,71.18465472,0.42482541,35.78782477,102.3083667,66.56417955,0.466017092,40.97015043
1601,75.028415,48.44011162,0.382822117,27.35084731,71.96385288,44.7883995,0.373275947,26.50739549,68.32502048,41.24382487,0.402734827,31.17491414
1602,102.6525433,68.73614396,0.620670841,35.97938135,99.41144788,63.68957124,0.400145912,36.58715285,92.28672317,59.02157304,0.45377786,42.24014059
1603,70.49787642,40.44491212,0.192178725,22.00469701,68.67350673,35.78849667,0.165770201,21.16141946,62.89035625,34.12309873,0.243669464,26.99841575
1604,86.20544409,67.77690591,0.811888453,34.85220203,83.76662288,64.28080894,0.840204574,35.28419428,79.53766841,59.92813,0.911691052,39.92090727
1605,68.82123015,42.13670455,0.296331935,24.57638488,66.45855742,38.37809394,0.271449182,23.50040611,63.05245698,35.52631746,0.337250729,28.48764561
1606,99.82480362,59.82025242,0.365487363,30.5643608,96.96941726,53.61663273,0.230942332,30.33620123,88.51234189,49.80006714,0.292879356,36.39620751
1607,85.71429667,58.75321719,0.653400303,30.63238927,82.52318606,55.21696567,0.658718855,29.65161503,78.31208381,50.77260531,0.628140044,34.11923813
1701,155.6842829,81.37296712,1.035918709,22.0581452,155.7093269,76.78670955,1.014783788,24.79948314,139.0209012,74.83969683,1.26560803,29.55850354
1702,147.8322209,73.63150515,0.746615006,26.33778699,147.5591406,68.04030818,0.701746384,27.34659394,131.6350727,67.08370857,0.888489472,32.03055704
1703,118.8581864,44.25374556,0.808241012,16.34855764,120.0387924,40.52580905,0.76265436,19.62196451,103.8473714,40.42104286,0.925177845,24.45400762
1704,147.9200758,87.05089394,1.150606061,24.55780303,147.9274545,83.62930303,1.142151515,27.14627273,132.9030635,81.41493651,1.569063492,31.87839683
1801,66.12048333,13.97085857,0.023080838,10.03642975,62.60682682,11.9043021,0.01474752,9.924583879,56.92932175,12.48279364,0.01522491,12.90593205
1802,58.80221212,12.27113636,0.147598485,6.998856061,54.78155303,10.89310606,0.116424242,7.308393939,49.63329365,11.20550794,0.148801587,9.92502381
1803,76.17199909,22.3341504,0.795317696,9.092879285,72.73250818,19.7495255,0.684834951,9.876907938,64.44741,19.92971481,0.884602353,13.43416195
1804,60.63004517,13.43445246,0.482390653,6.217738128,56.44951441,12.15217911,0.39983585,7.047676025,49.87717287,12.37068765,0.489628665,9.898658127
1805,56.96497727,11.19506818,0.168234848,6.001765152,53.25570455,10.06063636,0.145090909,6.652992424,46.6597619,10.34397619,0.176119048,8.962134921
1806,49.10690536,10.20235366,0.257557635,4.286858061,45.71515491,9.543640598,0.227874862,4.419669408,37.78744038,10.03882504,0.257174205,6.349690371
1807,73.62493909,16.92320158,0.061700696,11.69735041,72.22329582,15.01779408,0.044629771,13.82374749,65.02199562,15.59884555,0.059162459,17.59812839
1808,74.08463076,17.28707122,0.146645223,12.2068757,73.50748509,15.73490232,0.124350591,16.16081224,65.75835581,16.9579376,0.142403524,20.21318092
1809,58.33296929,13.42006863,0.558373047,5.570252015,54.63614398,12.28017525,0.512045925,6.121186111,46.43175037,12.83146624,0.608345894,8.342239175
1901,51.3175303,68.79014242,11.73375303,31.73729394,52.19974242,69.9523697,12.64065152,32.11357576,51.7412381,67.49749841,12.42423651,35.69670159
1903,42.97968939,52.34154424,4.672548182,21.61256706,43.43641667,51.78651394,4.981754636,22.17640994,42.84635714,48.72933206,4.657415175,25.22948302
1904,41.57364242,57.98676212,10.75124364,25.86331061,42.17492424,59.45145909,11.33416606,25.63576667,40.74479365,57.15816349,11.15382429,28.58917937
1906,54.19016667,78.14891364,16.38673636,36.94877879,55.00128788,80.22048939,17.82121061,37.42259242,54.51393651,78.16483016,17.33938254,41.44347302
1907,47.03551515,64.2859197,15.14393697,28.09199182,46.69859091,65.16832879,14.94397636,27.94464636,44.52431746,62.07018571,14.87264714,32.10465603
1908,63.55012121,79.93875303,22.84614545,52.4215303,65.15319697,83.01016212,23.43885909,51.7675303,64.09650794,80.87869365,23.10083333,55.48253968
1909,39.35990909,46.57128788,4.537007576,18.96194697,39.06466667,46.78054545,4.700477273,19.24587879,38.00450794,43.6952381,4.383119048,22.42707143
2001,18.67465303,27.15058636,6.601953939,9.277336364,18.34670758,26.10795303,6.59676303,10.4585,17.13921429,24.05684286,6.763518889,11.44274286
2002,18.43874545,21.69921818,4.531838636,7.515033182,18.11235303,20.53903333,4.500485606,8.562493788,16.66982857,18.32561905,4.630976984,9.778520635
2003,18.36197879,21.96436212,2.929457424,5.682940455,17.95766106,21.00805455,2.990742121,6.421296515,16.45138302,19.17955714,2.944299048,7.024893333
2004,22.01758364,22.94174333,1.308678235,6.800122909,21.76384576,21.22367515,1.279721614,7.840666924,19.97163841,18.17047873,1.34231423,9.672715538
2101,18.60949533,14.68344873,0.315247533,2.418671595,18.36210158,12.89896237,0.289511903,3.160924518,16.41101832,12.01922804,0.294150189,3.879875738
2102,21.80940046,15.2337129,0.265239833,2.436291445,20.87733531,13.33268154,0.244651948,3.102922051,18.78428415,12.16130352,0.282538076,3.946661862
2103,21.54370148,17.42127668,0.819265636,3.743102732,20.77070224,15.4100532,0.662656281,4.752574918,19.23489917,15.45535033,0.781430282,5.747486395
2104,21.57765065,14.98249918,0.39216812,3.282667882,20.470856,12.81329055,0.307819664,4.165098488,18.81002406,12.80553568,0.395229517,5.164281119
2105,20.58862701,16.45809495,0.426875773,3.367674672,19.97863307,14.25333586,0.311527887,4.225270909,18.52853845,13.82405385,0.367383946,5.238042211
2106,21.19552246,18.09383968,0.622231552,3.828857422,20.74806715,16.11520983,0.491861498,4.860421815,18.95829099,15.48110538,0.531277334,5.967283987
2107,25.61471402,22.60781248,0.916405345,4.739990008,24.93198083,20.301264,0.724812173,5.813223965,22.94724659,19.04367133,0.823427241,7.061005757
2108,17.7146585,12.21556266,0.421641857,2.702575913,16.20399608,10.78740114,0.381719613,3.485011283,15.33369716,11.32081469,0.478925566,4.13652228
2109,21.9087938,12.34204621,0.580038716,2.519568761,20.08177914,10.81796076,0.568769992,3.071472836,18.63380783,11.36234365,0.644712536,4.028149314
2110,18.48914029,12.49711511,0.159619456,1.668691511,17.92396252,10.97229995,0.165875404,2.167663152,15.48993375,9.607092808,0.174682171,2.675089081
2202,36.45812062,13.53835724,3.23696805,2.932964452,36.67691336,13.00547633,2.933347398,3.442058471,28.39751749,14.65947346,3.281158794,4.697674544
2203,33.35962338,12.14623359,0.698059197,1.711939405,31.44553755,11.23804131,0.598326455,2.008742092,23.46945346,12.15718471,0.695781823,3.201181319
2205,41.86256674,11.66764192,3.988166736,2.985832848,40.15451159,10.19886536,3.754976307,3.545307635,33.25652325,11.58157881,4.055149576,4.831245363
2206,25.72556435,10.05179709,5.93924097,2.56679042,24.51221407,9.215196742,5.620222015,2.835598171,22.04925312,9.924750238,6.316921889,3.872499862
2207,43.06219848,14.84973848,4.938072347,3.651959011,42.59298455,13.29207197,4.466425241,4.15579427,34.39897746,14.62883619,4.937384044,5.715874092
2208,37.12390424,16.46562212,6.681325773,2.547651621,38.0552273,15.36440894,6.698193333,2.988401045,29.90616543,17.66207349,7.217994619,4.346288556
2209,37.45169115,14.3808414,2.389031359,2.061079437,36.55993905,13.3454072,2.087646571,2.35384355,26.93757725,14.63447198,2.353395431,3.952138878
2301,44.03229394,46.24815318,4.072177385,18.15153588,44.22559697,43.9414153,4.195485041,19.92628694,42.00965714,40.35117476,4.274108583,21.4491463
2302,35.39537727,46.43884848,11.41134712,18.52979773,35.45898333,44.43612121,10.97378652,19.79452348,34.37977619,41.7097,11.46347556,20.94000603
2303,32.60439788,34.06276322,1.780967353,10.60591543,32.52291303,32.31360716,1.977558414,12.26844749,29.71340095,28.72005195,2.070450814,14.04854056
2304,50.63251515,64.82776818,18.83961364,31.28069091,50.40727273,63.59726818,18.81038182,33.0409697,49.16136508,60.55496349,19.27011429,34.37652381
2305,47.25408939,60.52597727,11.48115212,25.95196061,47.62921061,59.16864394,11.7180653,28.16739242,46.10863333,56.41497619,11.91291667,29.90393365
2306,26.34534348,27.08989947,1.107815267,8.1901639,26.12872682,25.09724795,1.241703591,9.451956733,23.66326143,21.47058039,1.28246573,11.1446895
2308,45.96398485,55.74286212,14.52060909,25.41365606,46.37927273,54.71849848,15.09870606,26.74151212,45.35665079,52.75301429,15.51582857,28.48148571
2309,38.29078939,44.22999258,3.764744091,15.50639103,38.79578636,42.12871985,4.071281061,17.72376467,36.57014127,38.99879063,4.18589254,19.54479365
2310,41.61181818,41.40863636,2.270984848,14.69575758,41.83545455,39.19590909,2.595909091,16.75757576,39.11373016,35.4565873,2.700079365,18.51634921
2311,34.53883485,57.1655,28.24299242,26.45248333,34.26924394,56.2495303,27.59501818,28.96555,33.34181111,54.39865079,28.71119683,30.29834921
2312,32.72321212,33.94,1.653969697,10.96830303,32.73439394,31.42663636,1.943151515,12.21224242,30.19161905,27.89038095,2.034349206,13.7795873
2313,36.62422121,40.057875,2.364045965,12.76942483,36.76334545,38.23231742,2.619061723,14.74013468,33.87191746,34.4614119,2.741183567,16.61168937
2315,43.18953939,52.87769197,4.072213742,20.27246197,43.35885758,51.31341924,4.5737845,22.1211403,41.06648571,48.45718524,4.650416825,23.89916286
2401,54.80339394,51.68324697,23.39992879,56.59637273,52.93543788,50.90664091,23.37051818,57.87558333,50.47844286,49.09665556,23.91440952,58.88254762
2402,65.5685,122.1867121,64.11676515,76.15640909,64.72028788,124.3258939,65.16555303,77.12878788,63.60603175,123.5767143,62.66735714,80.45098413
2403,62.62859091,100.4564848,58.41071212,77.49754545,62.07392424,101.4053333,59.38389394,80.22269697,60.76485714,99.13746032,59.29626984,83.36192063
2404,61.80851515,122.1052727,70.00988788,79.00730303,61.16562121,123.9979091,70.92017576,81.52374242,60.3068254,123.610254,69.19700952,85.10214286
2405,38.13740909,47.66785303,21.73815152,33.44436212,37.29443939,46.12785303,21.63335455,34.17581667,37.19531746,42.97881905,21.93449683,35.15523175
2406,53.18110606,70.51693788,30.89737273,38.15075152,52.80614697,68.65974091,30.51066212,39.83321061,52.78485238,63.57855397,30.55540952,40.91063175
2407,64.79606061,98.61181818,56.51469697,81.56484848,64.6269697,99.96318182,58.08166667,84.1019697,63.37047619,96.90492063,58.71365079,87.35126984
2408,50.7544697,51.20245758,22.94774091,47.69503182,48.70398485,49.8907303,23.02615758,48.92333788,46.80244444,47.89644762,23.28095397,50.09570317
2409,40.32298485,52.92498788,20.2343803,27.22591818,39.76565303,51.65248788,19.96374545,28.51535606,39.82220794,47.28055556,20.42238413,29.05972857
2410,65.14559091,84.82626515,37.94654242,54.28130152,63.79445455,84.26738636,37.76304848,54.36256515,62.12265079,80.00448413,36.34162063,56.45802063
2411,54.13334848,71.32741061,28.5896197,39.70093333,53.5945,69.78812273,28.14770152,40.62603636,52.91180952,65.39031905,27.49598095,42.16416508
2501,42.07946061,54.35578485,7.605806061,23.48080303,42.61646061,54.37972424,8.142163636,24.30858788,41.69740317,51.62050476,7.972644444,27.48706032
2502,56.07890909,72.41416515,19.09772121,38.80643182,56.94209091,73.33499848,20.04458636,39.48261515,56.01279365,70.80904603,19.96022222,42.46170794
2503,41.90412273,57.90918636,7.868357879,23.0195303,42.69425909,57.51398939,8.121404394,24.50045773,41.79368413,55.23570317,8.00176,27.55610508
2504,41.07044545,47.22619848,3.349205909,18.8456947,41.10196061,46.21998636,3.833544394,20.12453439,39.03587937,43.37894762,4.027165079,21.92498603
2601,47.71287848,28.58408909,6.776617879,5.603302576,47.89933227,25.58519485,6.708550924,6.356695455,39.31365444,27.92626127,7.214917635,8.168862381
2602,30.44339561,10.6159107,3.357405439,2.192667747,29.78430273,10.16479636,3.115630894,2.337856495,25.89212937,11.45846413,3.379182413,3.248003455
2603,38.85685426,16.18837818,5.618273137,2.83780055,38.13890825,14.90749652,4.343744985,2.994263475,32.18003563,16.35327095,4.778546778,4.332306859
2604,38.89364682,12.77399504,5.297503021,2.683748826,37.93226545,11.70350065,4.756473476,3.00470155,31.81497556,13.23023195,5.28815461,4.044153973
2701,48.58057879,83.35462121,40.10786061,54.66049697,48.74536364,88.32745455,39.44522424,54.24304545,47.93390476,87.41130159,38.42185397,57.46765079
2702,39.98315152,45.09434091,15.11500636,42.17965758,41.08395152,46.32482576,14.69895333,42.26277879,40.50306032,43.81664286,14.28056714,43.12756825
2703,58.21189394,71.45103485,20.35136061,50.05137879,58.85681818,73.90353485,20.61655455,48.45037879,57.54214286,72.23970317,20.32545556,51.68
2704,36.69232576,72.00942424,34.04684242,41.04919545,36.91331818,75.59922727,33.48196364,40.30002121,36.71868254,74.41377778,32.95847302,42.53298571
2706,36.0040303,43.3358197,14.46994409,39.60466061,37.55550152,44.70370758,14.55186848,39.50012121,37.71023968,42.72728095,13.78563968,40.69574921
2707,89.31136364,39.93515152,1.264333333,7.410515152,88.08454545,36.85618182,1.12669697,8.925848485,75.1551746,38.18609524,1.274730159,12.13295238
2708,60.44230455,74.78368182,37.40879545,74.75565455,60.90876061,78.12278788,36.65579697,73.10797273,59.30793968,74.3092381,35.57400476,75.95354286
2709,48.97872727,86.9490303,36.25657576,46.49609091,49.02993939,92.14363636,36.36230303,46.04548485,48.12920635,91.34038095,35.6195873,49.64996825
2710,39.16506515,55.92364242,21.14162576,44.42497727,39.95977273,57.94944545,20.72660152,44.14769545,39.64807937,54.98957778,20.28575238,45.37975079
2801,27.53480076,30.63489136,1.493564982,8.367910561,27.53219167,29.13760045,1.487899505,9.865758848,25.45232143,26.22294016,1.46385283,12.31399421
2903,28.10672697,20.99004674,0.398086381,2.404159366,27.71245955,19.04813765,0.40966461,2.756827019,23.58732921,17.22130611,0.43096611,3.427968718
2911,25.34353992,18.34311482,0.340141612,2.323135839,24.06814856,16.40909815,0.364015876,2.87992364,20.28992389,14.38451711,0.376348876,3.680761989
2912,33.9535053,30.61166197,0.584521008,3.362405217,33.55546106,29.40908621,0.586301665,4.111303478,28.9608719,25.53403794,0.527655923,5.592506155
2921,24.78006517,17.48197065,0.272386966,1.754275224,24.14586046,14.95533474,0.256458402,1.85110868,19.35793286,13.87780513,0.285878079,2.480976259
2926,29.71810667,25.7777747,0.464219529,3.079949162,29.52251552,23.48806258,0.475012062,3.295291341,24.64600816,21.59912111,0.488623562,4.068353437
2930,28.98590588,18.5539355,0.321569892,2.263396975,27.94759406,16.71701353,0.32599682,2.804967157,23.17009187,15.14981878,0.338001566,3.712022638
3004,42.43273939,35.52346576,0.773722386,4.382212214,41.26052939,34.09752788,0.776717985,5.26752235,35.63692286,30.30099587,0.719211699,7.076402917
3005,36.59659545,38.58915242,2.115424852,5.290140494,35.48757879,38.30059182,2.238163531,6.01579257,31.07222381,35.75346603,2.095630996,7.35167354
3006,38.06770667,38.35422212,1.026070603,5.065990192,36.89947182,37.41346152,1.092610919,6.234649071,33.04937524,33.90342635,1.004279381,7.598846086
3007,40.70556818,69.17064636,8.703808136,16.42117758,40.64177273,72.15996455,8.42769147,18.61010788,38.54947302,68.60969302,7.211384714,20.38120698
3008,28.83646212,35.04921485,2.634086877,5.919583515,27.70819955,34.96296939,2.946796483,7.278544576,24.89425984,32.32016476,2.715080332,8.505608937
3013,38.34134394,62.22596818,9.26037803,14.29288258,37.30752424,64.53242273,9.203040152,16.09975833,34.28008095,62.15726825,8.287540476,18.02155159
3014,34.93101818,40.08687394,3.399156788,6.14130593,33.79546818,39.83528303,3.655494685,7.117810091,29.81467619,37.86972825,3.390125083,8.510464365
3015,32.86426788,27.92793591,0.562538788,3.190551864,31.47449167,26.04049955,0.601223658,3.733773517,26.73510714,22.61563127,0.570252237,4.946557594
3016,35.45077273,50.041015,3.628320926,8.434732258,34.97332121,50.78295439,3.697893895,10.30539256,32.60043651,47.81896016,3.397337843,11.6503679
3017,35.89562273,45.26246758,3.838592002,7.566486091,34.51677273,45.30051303,4.143606183,9.003771697,30.94317302,43.37130889,3.918804587,10.67190019
3018,43.47837879,66.27229879,8.408892502,12.85919197,42.23559394,67.59231394,8.809270229,14.83848606,38.49444762,65.82645905,8.49718616,16.76834524
3019,34.55244227,26.45810545,0.285460865,2.729446062,33.58085606,25.23058121,0.30610969,3.217149712,28.26683016,21.77171175,0.273594325,4.708252126
3020,37.20766667,36.72043682,0.598931477,6.501148006,36.06562273,35.88758379,0.667985597,8.235660006,33.02071587,32.70966397,0.589588978,9.588214397
3022,37.04543636,48.94156148,2.402026333,7.187001626,36.18169848,49.92642512,2.410635258,8.357194505,32.99715873,46.75009616,2.135430525,9.754294751
3023,23.73193879,19.98276769,0.622152834,2.72147908,22.75346424,18.80509648,0.87032505,3.584198686,19.86217683,16.84673599,0.863910968,4.419603862
3027,35.42037,28.905648,0.375492635,3.274969159,34.10998379,27.41552073,0.421225726,3.660759553,28.78856873,24.39729029,0.378091303,4.893298098
3028,39.20190455,64.31337394,7.350163424,12.48762356,39.26530758,65.45149515,7.158877833,14.97910508,37.35245556,61.91729651,6.448890603,16.49973463
3031,28.08161288,23.89340376,0.939130044,3.077753211,26.54004288,22.45022648,1.1187048,3.777998892,23.03473222,20.473526,1.059423606,4.862379919
3101,31.62622879,43.99604242,6.552266818,9.782881985,30.73402727,44.70223939,6.496265636,10.86141335,28.41525397,41.95279206,6.080748762,12.19244825
3102,38.17086667,54.58362576,14.81313303,18.55432273,37.55493788,55.59491364,13.87443818,18.93628939,36.54714127,51.77195714,13.09736063,19.74306825
3109,35.1842,60.93276136,14.67434015,16.88557121,34.72077879,62.97860985,13.99538409,17.86664394,33.55625556,60.37994048,12.94027143,19.26833333
3124,27.44230606,38.81799848,6.722292879,11.62521773,27.16325909,38.8851197,6.792615455,12.22174197,25.62023651,36.28837302,6.695640952,12.91849683
3125,38.05621364,53.48300758,13.56548773,19.27278939,37.32718636,54.08996212,13.05803167,20.03393333,36.09162381,50.55321429,12.69598238,20.70095079
3129,34.74762879,60.23369985,11.56992515,13.83407985,34.07643485,62.74760894,11.22645973,15.18083742,31.86618571,60.21966968,10.3133267,17.0324819
